id,clee,nom_estab,raz_social,codigo_act,nombre_act,per_ocu,tipo_vial,nom_vial,tipo_v_e_1,nom_v_e_1,tipo_v_e_2,nom_v_e_2,tipo_v_e_3,nom_v_e_3,numero_ext,letra_ext,edificio,edificio_e,numero_int,letra_int,tipo_asent,nomb_asent,tipoCenCom,nom_CenCom,num_local,cod_postal,cve_ent,entidad,cve_mun,municipio,cve_loc,localidad,ageb,manzana,telefono,correoelec,www,tipoUniEco,latitud,longitud,fecha_alta
8484746,09015713943002281001000000U2,300 GIMNASIO EN FORMACION,NA,713943,Centros de acondicionamiento físico del sector privado,6 a 10 personas,CALLE,MAESTRO ANTONIO CASO,AVENIDA,INSURGENTES CENTRO,CALLE,SADI CARNOT,CALLE,VALENTIN GOMEZ FARIAS,67,NA,NA,NA,NA,NA,COLONIA,SAN RAFAEL,NA,NA,NA,06470,09,Ciudad de México,015,Cuauhtémoc,0001,Cuauhtémoc,0697,003,NA,METAMORFOSISCORPORAL@GMAIL.COM,NA,Fijo,19.43451522,-99.15863739,2019-11
772351,09016713943000111000000000U1,32B GIMNASIO LUPITA TACUBAYA,NA,713943,Centros de acondicionamiento físico del sector privado,0 a 5 personas,CALZADA,DE BECERRA,VIADUCTO,PRESIDENTE MIGUEL ALEMAN,CALLE,HEROES DE 1810,AVENIDA,JALISCO,32,NA,NA,NA,NA,NA,COLONIA,TACUBAYA,NA,NA,NA,11870,09,Ciudad de México,016,Miguel Hidalgo,0001,Miguel Hidalgo,1156,011,NA,NA,NA,Fijo,19.3990662,-99.18804825,2010-07
11008508,09015713943002941000000000U1,360 POLE DANCE,NA,713943,Centros de acondicionamiento físico del sector privado,0 a 5 personas,CALLE,JOAQUIN VELAZQUEZ DE LEON,AVENIDA,RIBERA DE SAN COSME,CALLE,JOAQUIN GARCIA ICAZBALCETA,CALLE,MANUEL MARIA CONTRERAS,144,NA,NA,NA,NA,NA,COLONIA,SAN RAFAEL,NA,NA,NA,06470,09,Ciudad de México,015,Cuauhtémoc,0001,Cuauhtémoc,0678,014,5612023729,NA,NA,Fijo,19.44275186,-99.16480081,2024-11
11191476,09005713943005211000000000U7,5 GYM,NA,713943,Centros de acondicionamiento físico del sector privado,0 a 5 personas,BOULEVARD,TEMOLUCO,CALLE,CALLE DE LA BARRA,CALLE,CALLE DEL ATOLON,CALLE,ACUEDUCTO DE GUADALUPE,56,NA,NA,NA,NA,NA,COLONIA,RESIDENCIAL ACUEDUCTO DE GUADALUPE,NA,NA,NA,07279,09,Ciudad de México,005,Gustavo A. Madero,0001,Gustavo A. Madero,039A,022,5540811293,DINA_FIVE@HOTMAIL.COM,NA,Fijo,19.52227459,-99.14420301,2024-11
916982,09012713943000641000000000U6,7 SEVEN SOCCER,FEDERACION MEXICANA DE FUTBOL 7 Y Y FUTBOL RAPIDO,713943,Centros de acondicionamiento físico del sector privado,0 a 5 personas,CALLE,5 DE MAYO,CERRADA,TERCERA 5 DE MAYO,CALLE,DILIGENCIAS,CARRETERA,FEDERAL MEXICO-CUERNAVACA,207,NA,NA,NA,NA,NA,PUEBLO,SAN PEDRO MÁRTIR,NA,NA,NA,14400,09,Ciudad de México,012,Tlalpan,0001,Tlalpan,2009,022,5558496121,LOSPINOS_FUT7@YAHOO.COM.MX,NA,Fijo,19.25961316,-99.17212372,2014-12
9087199,09012713943002481000000000U5,7-7 FIT CLUB CARDIO,NA,713943,Centros de acondicionamiento físico del sector privado,0 a 5 personas,CALLE,ADOLFO LOPEZ MATEOS,CALLE,LUIS ECHEVERRIA ALVAREZ,CALLE,TORIBIO DE ALCARAZ,CALLE,TORIBIO DE ALCARAZ,NA,SN,NA,NA,NA,NA,COLONIA,MIGUEL HIDALGO TERCERA SECCIÓN,NA,NA,NA,14250,09,Ciudad de México,012,Tlalpan,0001,Tlalpan,2189,002,5520830525,NA,NA,Fijo,19.28462048,-99.20528019,2019-11
10923707,09016713943001652000000000U3,9 ROUND KICKBOXING FITNES,9ROUND KICKBOXING FITNES,713943,Centros de acondicionamiento físico del sector privado,6 a 10 personas,AVENIDA,HOMERO,CALLE,LUIS VIVES,CALLE,JAIME BALMES,AVENIDA,HORACIO,1730,A,NA,NA,NA,NA,COLONIA,POLANCO I SECCIÓN,NA,NA,NA,11510,09,Ciudad de México,016,Miguel Hidalgo,0001,Miguel Hidalgo,0622,004,NA,CONTADO@9ROUND.MX,WWW.9ROUND.MX,Fijo,19.43669841,-99.20981134,2024-11
10162323,09008713943000881000000000U6,9 ROUND KICKBOXING FITNESS,DESARROLLADORA FIT,713943,Centros de acondicionamiento físico del sector privado,0 a 5 personas,AVENIDA,SAN JERONIMO,CERRADA,SAN ANTONIO,CERRADA,EUCALIPTOS,CALLE,RIO CHICO,819,NA,NA,1,NA,NA,COLONIA,SAN JERÓNIMO LÍDICE,CENTRO Y PLAZA COMERCIAL,PLAZA PASAJE SAN JERONIMO,16,10200,09,Ciudad de México,008,La Magdalena Contreras,0001,La Magdalena Contreras,0086,007,NA,CONTACTO@9ROUND.MX,WWW.9ROUND.MX,Fijo,19.32944182,-99.21599187,2024-11
11128076,09015713943003051000000000U8,AAWAKE,NA,713943,Centros de acondicionamiento físico del sector privado,0 a 5 personas,CALLE,COLIMA,CALLE,JALAPA,CALLE,TONALA,CALLE,TABASCO,220,NA,NA,NA,NA,NA,COLONIA,ROMA NORTE,NA,NA,NA,16700,09,Ciudad de México,015,Cuauhtémoc,0001,Cuauhtémoc,1002,014,NA,NA,NA,Fijo,19.41917453,-99.16268519,2024-11
714415,09007713943003621000000000U5,ABC GIMNASIO,ALEXANDER BAEZ,713943,Centros de acondicionamiento físico del sector privado,0 a 5 personas,CALLE,2DA PRIVADA ERMITA IZTAPALAPA,CALLE,PASTORES,CALLE,ARROYO TLALOC,CALLE,ARROYO TLALOC,49,NA,NA,NA,NA,NA,COLONIA,AMPLIACIÓN RICARDO FLORES MAGÓN,NA,NA,NA,09820,09,Ciudad de México,007,Iztapalapa,0001,Iztapalapa,3740,031,NA,NA,NA,Fijo,19.35157766,-99.10106193,2014-12
7756158,09015713943002363000000000U8,ACADEMIA CENTRAL BONE BREAKERS,NA,713943,Centros de acondicionamiento físico del sector privado,11 a 30 personas,CALLE,NEZAHUALCOYOTL,AVENIDA,JOSE MARIA PINO SUAREZ,CALLE,20 DE NOVIEMBRE,AVENIDA,JOSE MARIA IZAZAGA,186,NA,NA,NA,200,NA,COLONIA,CENTRO,NA,NA,NA,06010,09,Ciudad de México,015,Cuauhtémoc,0001,Cuauhtémoc,0964,009,5512862956,NA,WWW.BONEBREAKERSMMA.COM,Fijo,19.42504101,-99.13404012,2019-11
10035758,09002713943001451000000000U0,ACADEMIA DE BAILE,ACADEMIA DE BAILE,713943,Centros de acondicionamiento físico del sector privado,0 a 5 personas,AVENIDA,AVENIDA DE LAS GRANJAS,CALLE,AQUILES ELORDUY,CALLE,SALONICA,CALLE,NORTE 75,NA,SN,NA,NA,NA,NA,COLONIA,JARDÍN AZPEITIA,NA,NA,NA,02530,09,Ciudad de México,002,Azcapotzalco,0001,Azcapotzalco,0519,024,NA,NA,NA,Fijo,19.4716443,-99.17560333,2024-11
10694452,09005713943004821000000000U4,ACADEMIA DE BAILE STEP SOUL,NA,713943,Centros de acondicionamiento físico del sector privado,0 a 5 personas,AVENIDA,CAMINO A SAN JUAN DE ARAGON,CALLE,CERRADA JUAN FRANCISCO,CALLE,PUERTO SAN BLAS,CALLE,CENTRAL,67,NA,NA,NA,NA,NA,COLONIA,EL OLIVO,NA,NA,NA,07920,09,Ciudad de México,005,Gustavo A. Madero,0001,Gustavo A. Madero,1951,016,5513574392,NA,NA,Fijo,19.47438136,-99.08575086,2024-11
11515919,09010713943002331000000000U6,ACADEMIA DE POLE DANCE POLE BONNY DANCE,NA,713943,Centros de acondicionamiento físico del sector privado,0 a 5 personas,CALLE,RAFAEL CHECA,CERRADA,PRIMERA RAFAEL CHECA,CALLE,CALLEJON DEL CARMEN,CALLE,CALLEJON DEL CARMEN,13,NA,NA,NA,NA,NA,PUEBLO,SANTA ROSA XOCHIAC,NA,NA,NA,01830,09,Ciudad de México,010,Álvaro Obregón,0001,Álvaro Obregón,135A,017,5576094070,NA,NA,Fijo,19.32825944,-99.28094736,2024-11
812127,09006812110000921000000000U0,ACADEMIA DE ZUMBA,NA,713943,Centros de acondicionamiento físico del sector privado,0 a 5 personas,CALLE,ORIENTE 245,AVENIDA,SUR 8,CALLE,SUR 8-D,CALLE,ORIENTE 243-B,143,NA,NA,NA,NA,NA,COLONIA,AGRÍCOLA ORIENTAL,NA,NA,NA,08500,09,Ciudad de México,006,Iztacalco,0001,Iztacalco,033A,004,5555581462,NA,NA,Fijo,19.39889117,-99.06974475,2010-07
849582,09012713943001321000000000U4,ACADEMIA FITNES DANCE,NA,713943,Centros de acondicionamiento físico del sector privado,0 a 5 personas,CALLE,HALACHO,CALLE,KANTUNIL,CALLE,KOPOMA,CALLE,TIXKOKOB,2,MZ 148 LT 2,NA,NA,NA,NA,COLONIA,PEDREGAL DE SAN NICOLÁS TERCERA SECCIÓN,NA,NA,NA,14100,09,Ciudad de México,012,Tlalpan,0001,Tlalpan,0515,024,NA,NA,NA,Fijo,19.28662014,-99.23571108,2014-12
11509244,09007713943007691000000000U4,ACADEMIA NEW YORK,NA,713943,Centros de acondicionamiento físico del sector privado,0 a 5 personas,CALLE,HIGUERILLA PALMAR,CALLE,OYAMEL,CALLE,BAMBU,CALLE,BAMBU,NA,SN,NA,NA,NA,NA,COLONIA,SANTIAGO ACAHUALTEPEC SEGUNDA AMPLIACIÓN,NA,NA,NA,09609,09,Ciudad de México,007,Iztapalapa,0001,Iztapalapa,2738,013,NA,NA,NA,Fijo,19.34366571,-99.00840123,2024-11
11745039,09007713943008161000000000U7,ACERO GYM CASA DE CAMPEONES,ACERO GYM CASA DE CAMPEONES,713943,Centros de acondicionamiento físico del sector privado,0 a 5 personas,AVENIDA,GUELATAO,CALLE,Luis González Obregón,CALLE,Diego Rivera,CALLE,Ricardo Flores Magón,2,MZ 16,NA,NA,NA,NA,COLONIA,SANTA MARÍA AZTAHUACAN,NA,NA,NA,09570,09,Ciudad de México,007,Iztapalapa,0001,Iztapalapa,1087,044,NA,NA,NA,Fijo,19.36406073,-99.04011278,2025-04
941819,09013713943001221000000000U4,ACONDICIONAMIENTO FISICO SANTIAGO SPORT,NA,713943,Centros de acondicionamiento físico del sector privado,0 a 5 personas,CALLE,CUAUHTEMOC,CALLE,AQUILES SERDAN,CALLE,LIBERTAD,CALLE,SOCRATES,266,NA,NA,NA,NA,NA,PUEBLO,SANTIAGO TEPALCATLALPAN,NA,NA,NA,16200,09,Ciudad de México,013,Xochimilco,0001,Xochimilco,0372,003,NA,NA,NA,Fijo,19.24746901,-99.12356394,2014-12
825473,09007713943002311000000000U4,ACONDICIONAMIENTO FISICO Y ZUMBA SIN NOMBRE,NA,713943,Centros de acondicionamiento físico del sector privado,0 a 5 personas,AVENIDA,HERMINIO CHAVARRIA,AVENIDA,20 DE NOVIEMBRE,CALLE,NARCISO MENDOZA,CALLE,EMILIANO ZAPATA,545,G,NA,NA,NA,NA,COLONIA,SANTA MARÍA AZTAHUACAN,NA,NA,NA,09570,09,Ciudad de México,007,Iztapalapa,0001,Iztapalapa,1091,014,5519399712,NA,NA,Fijo,19.35568485,-99.03081993,2014-12
7727821,09007713943005461000000000U4,ACONDICIONAMIENTO FISICO-SALA DE ZUMBA,ISABEL PEREZ,713943,Centros de acondicionamiento físico del sector privado,0 a 5 personas,CALLE,MARCOS LOPEZ JIMENEZ,CALLE,CUTBERTO AROCHE,CERRADA,MARCOS LOPEZ JIMENEZ,CALLE,JOSE DE LA LUZ BLANCO,16,LOTE 16 MZ 187,NA,NA,NA,NA,COLONIA,SANTA MARTHA ACATITLA NORTE,NA,NA,NA,09140,09,Ciudad de México,007,Iztapalapa,0001,Iztapalapa,0623,007,5515783550,NA,NA,Fijo,19.3795579,-99.01444487,2019-11
11670048,09011713943002321000000000U5,ACONDICIONAMMIENTO FISICO JUMPWHITHE POWER,NA,713943,Centros de acondicionamiento físico del sector privado,0 a 5 personas,OTRO(ESPECIFIQUE),NINGUNO,AVENIDA,LANGOSTA,CALLE,GABRIELA MISTRAL,AVENIDA,CANAL DE CHALCO,NA,SN,UH NUEVA TENOCHTITLAN,1,13,NA,UNIDAD HABITACIONAL,VILLA CENTROAMERICANA,NA,NA,NA,13728,09,Ciudad de México,011,Tláhuac,0001,Tláhuac,1075,040,5620621124,NA,NA,Fijo,19.28133588,-99.05851705,2024-11
11795104,09014713943002412000000000U6,ACRO ESPACIO POLE DANCE STUDIO,NA,713943,Centros de acondicionamiento físico del sector privado,6 a 10 personas,AVENIDA,DOCTOR JOSÉ MARÍA VÉRTIZ,CALLE,Matías Romero,AVENIDA,Cuicuilco,CALLE,Monte Albán,1204,PB,NA,NA,NA,NA,COLONIA,LETRÁN VALLE,NA,NA,NA,03650,09,Ciudad de México,014,Benito Juárez,0001,Benito Juárez,0632,033,5530052381,ANTICUARIO@GMAIL.COM,NA,Fijo,19.37705086,-99.15355034,2025-04
7627229,09012713943002201000000000U7,ACSENDUM GIMNASIO DE ESCALADA,JAIME RODRIGUEZ,713943,Centros de acondicionamiento físico del sector privado,0 a 5 personas,CALLE,AVENIDA PROLONGACION CANAL DE MIRAMONTES,CALLE,LA ROSA,CALLE,LAZARO CARDENAS,CALLE,LA ROSA,15,NA,NA,NA,NA,NA,COLONIA,SAN BARTOLO EL CHICO,NA,NA,NA,14380,09,Ciudad de México,012,Tlalpan,0001,Tlalpan,1000,002,5581195378,NA,NA,Fijo,19.28590938,-99.130205,2019-11
9863833,09012713943003101000000000U8,ACTIVE 24,ACTIVE 24,713943,Centros de acondicionamiento físico del sector privado,0 a 5 personas,AVENIDA,INSURGENTES SUR,CALLE,CAMINO A SANTA TERESA,PRIVADA,INSURGENTES SUR,CALLE,NINGUNO,3655,NA,NA,19,NA,NA,COLONIA,PARQUE NACIONAL BOSQUE DEL PEDREGAL,EDIFICIO COMERCIAL Y DE SERVICIOS,ESPACIO SUR PLAZA,14,14260,09,Ciudad de México,012,Tlalpan,0001,Tlalpan,0360,011,5578390369,NA,NA,Fijo,19.29529656,-99.18430947,2024-11
10900502,09014713943002161000000000U9,ACTIVE 24,ACTIVE 24,713943,Centros de acondicionamiento físico del sector privado,0 a 5 personas,EJE VIAL,2 PONIENTE GABRIEL MANCERA,CALLE,MIGUEL LAURENT,CALLE,SAN LORENZO,CALLE,AMORES,1359,NA,NA,NA,NA,NA,COLONIA,DEL VALLE SUR,NA,NA,NA,03100,09,Ciudad de México,014,Benito Juárez,0001,Benito Juárez,0740,002,NA,NA,NA,Fijo,19.37366853,-99.16745301,2024-11
956789,09014713943000712002000000U1,ACTIVE 24 FITNESS,ACTIVE 24 FITNESS,713943,Centros de acondicionamiento físico del sector privado,0 a 5 personas,CALLE,LA MORENA,CALLE,ANAXAGORAS,CALLE,PITAGORAS,EJE VIAL,4 SUR (XOLA),811,NA,NA,NA,204,NA,COLONIA,NARVARTE PONIENTE,NA,NA,NA,03020,09,Ciudad de México,014,Benito Juárez,0001,Benito Juárez,0064,003,NA,VENTAS.ACTIVE24@GMAIL.COM,NA,Fijo,19.39812688,-99.15696265,2010-07
9604030,09015713943002833000000000U0,ACTIVE FIRNESS,RUTINAS FUNCIONALES INTEGRADAS,713943,Centros de acondicionamiento físico del sector privado,11 a 30 personas,EJE VIAL,2 NORTE MANUEL GONZALEZ,CALLE,PROLONGACION LERDO,CALLE,ZOLTAN KODALY,CALLE,INGLATERRA,95,NA,NA,17,NA,C,COLONIA,SAN SIMÓN TOLNAHUAC,CENTRO Y PLAZA COMERCIAL,PUERTA TLATELOLCO,001,06920,09,Ciudad de México,015,Cuauhtémoc,0001,Cuauhtémoc,0080,026,NA,NA,NA,Fijo,19.45581119,-99.14210459,2024-11
6757835,09007713943004061002000000U3,ACTIVE FITNESS,GIMNASIO ACTIVO,713943,Centros de acondicionamiento físico del sector privado,6 a 10 personas,EJE VIAL,7 SUR MUNICIPIO LIBRE,CALLE,CASCADA,CALLE,SUR 69,EJE VIAL,7-A SUR (ORIENTE 172),83,NA,NA,17,NA,NA,COLONIA,BANJIDAL,CENTRO Y PLAZA COMERCIAL,PLAZA CASCADA,26,09450,09,Ciudad de México,007,Iztapalapa,0001,Iztapalapa,0642,015,NA,ACTIVEFITNESSPCS@HOTMAIL.COM,WWW.ACTIVEFITNESS.COM.MX,Fijo,19.36702376,-99.13672246,2016-10
8228321,09002713943001062001000000U5,ACTIVE FITNESS,ACTIVE FITNESS,713943,Centros de acondicionamiento físico del sector privado,0 a 5 personas,AVENIDA,AQUILES SERDAN,CALLE,CAMINO A NEXTENGO,CALLE,5 DE FEBRERO,AVENIDA,FERROCARRILES NACIONALES,400,NA,NA,18,NA,NA,COLONIA,NEXTENGO,CENTRO Y PLAZA COMERCIAL,PLAZA PABELLON AZCAPOTZALCO,210,02070,09,Ciudad de México,002,Azcapotzalco,0001,Azcapotzalco,0472,017,NA,NA,WWW.ACTIVEFITNESS.MX,Fijo,19.47316128,-99.18941528,2019-11
855887,09012713943001231000000000U5,ACTIVIDADES,JORGE GALVEZ ORTUÑO SA DE CV,713943,Centros de acondicionamiento físico del sector privado,0 a 5 personas,CALLE,JESUS LECUONA,CALLE,FERNANDO BELTRAN Y PUGA,CALLE,JOSE MARIA ANAYA,CALLE,VENUSTIANO CARRANZA,NA,SN,NA,NA,NA,NA,COLONIA,MIGUEL HIDALGO SEGUNDA SECCIÓN,NA,NA,NA,14250,09,Ciudad de México,012,Tlalpan,0001,Tlalpan,0888,001,NA,NA,NA,Fijo,19.28468701,-99.19903517,2010-07
7705865,09008713943000651000000000U3,ACTIVIDADES DEPORTIVAS,NA,713943,Centros de acondicionamiento físico del sector privado,0 a 5 personas,CALLE,LUIS ECHEVERRIA ALVAREZ,CALLE,CORONA DEL ROSAL,PRIVADA,LEA,AVENIDA,LUIS CABRERA,131,NA,NA,NA,NA,NA,COLONIA,LA MALINCHE,NA,NA,NA,10010,09,Ciudad de México,008,La Magdalena Contreras,0001,La Magdalena Contreras,0141,033,NA,NA,NA,Fijo,19.32500352,-99.24673789,2019-11
7705860,09008713943000641000000000U4,ACTIVIDADES DEPORTIVAS SIN NOMBRE,NA,713943,Centros de acondicionamiento físico del sector privado,0 a 5 personas,AVENIDA,MIGUEL HIDALGO,AVENIDA,PIRULES,CERRADA,MIGUEL HIDALGO,CERRADA,LOPEZ VELARDE,8,NA,NA,NA,NA,NA,COLONIA,EL TANQUE,NA,NA,NA,10320,09,Ciudad de México,008,La Magdalena Contreras,0001,La Magdalena Contreras,0090,001,5513028600,NA,NA,Fijo,19.32544914,-99.247816,2019-11
10412164,09005713943004672000000000U1,ACTIVIDADES EAD,NA,713943,Centros de acondicionamiento físico del sector privado,6 a 10 personas,CALLE,AGUSTIN LARA,CALLE,MIGUEL LERDO DE TEJADA,CALLE,NINGUNO,CALLE,TATA NACHO,9,MZ78,NA,NA,NA,NA,CIUDAD,COMPOSITORES MEXICANOS,NA,NA,NA,07130,09,Ciudad de México,005,Gustavo A. Madero,0001,Gustavo A. Madero,3252,014,5624211326,NA,NA,Fijo,19.56339604,-99.13987641,2024-11
11643664,09014713943002343000000000U3,ADAMANT FITNESS AND WELLNESS CLUB,NA,713943,Centros de acondicionamiento físico del sector privado,11 a 30 personas,AVENIDA,DIAGONAL SAN ANTONIO,CALLE,XOCHICALCO,CALLE,UXMAL,EJE VIAL,4 SUR (XOLA),1429,NA,NA,NA,NA,NA,COLONIA,NARVARTE PONIENTE,NA,NA,NA,03020,09,Ciudad de México,014,Benito Juárez,0001,Benito Juárez,0083,010,5521376942,CONTACTO@ADMNT.MX,WWW.ADMNT.MX,Fijo,19.396847,-99.15415558,2024-11
725877,09007713944000101001000000U9,ADMIMINISTRACION DEL DEPORTIVO REFORMA AGRARIA,ALCALDIA IZTAPALAPA,713944,Centros de acondicionamiento físico del sector público,6 a 10 personas,CERRADA,BANDERA,CALLE,BANDERA (CAMPO REFORMA),CALLE,NINGUNO,CALLE,NINGUNO,NA,SN,NA,NA,NA,NA,BARRIO,SAN ANDRÉS TOMATLAN,NA,NA,NA,09070,09,Ciudad de México,007,Iztapalapa,0001,Iztapalapa,1852,022,NA,NA,NA,Fijo,19.32866365,-99.10410223,2014-12
7400730,09016713944000091000000000U3,ADMINISTRACION BAJO PUENTE,ALCALDIA MIGUEL HIDALGO,713944,Centros de acondicionamiento físico del sector público,0 a 5 personas,CALLE,CALZADA MEXICO TACUBA,CALLE,AQUILES SERDAN,AVENIDA,AQUILES SERDAN,CALLE,AQUILES SERDAN,NA,SN,NA,NA,NA,NA,COLONIA,SAN DIEGO OCOYOACAC,NA,NA,NA,01150,09,Ciudad de México,016,Miguel Hidalgo,0001,Miguel Hidalgo,0054,024,NA,NA,NA,Fijo,19.46109977,-99.19059513,2019-11
805217,09005931610000051001000000U3,ADMINISTRACION DE DEPORTIVO GERTRUDIS SANCHEZ,GOBIERNO DE LA CIUDAD DE MEXICO,713944,Centros de acondicionamiento físico del sector público,0 a 5 personas,CALLE,NORTE 94,EJE VIAL,3 NORTE (ANGEL ALBINO CORZO-ORIENTE 101),EJE VIAL,4 NORTE (AVENIDA TALISMAN),AVENIDA,GRAN CANAL,NA,SN,NA,NA,NA,NA,COLONIA,GERTRUDIS SÁNCHEZ SEGUNDA SECCIÓN,NA,NA,NA,07839,09,Ciudad de México,005,Gustavo A. Madero,0001,Gustavo A. Madero,2112,004,NA,NA,NA,Fijo,19.4626676,-99.09783771,2010-07
1046883,09011713941000101011000000U7,ADMINISTRACION DEL DEPORTIVO,CLUBS DEPORTIVOS DE ZAPOTITLAN,713944,Centros de acondicionamiento físico del sector público,6 a 10 personas,AVENIDA,TLAHUAC,CALLE,EMILIO LAURENT,CALLE,SEBASTIAN TREJO,CALLE,AGUSTIN CAMARENA,NA,SN,NA,NA,NA,NA,COLONIA,SANTIAGO SUR,NA,NA,NA,13360,09,Ciudad de México,011,Tláhuac,0001,Tláhuac,0113,014,NA,NA,NA,Fijo,19.29640492,-99.03496732,2010-07
10429768,09007713944000362000000000U7,ADMINISTRACION DEPORTIVO SAN SEBASTIAN TECOLOXTITLAN,DEPORTIVO SAN SEBASTIAN,713944,Centros de acondicionamiento físico del sector público,6 a 10 personas,CALLE,MARCOS N MENDEZ,CALLE,FEDERICO GONZALEZ,CALLE,MANUEL GANDARA,CALLE,PEDRO ACEVES,NA,SN,NA,NA,NA,NA,COLONIA,SANTA MARTHA ACATITLA SUR,NA,NA,NA,09520,09,Ciudad de México,007,Iztapalapa,0001,Iztapalapa,0835,018,NA,NA,NA,Fijo,19.36378574,-99.01822324,2024-11
639534,09017931210000221022000000U6,ADMINISTRADOR DEL CENTRO SOCIAL Y DEPORTIVO PRESIDENTE PLUTARCO ELIAS CALLE,ESCUELA DEL DEPORTE PUBLICO ALBERCAS,713944,Centros de acondicionamiento físico del sector público,31 a 50 personas,CALLE,COBRE,CALLE,EL CATORCE,EJE VIAL,2 ORIENTE (HONORABLE CONGRESO DE LA UNION),CALLE,PLATINO,200,NA,NA,NA,NA,NA,COLONIA,POPULAR RASTRO,NA,NA,NA,15220,09,Ciudad de México,017,Venustiano Carranza,0001,Venustiano Carranza,0032,007,NA,NA,NA,Fijo,19.45301713,-99.11872728,2010-07
11647435,09003713943002701000000000U5,AERO DANCE,NA,713943,Centros de acondicionamiento físico del sector privado,0 a 5 personas,CALLE,ANACAHUITA,CALLE,AILE,CALLE,GUAMUCHIL,CALLE,ZIHUATLAN,534,NA,NA,NA,NA,NA,COLONIA,PEDREGAL DE SANTO DOMINGO,NA,NA,NA,04369,09,Ciudad de México,003,Coyoacán,0001,Coyoacán,079A,023,5570720930,NA,NA,Fijo,19.31858362,-99.17148401,2024-11
844340,09007713943002601000000000U8,AEROBICS Y ZOOMBA STAR FITNESS,NA,713943,Centros de acondicionamiento físico del sector privado,0 a 5 personas,CALLE,CERRO DEL MIRADOR,CALLE,VERDE,CALLE,ESTRELLA,AVENIDA,DE LAS TORRES,1,NA,NA,NA,NA,NA,COLONIA,BUENAVISTA,NA,NA,NA,09700,09,Ciudad de México,007,Iztapalapa,0001,Iztapalapa,4109,025,NA,NA,NA,Fijo,19.32557619,-99.02750188,2014-12
10869648,09007713943007201000000000U2,AEROZUMBA LUPITA S FIT,NA,713943,Centros de acondicionamiento físico del sector privado,0 a 5 personas,CALLE,VILLA FRATI,CALLE,VILLA DEL REY,CALLE,ROSARIO,CALLE,VILLA FRUENA,NA,SN,NA,NA,NA,NA,COLONIA,DESARROLLO URBANO QUETZALCOATL,NA,NA,NA,09700,09,Ciudad de México,007,Iztapalapa,0001,Iztapalapa,3204,015,5584237234,NA,NA,Fijo,19.33034699,-99.03789195,2024-11
10695598,09005713943004722000000000U4,AGAETRA FITNESS,NA,713943,Centros de acondicionamiento físico del sector privado,6 a 10 personas,AVENIDA,LEON DE LOS ALDAMA,CALLE,16 DE SEPTIEMBRE,CALLE,GUADALUPE VICTORIA,CALLE,INDEPENDENCIA,NA,SN,NA,NA,NA,NA,COLONIA,SAN FELIPE DE JESÚS,NA,NA,NA,07520,09,Ciudad de México,005,Gustavo A. Madero,0001,Gustavo A. Madero,103A,027,NA,NA,NA,Fijo,19.49666782,-99.07745652,2024-11
10612530,09005713943004931000000000U1,AJNA ESTUDIOS,NA,713943,Centros de acondicionamiento físico del sector privado,0 a 5 personas,CALLE,28 A,AVENIDA,1-A,EJE VIAL,1 PONIENTE (CALZADA VALLEJO),CALLE,26-A,6,NA,NA,NA,1,NA,COLONIA,SANTA ROSA,NA,NA,NA,07620,09,Ciudad de México,005,Gustavo A. Madero,0001,Gustavo A. Madero,0421,021,NA,NA,NA,Fijo,19.5253704,-99.1679812,2024-11
10768959,09006713943001501000000000U3,AK FITNESS,NA,713943,Centros de acondicionamiento físico del sector privado,0 a 5 personas,AVENIDA,PRESIDENTE PLUTARCO ELIAS CALLES,CALLE,PLAYA ERIZO,CALLE,PLAYA COLORADA,CALLE,PLAYA LANGOSTA,1086,NA,NA,NA,NA,NA,COLONIA,REFORMA IZTACCIHUATL NORTE,NA,NA,NA,08810,09,Ciudad de México,006,Iztacalco,0001,Iztacalco,0876,016,5574903441,NA,NA,Fijo,19.38627207,-99.13325695,2024-11
7254455,09014713943001301000000000U2,AKA FITNESS,HUGO ECHEVERRIA,713943,Centros de acondicionamiento físico del sector privado,0 a 5 personas,CIRCUITO,INTERIOR AVENIDA PATRIOTISMO,CALLE,BOTTICELLI,CALLE,BERRUGUETE,CALLE,WATTEAU,604,NA,NA,NA,1,NA,COLONIA,SANTA MARÍA NONOALCO,NA,NA,NA,03700,09,Ciudad de México,014,Benito Juárez,0001,Benito Juárez,0558,002,5562533342,AKAFITNESS@HOTMAIL.COM,NA,Fijo,19.38272523,-99.18410553,2019-11
894816,09015713943001022000000000U1,AKSYSTEMS,NA,713943,Centros de acondicionamiento físico del sector privado,6 a 10 personas,EJE VIAL,2 PONIENTE FLORENCIA,CALLE,LIVERPOOL,CALLE,LONDRES,CALLE,VARSOVIA,51,NA,NA,NA,NA,NA,COLONIA,JUÁREZ,NA,NA,NA,06600,09,Ciudad de México,015,Cuauhtémoc,0001,Cuauhtémoc,095A,018,5555338599,NA,NA,Fijo,19.42419658,-99.16633834,2014-12
9660600,09004713943001022000000000U5,AKT DACE MEXICO,BOUTIQUE X FITNESS ESTUDIO,713943,Centros de acondicionamiento físico del sector privado,6 a 10 personas,AVENIDA,SANTA FE,AVENIDA,LUIS BARRAGAN,AVENIDA,SANTA FE,AVENIDA,LUIS BARRAGAN,546,NA,NA,NA,NA,LOCAL 6,COLONIA,SANTA FE CUAJIMALPA,NA,NA,NA,05300,09,Ciudad de México,004,Cuajimalpa de Morelos,0001,Cuajimalpa de Morelos,0369,098,NA,GERENCIA@THEAKT.MX,WWW.THEAKT.MX,Fijo,19.35682904,-99.27488943,2024-11
10146840,09002713943001423000000000U9,AL GYM,DESARROLLADORA EVOLUTION,713943,Centros de acondicionamiento físico del sector privado,11 a 30 personas,AVENIDA,AZCAPOTZALCO,EJE VIAL,3 NORTE (16 DE SEPTIEMBRE),CALLE,LIBERTAD,CALLE,CERRADA LIBERTAD,527,NA,NA,1,NA,NA,COLONIA,CENTRO DE AZCAPOTZALCO,CENTRO Y PLAZA COMERCIAL,PLAZA AZCAPOTZALCO,15,02000,09,Ciudad de México,002,Azcapotzalco,0001,Azcapotzalco,0472,013,5655540552,NA,NA,Fijo,19.47823698,-99.1870027,2024-11
10422861,09006713944000313000000000U2,ALBERCA SEMI OLIMPICA CAMPAMENTO 02 DE OCTUBRE,ALCALDIA IZTACALCO,713944,Centros de acondicionamiento físico del sector público,11 a 30 personas,CALLE,VALENTIN GOMEZ FARIAS,CALLE,IGNACIO MARISCAL,ANDADOR,LEON GUZMAN,CALLE,GUILLERMO PRIETO,NA,SN,NA,NA,NA,NA,COLONIA,CAMPAMENTO DOS DE OCTUBRE,NA,NA,NA,08930,09,Ciudad de México,006,Iztacalco,0001,Iztacalco,0804,001,NA,NA,NA,Fijo,19.38348453,-99.11662028,2024-11
9527537,09009713944000121000000000U3,ALBERCA VILLA MILPA ALTA,ALCALDIA MILPA ALTA,713944,Centros de acondicionamiento físico del sector público,0 a 5 personas,CALLE,TLAXCALA,CALLE,NINGUNO,CALLE,TLAXCALA NORTE,CALLE,SINALOA NORTE,NA,SN,NA,NA,NA,NA,PUEBLO,VILLA MILPA ALTA,NA,NA,NA,12000,09,Ciudad de México,009,Milpa Alta,0001,Villa Milpa Alta,0492,004,NA,NA,NA,Fijo,19.20033839,-99.02937704,2024-11
7761667,09015713943002101010000000U2,ALESI POLE DANCE ACADEMY,NA,713943,Centros de acondicionamiento físico del sector privado,0 a 5 personas,CALLE,ISABEL LA CATOLICA,CALLE,TACUBA,CALLE,5 DE MAYO,CALLE,PALMA,14,NA,NA,19,NA,NA,COLONIA,CENTRO,EDIFICIO COMERCIAL Y DE SERVICIOS,ISABELA,304,06010,09,Ciudad de México,015,Cuauhtémoc,0001,Cuauhtémoc,0771,019,NA,NA,NA,Fijo,19.43470517,-99.13599435,2019-11
7594834,09012713943002291000000000U8,ALL STARS SPINING,NA,713943,Centros de acondicionamiento físico del sector privado,0 a 5 personas,CALLE,CASIMIRO CHOWELL,AVENIDA,ALFREDO DE LA HUERTA,CALLE,GUADALUPE VICTORIA,CALLE,MELCHOR DAVILA,149,NA,NA,NA,NA,NA,COLONIA,MIGUEL HIDALGO SEGUNDA SECCIÓN,NA,NA,NA,14250,09,Ciudad de México,012,Tlalpan,0001,Tlalpan,0888,021,5571493722,NA,NA,Fijo,19.28107986,-99.20072317,2019-11
10330641,09006713943001541000000000U9,ALTUM PILATES REFORMER CLASES DE PILATES,NA,713943,Centros de acondicionamiento físico del sector privado,0 a 5 personas,CALLE,PLAYA MANZANILLO,CALLE,PLAYA ENCANTADA,CALLE,ANDADOR SUR,AVENIDA,AMACUZAC,528,NA,NA,NA,1,NA,COLONIA,MILITAR MARTE,NA,NA,NA,08830,09,Ciudad de México,006,Iztacalco,0001,Iztacalco,0965,018,7293464096,NA,NA,Fijo,19.37875278,-99.12757081,2024-11
912782,09012713943001181000000000U2,AMBESA FITNESS,NA,713943,Centros de acondicionamiento físico del sector privado,0 a 5 personas,CALLE,AYUNTAMIENTO,CERRADA,CERRADA DE LAS PALMAS,CALLE,SOR JUANA INES DE LA CRUZ,PRIVADA,IZTACCIHUATL,117,NA,NA,NA,1,A,COLONIA,LA LONJA,NA,NA,NA,14260,09,Ciudad de México,012,Tlalpan,0001,Tlalpan,0360,002,5552152390,NA,NA,Fijo,19.29046997,-99.17887689,2014-12
7153351,09005713944000233001000000U4,AMPLIACION DEL MODULO DE PARTICIPACION CIUDADANA DE GAM 14,GOBIERNO DE LA CIUDAD DE MEXICO,713944,Centros de acondicionamiento físico del sector público,6 a 10 personas,CALLE,GUINEAS,CALLE,CAIRO,CIRCUITO,INTERIOR (AVENIDA RIO CONSULADO),CALLE,GUINEAS,NA,SN,NA,NA,NA,NA,COLONIA,FERNANDO CASAS ALEMÁN,NA,NA,NA,07960,09,Ciudad de México,005,Gustavo A. Madero,0001,Gustavo A. Madero,2305,009,NA,NA,NA,Fijo,19.45126668,-99.09703023,2019-11
909178,09003713944000051002000000U5,ANEXO A DEL DEPORTIVO FRANCISCO J MUJICA,GOBIERNO DEL DITRITO FEDERAL,713944,Centros de acondicionamiento físico del sector público,0 a 5 personas,CALLE,CANDELARIA PEREZ,CALZADA,CALZADA DE LAS BOMBAS,CALLE,NINGUNO,AVENIDA,CANAL NACIONAL,NA,SN,NA,NA,NA,NA,UNIDAD HABITACIONAL,CULHUACÁN CTM SECCIÓN IX-B,NA,NA,NA,04909,09,Ciudad de México,003,Coyoacán,0001,Coyoacán,1463,021,NA,NA,NA,Fijo,19.31361823,-99.10082788,2014-12
10191349,09007713943008041000000000U1,ANIMAL GYM,NA,713943,Centros de acondicionamiento físico del sector privado,0 a 5 personas,CALLE,LUCHA REYES,PRIVADA,PRIMERA DE LUCHA REYES,CALLE,MARIO MORENO CANTINFLAS,CALLE,MIGUEL ACEVES MEJIA,NA,SN,NA,NA,NA,NA,COLONIA,AMPLIACIÓN EMILIANO ZAPATA,NA,NA,NA,09638,09,Ciudad de México,007,Iztapalapa,0001,Iztapalapa,5041,011,NA,NA,NA,Fijo,19.33755818,-98.97821943,2024-11
720820,09007713943003441000000000U8,ANIMAL GYM,NA,713943,Centros de acondicionamiento físico del sector privado,0 a 5 personas,CALLE,MIGUEL HIDALGO,CALLE,JUAN DE LA BARRERA,CALLE,FERROCARRIL SAN RAFAEL ATLIXCO,AVENIDA,JALISCO,35,NA,NA,NA,NA,NA,COLONIA,GUADALUPE DEL MORAL,NA,NA,NA,09300,09,Ciudad de México,007,Iztapalapa,0001,Iztapalapa,0553,001,NA,NA,NA,Fijo,19.37088751,-99.07519864,2014-12
792729,09006461160003181010000000U7,ANIMAL GYM,AARON MARTINEZ,713943,Centros de acondicionamiento físico del sector privado,0 a 5 personas,CALLE,MELCHOR OCAMPO,CALLE,VALENTIN GOMEZ FARIAS,CALLE,GUILLERMO PRIETO,CALLE,JOSE MARIA DEL CASTILLO,35,NA,NA,NA,NA,NA,COLONIA,CAMPAMENTO DOS DE OCTUBRE,NA,NA,NA,08930,09,Ciudad de México,006,Iztacalco,0001,Iztacalco,0804,022,NA,NA,NA,Fijo,19.38396564,-99.11728201,2014-12
8443140,09003713943001672001000000U9,ANIMAL MOVE GYM,PENTAGONO STC,713943,Centros de acondicionamiento físico del sector privado,11 a 30 personas,EJE VIAL,10 SUR AVENIDA SAN JERONIMO,AVENIDA,REVOLUCION,AVENIDA,CIUDAD UNIVERSITARIA,AVENIDA,CIUDAD UNIVERSITARIA,240,NA,NA,1,NA,NA,COLONIA,LA OTRA BANDA,PASAJE Y ANDADOR COMERCIAL,VILLA POLINESIA,240,01090,09,Ciudad de México,003,Coyoacán,0001,Coyoacán,0770,014,NA,NA,WWW.ANIMALMOVE.COM.MX,Fijo,19.33475606,-99.19879406,2019-11
9795940,09007713943007851000000000U4,ANTAR FIT,NA,713943,Centros de acondicionamiento físico del sector privado,0 a 5 personas,CALLE,LISBOA,CALLE,LISBOA,CALLE,CNOP,CALLE,OAXACA,10,MZ 354,NA,NA,NA,NA,COLONIA,MIGUEL DE LA MADRID HURTADO,NA,NA,NA,09698,09,Ciudad de México,007,Iztapalapa,0001,Iztapalapa,3115,047,NA,NA,NA,Fijo,19.33969825,-99.0011651,2024-11
722925,09007713943002991002000000U3,ANTRO FITNESS,ANTRO FITNESS,713943,Centros de acondicionamiento físico del sector privado,0 a 5 personas,AVENIDA,BENITO JUAREZ,CALLE,GENERAL ABELARDO L. RODRIGUEZ,CALLE,PASCUAL ORTIZ RUBIO,CALLE,ADOLFO LOPEZ MATEOS,1,NA,NA,NA,3,MZ,COLONIA,PRESIDENTES DE MÉXICO,NA,NA,NA,09740,09,Ciudad de México,007,Iztapalapa,0001,Iztapalapa,5018,017,5523222331,NA,NA,Fijo,19.33396467,-99.05951374,2014-12
10914326,09012713943003232000000000U1,ANY TIME FITNESS,REGAL RENT A CARA,713943,Centros de acondicionamiento físico del sector privado,6 a 10 personas,CALLE,CALZADA DE LOS TENORIOS,CALLE,ALFALFARES,CERRADA,TENORIOS,EJE VIAL,3 ORIENTE (AVENIDA CAFETALES),281,NA,NA,18,11,NA,COLONIA,MAGISTERIAL COAPA,CENTRO Y PLAZA COMERCIAL,VIA TENORIOS,SN,14325,09,Ciudad de México,012,Tlalpan,0001,Tlalpan,0498,013,5541409049,COAPA.CDMX@ANYTIMEFITNESS.COM.MX,NA,Fijo,19.29275445,-99.11692326,2024-11
10152480,09003713943002452000000000U5,ANYTIME FITNESS,NA,713943,Centros de acondicionamiento físico del sector privado,6 a 10 personas,PERIFERICO,BOULEVARD ADOLFO RUIZ CORTINES,CALLE,CIMA,CALLE,LADERA,CALLE,CAMINO A SANTA TERESA,4268,NA,ACORA PEDREGAL,18,NA,NA,RESIDENCIAL,JARDINES DEL PEDREGAL DE SAN ÁNGEL,CENTRO Y PLAZA COMERCIAL,PLAZA PEDREGAL,10,04500,09,Ciudad de México,003,Coyoacán,0001,Coyoacán,1105,023,NA,CONTACTO@ANYTIMEFITNESS.COM.MX,WWW.ANYTIMEFITNESS.COM.MX,Fijo,19.30544469,-99.20317606,2024-11
8584021,09003713943001863001000000U4,ANYTIME FITNESS,NA,713943,Centros de acondicionamiento físico del sector privado,6 a 10 personas,EJE VIAL,1 ORIENTE AVENIDA CANAL DE MIRAMONTES,CALLE,TENIENTE JOSE AZUETA ABAD,CALLE,CAPITAN DE FRAGATA PEDRO SAINZ DE BARANDA,EJE VIAL,1 ORIENTE (AVENIDA CANAL DE MIRAMONTES),2600,NA,NA,NA,3046,NA,ZONA COMERCIAL,LOS CIPRESES,NA,NA,NA,04830,09,Ciudad de México,003,Coyoacán,0001,Coyoacán,086A,017,5516571396,MIRONTESDF@ANYTIMEFITNESS.COM.MX,ANYMEFITNESS.COM.MX,Fijo,19.32107947,-99.13265487,2019-11
9428177,09007713943006432001000000U4,ANYTIMEFITNESS,NA,713943,Centros de acondicionamiento físico del sector privado,11 a 30 personas,AVENIDA,TLAHUAC,CALLE,AGUJAS,PERIFERICO,CANAL DE GARAY,CALLE,MORELOS,4749,NA,NA,NA,NA,NA,COLONIA,EL VERGEL,NA,NA,NA,09880,09,Ciudad de México,007,Iztapalapa,0001,Iztapalapa,1960,004,NA,TLAHUAC.MX@ANITIMEFINES.COM.MX,NA,Fijo,19.31962616,-99.08166569,2023-11
10105595,09015713943002742000000000U3,ANYTIMESFITNESS,FITNESS AND FUN,713943,Centros de acondicionamiento físico del sector privado,6 a 10 personas,CALLE,MANUEL MARIA CONTRERAS,CALZADA,MANUEL VILLALONGIN,CALLE,JAMES SULLIVAN,CALLE,RIO AMOY,133,NA,NA,NA,NA,NA,COLONIA,CUAUHTÉMOC,NA,NA,NA,06470,09,Ciudad de México,015,Cuauhtémoc,0001,Cuauhtémoc,0790,013,NA,FFCUAU@GMAIL.COM,NA,Fijo,19.43440209,-99.16612529,2024-11
10459581,09007713943006742000000000U6,APEIRON CROSS TRAINING,NA,713943,Centros de acondicionamiento físico del sector privado,6 a 10 personas,EJE VIAL,2 ORIENTE CALZADA DE LA VIGA,CALLE,ALFONSO TORO,AVENIDA,AGUSTIN YAÑEZ,CALLE,SUR 95-B,1572,A,NA,NA,NA,NA,COLONIA,SECTOR POPULAR,NA,NA,NA,09060,09,Ciudad de México,007,Iztapalapa,0001,Iztapalapa,0676,018,NA,NA,NA,Fijo,19.36760462,-99.12217589,2024-11
952211,09014611621000493001000000U8,AQUAKIDS,NA,713943,Centros de acondicionamiento físico del sector privado,6 a 10 personas,CALLE,HERIBERTO FRIAS,EJE VIAL,7 SUR (FELIX CUEVAS),CALLE,SAN LORENZO,CALLE,JUAN SANCHEZ AZCONA,1517,NA,NA,NA,NA,NA,COLONIA,DEL VALLE SUR,NA,NA,NA,03100,09,Ciudad de México,014,Benito Juárez,0001,Benito Juárez,0755,003,5514580041,AQUAKIDS552@GMAIL.COM,NA,Fijo,19.3714823,-99.16485819,2010-07
747266,09017713943000573000000000U0,AQUATIK SPORT CENTER,ACTITUD Y DEPORTES,713943,Centros de acondicionamiento físico del sector privado,31 a 50 personas,CALLE,RETORNO 11 DE IGANCIO ZARAGOZA,CALLE,JESUS GALINDO Y VILLA,CALLE,RETORNO 11 CALZADA GENERAL IGNACIO ZARAGOZA,CALZADA,GENERAL IGNACIO ZARAGOZA,32,NA,NA,NA,NA,NA,COLONIA,JARDÍN BALBUENA,NA,NA,NA,15900,09,Ciudad de México,017,Venustiano Carranza,0001,Venustiano Carranza,0992,012,5520350435,INFO@AQUATIKSC.COM,WWW.ACUATIKSC.COM,Fijo,19.42102825,-99.09985156,2010-07
832384,09007713943000261000000000U3,AQUILES GYM,ULISES CANCINA,713943,Centros de acondicionamiento físico del sector privado,0 a 5 personas,CALLE,LICENCIADO BRAULIO MALDONADO,CERRADA,JOSE MARIA,CALLE,FRANCISCO MARTINEZ,CALLE,JESUS GARIBAY,NA,SN,NA,NA,65,NA,COLONIA,CONSEJO AGRARISTA MEXICANO,NA,NA,NA,09740,09,Ciudad de México,007,Iztapalapa,0001,Iztapalapa,3026,004,NA,NA,NA,Fijo,19.32818187,-99.0578967,2010-07
10257911,09005713943004541000000000U8,AR CARDIO,NA,713943,Centros de acondicionamiento físico del sector privado,0 a 5 personas,CALLE,28,CALLE,21,CALLE,22,CALLE,28,106,NA,NA,NA,NA,NA,COLONIA,PROGRESO NACIONAL,NA,NA,NA,07600,09,Ciudad de México,005,Gustavo A. Madero,0001,Gustavo A. Madero,0455,001,5536577974,NA,NA,Fijo,19.51903213,-99.15476907,2024-11
10158937,09005713943004501000000000U2,ARA-FIT,NA,713943,Centros de acondicionamiento físico del sector privado,0 a 5 personas,CALLE,INDEPENDENCIA,CALLE,PRIMERO DE MAYO,CALLE,GUADALUPE VICTORIA,AVENIDA,LEON DE LOS ALDAMA,3395,NA,NA,NA,NA,NA,COLONIA,SAN FELIPE DE JESÚS,NA,NA,NA,07520,09,Ciudad de México,005,Gustavo A. Madero,0001,Gustavo A. Madero,103A,028,5531978312,NA,NA,Fijo,19.49544448,-99.07884075,2024-11
10939570,09005713943004551000000000U7,ARENA BOULDER,NA,713943,Centros de acondicionamiento físico del sector privado,0 a 5 personas,EJE VIAL,5 NORTE MONTEVIDEO,CALLE,6 DE OCTUBRE,CALLE,SANTA BARBARA,CALLE,MORA,604,NA,NA,NA,NA,NA,COLONIA,SAN BARTOLO ATEPEHUACAN,NA,NA,NA,07730,09,Ciudad de México,005,Gustavo A. Madero,0001,Gustavo A. Madero,1082,017,NA,NA,NA,Fijo,19.49283792,-99.14416379,2024-11
742247,09017713943000781001000000U9,ARENAL SPORT,NA,713943,Centros de acondicionamiento físico del sector privado,6 a 10 personas,CALLE,MOCTEZUMA,CALLE,NEZAHUALCOYOTL,CALLE,CIRCUNVALACION,CALLE,QUETZALCOATL,8,NA,NA,NA,NA,NA,COLONIA,ARENAL PRIMERA SECCIÓN,NA,NA,NA,15600,09,Ciudad de México,017,Venustiano Carranza,0001,Venustiano Carranza,0812,020,NA,NA,NA,Fijo,19.42439897,-99.0654534,2010-07
897832,09015713943000561000000000U9,ARMONIA Y MOVIMIENTO,NA,713943,Centros de acondicionamiento físico del sector privado,0 a 5 personas,CALLE,DOCTOR ILDELFONSO VELASCO,CALLE,DOCTOR MANUEL CARMONA Y VALLE,EJE VIAL,1 PONIENTE (AVENIDA CUAUHTEMOC),CALLE,DOCTOR J  NAVARRO,193,NA,NA,19,NA,NA,COLONIA,DOCTORES,EDIFICIO COMERCIAL Y DE SERVICIOS,DOCTOR VELASCO 193,PB,06720,09,Ciudad de México,015,Cuauhtémoc,0001,Cuauhtémoc,1549,046,NA,AEMGYM@GMAIL.COM,NA,Fijo,19.41977298,-99.15365476,2010-07
9532537,09007713943007451000000000U3,ARNOLD GYM,NA,713943,Centros de acondicionamiento físico del sector privado,0 a 5 personas,CALLE,CAMINO A LAS CABRAS,CALLE,CALLEJON CABRAS,CALLE,CALLE DE CABRAS,CALLE,CALLEJON CABRAS,11,MZ 42,NA,NA,NA,NA,COLONIA,XALPA,NA,NA,NA,09640,09,Ciudad de México,007,Iztapalapa,0001,Iztapalapa,3257,043,7222814857,NA,NA,Fijo,19.3301785,-99.01547099,2024-11
8257210,09007713943005121000000000U4,ARNOLD GYM,NA,713943,Centros de acondicionamiento físico del sector privado,0 a 5 personas,AVENIDA,DEL ARBOL,CALLE,LAZARO CARDENAS,CALLE,BENITEZ,CALLE,PALMILLAS,NA,SN,NA,NA,NA,NA,COLONIA,CONSEJO AGRARISTA MEXICANO,NA,NA,NA,09760,09,Ciudad de México,007,Iztapalapa,0001,Iztapalapa,5060,029,5562436333,GASVENE03@GMAIL.COM,NA,Fijo,19.32308788,-99.05218593,2019-11
784418,09007713943003132002000000U3,ARNOLDS FITNESS CENTER GYM,NA,713943,Centros de acondicionamiento físico del sector privado,6 a 10 personas,CALLE,FERROCARRIL SAN RAFAEL ATLIXCO,CALLE,MIGUEL HIDALGO,CALLE,JUAN DE LA BARRERA,CALLE,JUAN ESCUTIA,NA,SN,NA,NA,NA,NA,COLONIA,GUADALUPE DEL MORAL,NA,NA,NA,09300,09,Ciudad de México,007,Iztapalapa,0001,Iztapalapa,0553,007,NA,NA,NA,Fijo,19.37120646,-99.07475343,2010-07
9055752,09015713943002301000000000U8,ARNOLS GYM,NA,713943,Centros de acondicionamiento físico del sector privado,0 a 5 personas,AVENIDA,DOCTOR RIO DE LA LOZA,EJE VIAL,CENTRAL (LAZARO CARDENAS),CALLE,DOCTOR VALENZUELA,AVENIDA,ARCOS DE BELEN,33,NA,EDIFICIO SIN NOMBRE,17,1,NA,COLONIA,DOCTORES,NA,NA,NA,06720,09,Ciudad de México,015,Cuauhtémoc,0001,Cuauhtémoc,0875,028,NA,NA,NA,Fijo,19.42488535,-99.14284916,2019-11
7713899,09005713943003193001000000U9,ARNOLS GYM,ARNOLS GYM,713943,Centros de acondicionamiento físico del sector privado,6 a 10 personas,CALZADA,CALZADA DE GUADALUPE,CALLE,NEZAHUALCOYOTL,CALLE,MALINTZIN,CALLE,AQUILES SERDAN,661,NA,NA,NA,NA,NA,COLONIA,ARAGÓN LA VILLA,NA,NA,NA,07000,09,Ciudad de México,005,Gustavo A. Madero,0001,Gustavo A. Madero,1434,023,NA,ARNOLSGYM2024@GMAIL.COM,NA,Fijo,19.47968202,-99.11901714,2019-11
7713872,09005713943003182001000000U2,ARNOLS GYM,NA,713943,Centros de acondicionamiento físico del sector privado,11 a 30 personas,AVENIDA,FERROCARRIL HIDALGO,CALLE,ORIENTE 153,EJE VIAL,5 NORTE (CALZADA SAN JUAN DE ARAGON),CALLE,ATZACOALCO,NA,SN,NA,NA,NA,NA,COLONIA,CONSTITUCIÓN DE LA REPÚBLICA,NA,NA,NA,07050,09,Ciudad de México,005,Gustavo A. Madero,0001,Gustavo A. Madero,1468,001,NA,GABY.JONAS547@GMAIL.COM,WWW.ARNOLSCARRERA.COM,Fijo,19.48721193,-99.10228369,2019-11
8268895,09006713943001022001000000U0,ART FITNES,NA,713943,Centros de acondicionamiento físico del sector privado,0 a 5 personas,CALLE,2,PRIVADA,MICTLAN,AVENIDA,TEXCOCO,CALLE,3,NA,SN,NA,NA,NA,NA,COLONIA,AGRÍCOLA PANTITLAN,NA,NA,NA,08100,09,Ciudad de México,006,Iztacalco,0001,Iztacalco,0043,010,NA,NA,NA,Fijo,19.41819291,-99.06602101,2019-11
9533379,09015713943002751000000000U4,ARTE DANCE,ARIANA ESPINOZA,713943,Centros de acondicionamiento físico del sector privado,0 a 5 personas,CALLE,DOCTOR C LICEAGA,AVENIDA,DOCTOR JOSE MARIA VERTIZ,CALLE,DOCTOR MIGUEL FRANCISCO JIMENEZ,CALLE,CLAUDIO BERNARD,96,NA,NA,NA,NA,NA,COLONIA,DOCTORES,NA,NA,NA,06720,09,Ciudad de México,015,Cuauhtémoc,0001,Cuauhtémoc,1036,005,NA,NA,NA,Fijo,19.42190583,-99.14791724,2024-11
9732564,09015713943002921000000000U3,ARTE DANCE,ADRIANA ESPINOZA,713943,Centros de acondicionamiento físico del sector privado,0 a 5 personas,CALLE,DOCTOR C LICEAGA,AVENIDA,DOCTOR JOSE MARIA VERTIZ,CALLE,DOCTOR MIGUEL FRANCISCO JIMENEZ,CALLE,CLAUDIO BERNARD,96,A,NA,NA,NA,NA,COLONIA,DOCTORES,NA,NA,NA,06720,09,Ciudad de México,015,Cuauhtémoc,0001,Cuauhtémoc,1036,005,NA,NA,NA,Fijo,19.42191074,-99.14796536,2024-11
8671021,09007713943005681000000000U7,ARTHURS GYM,ARTHURS GYM,713943,Centros de acondicionamiento físico del sector privado,0 a 5 personas,CALLE,RAMOS MILLAN,CERRADA,5 DE MAYO,CALLE,CHABACANO,CALLE,LIRIO,NA,SN,NA,NA,NA,MZ536 LT 1,COLONIA,SAN MIGUEL TEOTONGO SECCIÓN MERCEDES,NA,NA,NA,9630,09,Ciudad de México,007,Iztapalapa,0001,Iztapalapa,2649,024,5564395420,NORPAVILLALBA@GMAIL.COM,ARTHURS-GYM.COM,Fijo,19.35028467,-98.99435619,2019-11
9441183,09002711111000021010000000U8,ARTISTICA & FITNESS POINT,NA,713943,Centros de acondicionamiento físico del sector privado,0 a 5 personas,CALLE,NORTE 89 A,CALLE,MENPHIS,CALLE,HELIOPOLIS,CALLE,NUBIA,24,NA,NA,NA,NA,NA,COLONIA,CLAVERÍA,NA,NA,NA,02080,09,Ciudad de México,002,Azcapotzalco,0001,Azcapotzalco,0699,022,5518462524,NA,NA,Fijo,19.46851028,-99.18249598,2023-11
10268212,09002713943001481000000000U7,ARUKA,NA,713943,Centros de acondicionamiento físico del sector privado,0 a 5 personas,AVENIDA,AQUILES SERDAN,CALLE,ZEMPOALTECAS,CALLE,TOTONACAS,CALLE,LACANDONES NORTE,NA,SN,NA,NA,NA,NA,COLONIA,TEZOZOMOC,NA,NA,NA,02459,09,Ciudad de México,002,Azcapotzalco,0001,Azcapotzalco,0260,020,NA,NA,NA,Fijo,19.49130719,-99.19612867,2024-11
8442642,09003713943001612001000000U5,ASF FUNTIONAL TRAINING,ANGEL,713943,Centros de acondicionamiento físico del sector privado,0 a 5 personas,CALLE,CORAS,CALLE,MOCTECUZOMA,CALLE,REY HUEMAN,CALLE,NAHUATLACAS,297,NA,NA,NA,NA,NA,COLONIA,AJUSCO,NA,NA,NA,04300,09,Ciudad de México,003,Coyoacán,0001,Coyoacán,0817,010,5543898002,NA,NA,Fijo,19.31573758,-99.16049414,2019-11
11129828,09012713943003092000000000U9,ASIO CORPS,GIMNASIO CORPS,713943,Centros de acondicionamiento físico del sector privado,6 a 10 personas,CALLE,JESUS LECUONA,CALLE,GALEANA,CALLE,JOSE MARIA ANAYA,CALLE,CARLOS LAZO,NA,SN,NA,NA,NA,NA,COLONIA,MIGUEL HIDALGO SEGUNDA SECCIÓN,NA,NA,NA,14250,09,Ciudad de México,012,Tlalpan,0001,Tlalpan,0888,009,NA,NA,NA,Fijo,19.28489815,-99.1986208,2024-11
774154,09016611621000272001000000U6,ASTRO CITY,NA,713943,Centros de acondicionamiento físico del sector privado,0 a 5 personas,CALLE,GOBERNADOR AGUSTIN VICENTE EGUIA,CALLE,GOBERNADOR JOAQUIN A. PEREZ,CALLE,GENERAL JUAN CANO,CALLE,GOBERNADOR GENERAL JOSE MORAN,18,NA,NA,NA,NA,NA,COLONIA,SAN MIGUEL CHAPULTEPEC I SECCIÓN,NA,NA,NA,11850,09,Ciudad de México,016,Miguel Hidalgo,0001,Miguel Hidalgo,1160,002,5585489709,NA,NA,Fijo,19.40785876,-99.18573551,2010-07
1008389,09003713943000271002000000U1,ATHENAS GYM,ATHENAS GYM,713943,Centros de acondicionamiento físico del sector privado,0 a 5 personas,CALLE,SAN BENITO,CALLE,SAN RAUL,CALLE,SAN GONZALO,CALLE,SAN GABRIEL,593,20 178,NA,NA,NA,NA,COLONIA,PEDREGAL DE SANTA ÚRSULA,NA,NA,NA,04600,09,Ciudad de México,003,Coyoacán,0001,Coyoacán,0982,012,NA,NA,NA,Fijo,19.31204863,-99.15170445,2010-07
10411926,09003713943002471000000000U5,ATHLETES GYM,NA,713943,Centros de acondicionamiento físico del sector privado,0 a 5 personas,CALLE,MEXICO 1968,OTRO(ESPECIFIQUE),NINGUNO,CALLE,ATENAS 1906,OTRO(ESPECIFIQUE),NINGUNO,141,NA,NA,18,6,NA,COLONIA,OLÍMPICA,EDIFICIO COMERCIAL Y DE SERVICIOS,TORRE C OLIMPICA,SN,04710,09,Ciudad de México,003,Coyoacán,0001,Coyoacán,1590,035,5513432084,ATHLETESMX@GMAIL.COM,WWW.BAECON.AI,Fijo,19.30730866,-99.17083902,2024-11
915715,09012713943000971000000000U7,ATLANTA GYM,NA,713943,Centros de acondicionamiento físico del sector privado,0 a 5 personas,CALLE,TEPEXIMILPA,CALLE,CAMINO A LA MESA,CALLE,TEPETL,CALLE,CHANTEPEC,19,MZ B LT 19,NA,NA,NA,NA,COLONIA,MESA DE LOS HORNOS,NA,NA,NA,14426,09,Ciudad de México,012,Tlalpan,0001,Tlalpan,2225,017,NA,NA,NA,Fijo,19.276082,-99.18711987,2014-12
7255779,09014713943001371001000000U5,ATLAS GRAPPING MEXICO,NA,713943,Centros de acondicionamiento físico del sector privado,6 a 10 personas,EJE VIAL,4 SUR XOLA,CALLE,PITAGORAS,CALLE,PESTALOZZI,AVENIDA,DIAGONAL SAN ANTONIO,1113,B,NA,NA,NA,F,COLONIA,NARVARTE PONIENTE,NA,NA,NA,03020,09,Ciudad de México,014,Benito Juárez,0001,Benito Juárez,0064,016,5512567002,NA,WWW.ATASGRAPPINGMEXICO.COM,Fijo,19.39591183,-99.15779216,2019-11
719865,09007713943001632000000000U4,ATLETHA S GYM,NA,713943,Centros de acondicionamiento físico del sector privado,6 a 10 personas,EJE VIAL,4 SUR PROLONGACION PLUTARCO ELIAS CALLES,CALLE,PLAZA DE LA PAJA,CALLE,PLAZA DE TENEXPA,OTRO(ESPECIFIQUE),AREA VERDE,1,NA,NA,NA,NA,NA,COLONIA,DOCTOR ALFONSO ORTIZ TIRADO,NA,NA,NA,09020,09,Ciudad de México,007,Iztapalapa,0001,Iztapalapa,2390,013,NA,NA,NA,Fijo,19.38622641,-99.07927816,2010-07
11463635,09015713943003091000000000U4,ATMA YOGA & ENERGY STUDIO,NA,713943,Centros de acondicionamiento físico del sector privado,0 a 5 personas,EJE VIAL,2 SUR AVENIDA YUCATAN,CALLE,QUERETARO,CALLE,ZACATECAS,EJE VIAL,3 PONIENTE (MEDELLIN),69,NA,NA,NA,NA,NA,COLONIA,ROMA NORTE,NA,NA,NA,06700,09,Ciudad de México,015,Cuauhtémoc,0001,Cuauhtémoc,1214,015,5538429572,NA,NA,Fijo,19.41462789,-99.16405276,2024-11
939067,09013713943001062011000000U2,AULA ANEXA A LA COORDINACION DE ACTIVIDADES MULTIPLES PAPO,PUEBLO DE SAN LUIS TLAXIALTEMALCO,713944,Centros de acondicionamiento físico del sector público,0 a 5 personas,CALLE,ANTIGUO CAMINO XOCHIMILCO TULYEHUALCO,CALLE,CALVARIO,CERRADA,PRIMERA DE 5 DE MAYO,CALLE,ACUEDUCTO,2,NA,NA,NA,NA,NA,PUEBLO,SAN LUIS TLAXIALTEMALCO,NA,NA,NA,16610,09,Ciudad de México,013,Xochimilco,0001,Xochimilco,0692,007,NA,NA,NA,Fijo,19.25755318,-99.03540332,2014-12
11685655,09007713943006971000000000U1,AUSTRIA GYM,NA,713943,Centros de acondicionamiento físico del sector privado,0 a 5 personas,CALLE,BATALLA DE LOMA ALTA,CALLE,23 DE JULIO DE 1859,CALLE,12 DE JULIO DE 1859,EJE VIAL,M. BUENDIA 5 SUR (LEYES DE REFORMA),1293,B,NA,NA,NA,NA,COLONIA,LEYES DE REFORMA TERCERA SECCIÓN,NA,NA,NA,09310,09,Ciudad de México,007,Iztapalapa,0001,Iztapalapa,0407,009,6391095792,NA,NA,Fijo,19.379958040000002,-99.0745002,2024-11
10262966,09016713943001701000000000U8,AUTHENTIC PILATES MEXICO,NA,713943,Centros de acondicionamiento físico del sector privado,0 a 5 personas,AVENIDA,CAMPOS ELISEOS,CALLE,SOCRATES,CALLE,LUCIO ANNEO SENECA,CALLE,CHARLES DICKENS,413,NA,NA,NA,NA,A,COLONIA,POLANCO II SECCIÓN,NA,NA,NA,11530,09,Ciudad de México,016,Miguel Hidalgo,0001,Miguel Hidalgo,0745,005,NA,INFO@QUTHENTICPILATESMEXICO.COM,WWW.AUTHENTICPILATESMEXICO.COM,Fijo,19.42995427,-99.20353663,2024-11
9441235,09013713943001883000000000U1,AXO CLIMB,AXO CLIMB,713943,Centros de acondicionamiento físico del sector privado,11 a 30 personas,CALLE,REDENCION,CALLE,GARGOLAS,CALLE,CALLE DEL PUENTE,CALLE,TEJA,71,NA,NA,NA,NA,NA,COLONIA,JARDINES DEL SUR,NA,NA,NA,16058,09,Ciudad de México,013,Xochimilco,0001,Xochimilco,0315,015,NA,NA,NA,Fijo,19.25611085,-99.11253514,2023-11
10724982,09002713943001471000000000U8,AYARI STUDIO,ENRIQUE PALACIOS,713943,Centros de acondicionamiento físico del sector privado,0 a 5 personas,CALLE,PALESTINA,CALLE,SALONICA,CALLE,HELIOPOLIS,CALLE,NUBIA,142,NA,NA,NA,NA,NA,COLONIA,CLAVERÍA,NA,NA,NA,02080,09,Ciudad de México,002,Azcapotzalco,0001,Azcapotzalco,0699,021,NA,NA,NA,Fijo,19.46893436,-99.18189757,2024-11
648967,09002713943000372000000000U9,AZCAPO GYM,NA,713943,Centros de acondicionamiento físico del sector privado,6 a 10 personas,CALLE,BELISARIO DOMINGUEZ,CALLE,MINERVA,CALLE,ESPERANZA,AVENIDA,22 DE FEBRERO,201,NA,NA,NA,NA,NA,COLONIA,CENTRO DE AZCAPOTZALCO,NA,NA,NA,02000,09,Ciudad de México,002,Azcapotzalco,0001,Azcapotzalco,0311,007,NA,NA,NA,Fijo,19.48200783,-99.18414306,2010-07
10137942,09002713943001431000000000U2,AZCAPOTZALCO GYM,NA,713943,Centros de acondicionamiento físico del sector privado,0 a 5 personas,CALLE,RAYON,CALLE,TEPANECAS,CALLE,ESPERANZA,CALLE,BELISARIO DOMINGUEZ,7,BIS,PRIMER NIVEL,17,NA,NA,COLONIA,CENTRO DE AZCAPOTZALCO,NA,NA,NA,02000,09,Ciudad de México,002,Azcapotzalco,0001,Azcapotzalco,0311,008,NA,NA,NA,Fijo,19.48164002,-99.18539708,2024-11
10669881,09003713943002681000000000U9,AZTEC WARRIOR,NA,713943,Centros de acondicionamiento físico del sector privado,0 a 5 personas,CALZADA,CALZADA DE LAS BOMBAS,AVENIDA,DIVISION DEL NORTE,CERRADA,NINGUNO,CALLE,NARCISOS (MAR DE LAS LLUVIAS),35,PISO 3,NA,NA,2,B,COLONIA,EL PARQUE DE COYOACÁN,NA,NA,NA,04980,09,Ciudad de México,003,Coyoacán,0001,Coyoacán,1675,022,5528781420,NA,NA,Fijo,19.30928582,-99.13135377,2024-11
10973422,09005713943004963000000000U4,AZTECA CROSSFIT,NA,713943,Centros de acondicionamiento físico del sector privado,11 a 30 personas,AVENIDA,CONSTITUCION DE LA REPUBLICA,CALLE,LEON,CALLE,VOLCAN TRONADOR,AVENIDA,VOLCAN IZTACCIHUATL,221,NA,EDIFICIO SIN NOMBRE,18,11,SA,COLONIA,LA PRADERA,CENTRO Y PLAZA COMERCIAL,PUERTA ARAGON,SA 11,07500,09,Ciudad de México,005,Gustavo A. Madero,0001,Gustavo A. Madero,1716,006,5585742404,NA,CLUBDEPORTIVOAZTECA.COM.MX,Fijo,19.48014404,-99.06501588,2024-11
8138608,09007713943006001000000000U7,AZTECA GYM,NA,713943,Centros de acondicionamiento físico del sector privado,0 a 5 personas,CALLE,PROFESOR OTILIO MONTAÑO,AVENIDA,CIRCUNVALACION,CALLE,PRIMERO DE MAYO,CALLE,PRIMERO DE MAYO,28,NA,NA,NA,NA,NA,COLONIA,SANTA MARÍA AZTAHUACAN,NA,NA,NA,09500,09,Ciudad de México,007,Iztapalapa,0001,Iztapalapa,1104,022,5511278802,LUIGUIREGAZTECAGYM@GMAIL.COM,NA,Fijo,19.35962786,-99.02252323,2019-11
9628101,09006713943001311000000000U7,BAILE FITNES,NA,713943,Centros de acondicionamiento físico del sector privado,0 a 5 personas,CALLE,SUR 20,CALLE,SUR 20,CALLE,ORIENTE 253,CALLE,SUR 20,NA,SN,NA,NA,NA,NA,COLONIA,AGRÍCOLA ORIENTAL,NA,NA,NA,08500,09,Ciudad de México,006,Iztacalco,0001,Iztacalco,0363,010,NA,NA,NA,Fijo,19.39050693,-99.06459949,2024-11
9487608,09007713943007001000000000U6,BALAMS MUSCLE GYM,NA,713943,Centros de acondicionamiento físico del sector privado,0 a 5 personas,CALLE,MAURILIO ROBLES,CALLE,JOSE MARIA MORELOS,EJE VIAL,6 SUR (AVENIDA DE LAS TORRES),AVENIDA,MEXICO,NA,LT5,NA,NA,NA,NA,COLONIA,PARAJE ZACATEPEC,NA,NA,NA,09500,09,Ciudad de México,007,Iztapalapa,0001,Iztapalapa,2530,030,5560276977,NA,NA,Fijo,19.35670978,-99.02150877,2024-11
8307018,09007465311039221010000000U2,BALANCE SPORT,NA,713943,Centros de acondicionamiento físico del sector privado,0 a 5 personas,AVENIDA,TLAHUAC,PRIVADA,PRIMERA PROGRESO,CERRADA,NINGUNO,CALLE,PROSPERO GARCIA,4117,NA,NA,NA,NA,NA,COLONIA,SANTA MARÍA TOMATLAN,NA,NA,NA,09870,09,Ciudad de México,007,Iztapalapa,0001,Iztapalapa,1867,009,5588061108,NA,NA,Fijo,19.32577935,-99.09963864,2019-11
7728993,09012713943001951000000000U8,BALERINA CENTER,NA,713943,Centros de acondicionamiento físico del sector privado,0 a 5 personas,CALLE,RINCONADA URANIO,OTRO(ESPECIFIQUE),RICON URANIO,AVENIDA,UNION,OTRO(ESPECIFIQUE),NINGUNO,55,NA,NA,1,NA,NA,COLONIA,LOMAS DEL PEDREGAL FRAMBOYANES,CENTRO Y PLAZA COMERCIAL,SIN NOMBRE,SN,14150,09,Ciudad de México,012,Tlalpan,0001,Tlalpan,1369,026,NA,NA,NA,Fijo,19.30523985,-99.22143386,2019-11
11300692,09009713943000631000000000U3,BALLALET ACADEMIA DE BAILE,JONATAN GONZALEZ,713943,Centros de acondicionamiento físico del sector privado,0 a 5 personas,CALLE,5 DE MAYO,CALLE,VICENTE GUERRERO,CALLE,BARRANCA SECA,CALLE,AGUSTIN DE ITURBIDE,91,NA,NA,NA,NA,NA,PUEBLO,SAN ANTONIO TECOMITL,NA,NA,NA,12100,09,Ciudad de México,009,Milpa Alta,0011,San Antonio Tecómitl,0435,008,5540831947,NA,NA,Fijo,19.21689419,-98.99085226,2024-11
9539162,09007713943007362000000000U2,BANDIDOS GYM,BANDIDOS GYM,713943,Centros de acondicionamiento físico del sector privado,6 a 10 personas,CALLE,15 DE JUNIO DE 1861,AVENIDA,CANAL DE TEZONTLE,CALLE,BATALLA DE CALPULALPAN,CALLE,16 DE MARZO DE 1861,NA,SN,NA,NA,NA,NA,COLONIA,LEYES DE REFORMA TERCERA SECCIÓN,NA,NA,NA,09310,09,Ciudad de México,007,Iztapalapa,0001,Iztapalapa,0214,022,NA,NA,NA,Fijo,19.38264754,-99.06337505,2024-11
10556572,09017713944000131000000000U5,BAÑOS PUBLICOS ESTADIO DE BASQUETBOL,ADMINISTRACION DEL DEPORTIVO OCEANIA,713944,Centros de acondicionamiento físico del sector público,0 a 5 personas,AVENIDA,TAHEL,AVENIDA,OCEANIA,CALLE,ADOLFO RUIZ CORTINES,AVENIDA,602 (AVENIDA TEXCOCO-VIA TAPO),NA,SN,NA,NA,NA,NA,COLONIA,PENSADOR MEXICANO,NA,NA,NA,15510,09,Ciudad de México,017,Venustiano Carranza,0001,Venustiano Carranza,0136,001,NA,NA,NA,Fijo,19.44758571,-99.08355453,2024-11
8183973,09005713943003631000000000U8,BARTS GIM,NA,713943,Centros de acondicionamiento físico del sector privado,0 a 5 personas,CALLE,ROSARIO,CALLE,SEPTIMA CERRADA ROSARIO,CERRADA,SEXTA ROSARIO,CALLE,PEÑA GORDA,155,MZ154,NA,NA,NA,NA,COLONIA,VALLE DE MADERO,NA,NA,NA,07160,09,Ciudad de México,005,Gustavo A. Madero,0001,Gustavo A. Madero,3089,008,NA,NA,NA,Fijo,19.55187873,-99.13957838,2019-11
11320420,09007713943007022000000000U2,BCOMKER GIMNASIO,JUAN MENDOZA,713943,Centros de acondicionamiento físico del sector privado,6 a 10 personas,AVENIDA,CANAL DE TEZONTLE,CALLE,ENCOMENDEROS,CALLE,BARATILLO,CALLE,TAMEMES,24,NA,NA,NA,NA,NA,COLONIA,CENTRAL DE ABASTO,NA,NA,NA,09819,09,Ciudad de México,007,Iztapalapa,0001,Iztapalapa,2403,006,NA,NA,BCOMKER.COM.MX,Fijo,19.38253774,-99.08680928,2024-11
11491961,09007713943007513000000000U0,BE DINAMIC GYM,NA,713943,Centros de acondicionamiento físico del sector privado,11 a 30 personas,EJE VIAL,8 SUR CALZADA ERMITA IZTAPALAPA,CALLE,JUAN PEDRO MARTINEZ (MARGARITAS),CALLE,CAMPANULA,CALLE,JUAN PEDRO MARTINEZ (MARGARITAS),2013,NA,NA,NA,NA,NA,COLONIA,LOS ÁNGELES,NA,NA,NA,09830,09,Ciudad de México,007,Iztapalapa,0001,Iztapalapa,1424,002,5522910923,NA,NA,Fijo,19.3496531,-99.07229492,2024-11
722477,09007713943002733011000000U4,BE DYNAMIC,DYSC DYNAMIC,713943,Centros de acondicionamiento físico del sector privado,31 a 50 personas,CALZADA,8 SUR (CALZADA ERMITA IZTAPALAPA),CALLE,JUAN PEDRO MARTÍNEZ (MARGARITAS),CALLE,CAMPÁNULA,CALLE,DEL ROSAL,1873,NA,NA,NA,NA,NA,COLONIA,LOS ÁNGELES,NA,NA,NA,9710,09,Ciudad de México,007,Iztapalapa,0001,Iztapalapa,1424,002,5569670406,EAGUADO2012@HOTMAIL.COM,WWW.BEDYNAMIC.COM,Fijo,19.34990495,-99.07283772,2014-12
7715078,09005713943003253001000000U1,BE FITNESS,NA,713943,Centros de acondicionamiento físico del sector privado,0 a 5 personas,EJE VIAL,3 ORIENTE AVENIDA INGENIERO EDUARDO MOLINA,CALLE,ANTONIO RUIZ GALINDO,EJE VIAL,4 NORTE (AVENIDA TALISMAN),CALLE,NORTE 80-A,1119,BIS,NA,NA,NA,NA,COLONIA,SAN PEDRO EL CHICO,NA,NA,NA,07480,09,Ciudad de México,005,Gustavo A. Madero,0001,Gustavo A. Madero,1896,018,NA,NA,NA,Fijo,19.4714049,-99.10075604,2019-11
9742800,09015713943002731000000000U6,BE MORE STUDIO,NA,713943,Centros de acondicionamiento físico del sector privado,0 a 5 personas,CALLE,COAHUILA,AVENIDA,INSURGENTES SUR,CALLE,MANZANILLO,CALLE,CHIAPAS,221,F,NA,NA,NA,NA,COLONIA,ROMA NORTE,NA,NA,NA,06760,09,Ciudad de México,015,Cuauhtémoc,0001,Cuauhtémoc,1356,020,NA,NA,NA,Fijo,19.41064901,-99.16623375,2024-11
933768,09014713943000673000000000U5,BE ONE FITNESS,DEPORTE FUNCIONAL,713943,Centros de acondicionamiento físico del sector privado,11 a 30 personas,CALLE,BUFALO,EJE VIAL,7 SUR (FELIX CUEVAS),CALLE,PARROQUIA,CALLE,RECREO,5,NA,NA,NA,NA,NA,COLONIA,DEL VALLE SUR,NA,NA,NA,03104,09,Ciudad de México,014,Benito Juárez,0001,Benito Juárez,0806,014,5578314217,VENTAS@BEONEFITNESS.COM,NA,Fijo,19.3730221,-99.17642762,2014-12
11169872,09007713943006961000000000U2,BEAST FITNESS,NA,713943,Centros de acondicionamiento físico del sector privado,0 a 5 personas,CALLE,MINE PLANTA,AVENIDA,SAN MIGUEL,AVENIDA,POZOS,AVENIDA,POZOS,28,MZ2,NA,NA,NA,NA,COLONIA,BUENAVISTA,NA,NA,NA,09700,09,Ciudad de México,007,Iztapalapa,0001,Iztapalapa,3223,029,5523901804,NA,NA,Fijo,19.33409786,-99.03288852,2024-11
11448168,09007713943007231000000000U9,BEAST GYM,GIOVANE SAENZ,713943,Centros de acondicionamiento físico del sector privado,0 a 5 personas,CALLE,PINO,CALLE,BELLAVISTA,CALLE,NAUTLA,CALLE,SATELITE,NA,SN,NA,NA,9,NA,COLONIA,CASA BLANCA,NA,NA,NA,09860,09,Ciudad de México,007,Iztapalapa,0001,Iztapalapa,5145,002,NA,NA,NA,Fijo,19.33146662,-99.06835349,2024-11
9425439,09013713943001912001000000U8,BEAST MODE,NA,713943,Centros de acondicionamiento físico del sector privado,0 a 5 personas,CALLE,REDENCION,CALLE,ARCOS PONIENTE,CALLE,MAIZ,CALLE,MAIZ,142,NA,NA,NA,NA,NA,COLONIA,SAN PEDRO,NA,NA,NA,16050,09,Ciudad de México,013,Xochimilco,0001,Xochimilco,0404,005,5543740037,NA,NA,Fijo,19.25485987,-99.11390695,2023-11
12334104,09016713943001643000000000U2,BEATNESS,BEATNESS FRANQUICIAS,713943,Centros de acondicionamiento físico del sector privado,11 a 30 personas,CALLE,ANATOLE FRANCE,AVENIDA,PRESIDENTE MASARYK,AVENIDA,HORACIO,CALLE,ALFREDO DE MUSSET,139,B,145 PLANTA ALTA,3,NA,NA,COLONIA,POLANCO III SECCIÓN,NA,NA,NA,11540,09,Ciudad de México,016,Miguel Hidalgo,0001,Miguel Hidalgo,0641,013,NA,NA,WWW.BEATNES.COM.MX,Fijo,19.43265029,-99.1975045,2026-04
8272840,09005713943003901000000000U5,BELIEVER BOXING STUDIO,NA,713943,Centros de acondicionamiento físico del sector privado,0 a 5 personas,AVENIDA,INSURGENTES NORTE,CALLE,INGENIERO ANTONIO NARRO ACUÑA,EJE VIAL,3 NORTE (INGENIERO ALFREDO ROBLES DOMINGUEZ),CALLE,AURELIO LEYVA,1257,NA,NA,NA,NA,NA,COLONIA,GUADALUPE INSURGENTES,NA,NA,NA,07870,09,Ciudad de México,005,Gustavo A. Madero,0001,Gustavo A. Madero,1561,022,5560050375,NA,NA,Fijo,19.47176733,-99.13546224,2019-11
7733522,09015713943001991000000000U7,BELLEZA EN MOVIMIENTO,NA,713943,Centros de acondicionamiento físico del sector privado,0 a 5 personas,CALLE,ORIENTE 69,CALLE,GUMERSINDO ESQUER,CALLE,JUAN HERNANDEZ Y DAVALOS,CALLE,ORIENTE 67-A,2903,NA,NA,NA,NA,NA,CONDOMINIO,AMPLIACIÓN ASTURIAS,NA,NA,NA,06890,09,Ciudad de México,015,Cuauhtémoc,0001,Cuauhtémoc,1515,002,5531972928,NA,NA,Fijo,19.40627934,-99.12987261,2019-11
9494709,09002713943001221000000000U7,BESTIAS MX,NA,713943,Centros de acondicionamiento físico del sector privado,0 a 5 personas,AVENIDA,CENTENARIO,CALLE,5 DE FEBRERO,CALLE,AQUILES ELORDUY,AVENIDA,AQUILES SERDAN,442,NA,NA,NA,NA,NA,COLONIA,NEXTENGO,NA,NA,NA,02070,09,Ciudad de México,002,Azcapotzalco,0001,Azcapotzalco,0472,031,NA,NA,NA,Fijo,19.47519316,-99.18855713,2024-11
11211333,09007713943007481000000000U0,BICIANTRO,NA,713943,Centros de acondicionamiento físico del sector privado,0 a 5 personas,AVENIDA,CENTRAL DE ABASTOS,AVENIDA,CANAL DE TEZONTLE,CALLE,TAMEMES,CALLE,BARATILLO,2,5,NA,NA,NA,NA,COLONIA,CENTRAL DE ABASTO,NA,NA,NA,09040,09,Ciudad de México,007,Iztapalapa,0001,Iztapalapa,2403,005,NA,NA,NA,Fijo,19.3831688,-99.0898797,2024-11
10204514,09005713943005161000000000U4,BIKE CENTER,NA,713943,Centros de acondicionamiento físico del sector privado,0 a 5 personas,EJE VIAL,4 NORTE AVENIDA TALISMAN,CALLE,AZABACHE,CALLE,CORAL,CALLE,MALINTZIN,48,NA,NA,NA,NA,NA,COLONIA,ESTRELLA,NA,NA,NA,07810,09,Ciudad de México,005,Gustavo A. Madero,0001,Gustavo A. Madero,1612,002,5550690879,NA,NA,Fijo,19.47769479,-99.11799415,2024-11
10272443,09014713943002021000000000U5,BLACK CARGO GYM,NA,713943,Centros de acondicionamiento físico del sector privado,0 a 5 personas,CALLE,BELGICA,EJE VIAL,7 SUR (MUNICIPIO LIBRE),AVENIDA,VICTOR HUGO,CALLE,BALBOA,311,NA,NA,NA,NA,NA,COLONIA,PORTALES NORTE,NA,NA,NA,03300,09,Ciudad de México,014,Benito Juárez,0001,Benito Juárez,0774,032,NA,NA,NA,Fijo,19.36914423,-99.14511227,2024-11
785006,09006713943000191001000000U4,BLACK GYM,NA,713943,Centros de acondicionamiento físico del sector privado,0 a 5 personas,CALZADA,SANTA ANITA,CALLE,SUR 77,CALZADA,CALZADA DE LA VIGA,CALLE,ALVARO OBREGON,334,NA,NA,NA,NA,NA,COLONIA,NUEVA SANTA ANITA,NA,NA,NA,08210,09,Ciudad de México,006,Iztacalco,0001,Iztacalco,0240,009,5565508350,NA,NA,Fijo,19.39873901,-99.12556058,2010-07
672656,09005713943002031000000000U2,BLACK RHINO,NA,713943,Centros de acondicionamiento físico del sector privado,0 a 5 personas,CALLE,ESCUADRON 201,CALLE,PATRIA,CALLE,AÑO 1910,CALLE,21 DE MARZO,369,NA,NA,NA,NA,NA,COLONIA,SANTA MARÍA TICOMÁN,NA,NA,NA,07330,09,Ciudad de México,005,Gustavo A. Madero,0001,Gustavo A. Madero,0563,006,NA,NA,NA,Fijo,19.51588085,-99.13142681,2014-12
917335,09012713943000711000000000U7,BLUE SPORT CENTER,NA,713943,Centros de acondicionamiento físico del sector privado,0 a 5 personas,CALLE,CAMINO VIEJO A XICALCO,CERRADA,CERRADA DE PALMA,CALLE,BENITO JUAREZ,CALLE,PALMA,2,NA,NA,NA,NA,NA,PUEBLO,SAN ANDRÉS TOTOLTEPEC,NA,NA,NA,14400,09,Ciudad de México,012,Tlalpan,0001,Tlalpan,2013,012,NA,NA,NA,Fijo,19.25043394,-99.16681903,2014-12
11771183,09010713943002781000000000U2,BNKR GYM,UVA ESCALANTE,713943,Centros de acondicionamiento físico del sector privado,0 a 5 personas,AVENIDA,TOLUCA OLIVAR DE LOS PADRES,CALLE,Segunda San José,CERRADA,San José,AVENIDA,Primera San José,1146,NA,NA,NA,NA,NA,COLONIA,OLIVAR DE LOS PADRES,NA,NA,NA,01770,09,Ciudad de México,010,Álvaro Obregón,0001,Álvaro Obregón,1699,020,NA,NA,NA,Fijo,19.33748398,-99.23954299,2025-04
8459129,09014931210001721011000000U1,BODEGA DEL PARQUE MIGUEL ALEMAN,ALCALDIA BENITO JUAREZ,713944,Centros de acondicionamiento físico del sector público,6 a 10 personas,CALLE,UNION POSTAL,CALLE,CASTILLA,CALLE,ANDALUCIA,CALLE,ALMERIA,NA,SN,NA,NA,NA,NA,COLONIA,POSTAL,NA,NA,NA,03420,09,Ciudad de México,014,Benito Juárez,0001,Benito Juárez,0280,012,NA,NA,NA,Fijo,19.39157065,-99.14331044,2019-11
12333984,09016713943002081000000000U4,BODY BARRE MEXICO,BODY BARRE MEXICO,713943,Centros de acondicionamiento físico del sector privado,0 a 5 personas,CALLE,OLIVER GOLDSMITH,AVENIDA,EMILIO CASTELAR,CALLE,CHARLES DICKENS,CALLE,ENRIQUE IBSEN,38,NA,NA,NA,4,NA,COLONIA,POLANCO V SECCION,NA,NA,NA,11560,09,Ciudad de México,016,Miguel Hidalgo,0001,Miguel Hidalgo,0745,007,NA,BODYBARREMEXICO@GMAIL.COM,NA,Fijo,19.43025843,-99.20087298,2026-04
1020292,09008713943000111000000000U8,BODY EVOLUTION GYM,NA,713943,Centros de acondicionamiento físico del sector privado,0 a 5 personas,CALLE,MONTECRISTO,CALLE,CRUZ VERDE,CERRADA,MONTECRISTO,CERRADA,PRIMERA CERRADA MONTECRISTO,4,NA,NA,NA,NA,NA,COLONIA,CUAUHTÉMOC,NA,NA,NA,10020,09,Ciudad de México,008,La Magdalena Contreras,0001,La Magdalena Contreras,0211,015,NA,NA,NA,Fijo,19.31880404,-99.24462238,2010-07
1006449,09012611621000021001000000U6,BODY EVOLUTION PILATES,NA,713943,Centros de acondicionamiento físico del sector privado,11 a 30 personas,AVENIDA,INSURGENTES SUR,CALLE,SAN MARCOS,CALZADA,CALZADA DE TLALPAN,CALLE,SAN MARCOS,4342,NA,NA,NA,16,NA,COLONIA,TLALPAN CENTRO,NA,NA,NA,14000,09,Ciudad de México,012,Tlalpan,0001,Tlalpan,1015,006,NA,NA,NA,Fijo,19.28045607,-99.1701118,2010-07
777322,09016713943000711000000000U8,BODY FACTORY FITNESS CENTER HEALTH ADICTION,NA,713943,Centros de acondicionamiento físico del sector privado,0 a 5 personas,CALLE,AVENIDA PROGRESO,CALLE,UNION,CALLE,SINDICALISMO,CALLE,CERRADA OTOÑO,207,NA,NA,NA,NA,B,COLONIA,ESCANDÓN II SECCIÓN,NA,NA,NA,11800,09,Ciudad de México,016,Miguel Hidalgo,0001,Miguel Hidalgo,1226,014,NA,BODYFACTORY1@HOTMAIL.COM,NA,Fijo,19.40264301,-99.17317838,2010-07
866554,09015713943001051000000000U0,BODY FIDNESS PILATES,NA,713943,Centros de acondicionamiento físico del sector privado,0 a 5 personas,CALLE,DURANGO,CALLE,GUADALAJARA,CALLE,ACAPULCO,CERRADA,SEGUNDA GUADALAJARA,332,NA,NA,NA,324,NA,COLONIA,ROMA NORTE,NA,NA,NA,06700,09,Ciudad de México,015,Cuauhtémoc,0001,Cuauhtémoc,1182,008,5552117417,PILATESROMA2@GMAIL.COM,NA,Fijo,19.41820047,-99.17350797,2010-07
929498,09008713943000371001000000U8,BODY FIT,NA,713943,Centros de acondicionamiento físico del sector privado,6 a 10 personas,CALLE,ALVARO OBREGON,CALLEJON,CIPRES,CALLE,PINO,CALLE,FRANCISCO DEL OLMO,1165,NA,NA,NA,7,7-8,COLONIA,LA CRUZ,NA,NA,NA,10800,09,Ciudad de México,008,La Magdalena Contreras,0001,La Magdalena Contreras,032A,024,NA,NA,NA,Fijo,19.30572313,-99.23445495,2014-12
10906477,09012713943002761000000000U0,BODY FIT FACTORY,NA,713943,Centros de acondicionamiento físico del sector privado,0 a 5 personas,CERRADA,TRIGALES,CALZADA,CALZADA DEL HUESO,CALLE,CAÑAVERALES,CALLE,CAÑAVERALES,8,NA,NA,NA,NA,NA,COLONIA,RINCONADA COAPA SEGUNDA SECCIÓN,NA,NA,NA,14330,09,Ciudad de México,012,Tlalpan,0001,Tlalpan,216A,001,5625576182,NA,WWW.BODYFITFACTORY.COM.MX,Fijo,19.29764001,-99.1139619,2024-11
11039497,09014713943002012000000000U4,BODY FIT FACTORY,BODY FIT FACTORY,713943,Centros de acondicionamiento físico del sector privado,6 a 10 personas,CALLE,PLATEROS,CALLE,DAMAS,CALLE,CAPUCHINAS,CALLE,DAMAS,43,NA,NA,NA,NA,NA,COLONIA,SAN JOSÉ INSURGENTES,NA,NA,NA,03900,09,Ciudad de México,014,Benito Juárez,0001,Benito Juárez,0914,016,NA,ADMINISTRACION@BODYFITFACTORY.COM.MX,NA,Fijo,19.36703017,-99.18258857,2024-11
10232229,09016713943001901000000000U4,BODY FITNESS PILATES POLANCO,NA,713943,Centros de acondicionamiento físico del sector privado,0 a 5 personas,AVENIDA,PRESIDENTE MASARYK,CALLE,JUAN VAZQUEZ DE LA MELLA,CALLE,FERROCARRIL DE CUERNAVACA (CICLOPISTA),CALLE,ESOPO,NA,SN,NA,1,NA,NA,COLONIA,POLANCO I SECCIÓN,CENTRO Y PLAZA COMERCIAL,LA MORERA MERCADO MAZARYK,155,11530,09,Ciudad de México,016,Miguel Hidalgo,0001,Miguel Hidalgo,0637,029,NA,PILATESPOLANCO@GMAIL.COM,NA,Fijo,19.43295128,-99.20858997,2024-11
8629032,09007713943005221000000000U2,BODY FRANKS,FRANCISCO HERNANDEZ,713943,Centros de acondicionamiento físico del sector privado,0 a 5 personas,CALLE,VIVEROS,CALLE,BUENAVISTA,CALLE,PRIMAVERA,CALLE,CONSTITUCION,NA,SN,NA,NA,NA,NA,PUEBLO,SANTA MARÍA AZTAHUACAN,NA,NA,NA,09500,09,Ciudad de México,007,Iztapalapa,0001,Iztapalapa,1104,029,5567795338,NA,NA,Fijo,19.35111137,-99.02665811,2019-11
1020421,09008713943000021000000000U9,BODY PERFECT,NA,713943,Centros de acondicionamiento físico del sector privado,0 a 5 personas,CALLEJON,CALLEJON DE LAS FLORES,AVENIDA,SAN FRANCISCO,CALLE,FERROCARRIL DE CUERNAVACA,CALLE,CHABACANO,10,NA,NA,NA,NA,NA,COLONIA,SAN FRANCISCO,NA,NA,NA,10500,09,Ciudad de México,008,La Magdalena Contreras,0001,La Magdalena Contreras,025A,007,5518547478,NA,NA,Fijo,19.3116028,-99.23670644,2010-07
8582959,09003713943001741000000000U2,BODY SPORT CENTER,IVAN BRUGARA,713943,Centros de acondicionamiento físico del sector privado,0 a 5 personas,EJE VIAL,3 ORIENTE AVENIDA CAFETALES,CALLE,RANCHO ROMERAL,CALZADA,CALZADA DEL HUESO,CALLE,RANCHO CUCHILLA,1800,NA,NA,NA,NA,B,COLONIA,HACIENDAS DE COYOACÁN,NA,NA,NA,04970,09,Ciudad de México,003,Coyoacán,0001,Coyoacán,1213,013,NA,NA,NA,Fijo,19.30197542,-99.11311689,2019-11
11477568,09016713943001881000000000U8,BODY STUDIO CONTROL PILATES,NA,713943,Centros de acondicionamiento físico del sector privado,0 a 5 personas,CALLE,EUGENIO SUE,AVENIDA,EJERCITO NACIONAL MEXICANO,AVENIDA,HOMERO,CALLE,ARISTOTELES,345,4,NA,NA,NA,NA,COLONIA,POLANCO IV SECCIÓN,NA,NA,NA,11550,09,Ciudad de México,016,Miguel Hidalgo,0001,Miguel Hidalgo,0656,008,5532218235,NA,NA,Fijo,19.43754607,-99.19373352,2024-11
8539465,09014713943001661001000000U9,BODYMATION CENTER GYM,NA,713943,Centros de acondicionamiento físico del sector privado,6 a 10 personas,CALLE,EMPERADORES,CALLE,MONROVIA,CALLE,ODESA,EJE VIAL,7A SUR (GENERAL EMILIANO ZAPATA),134,NA,NA,NA,NA,NA,COLONIA,PORTALES NORTE,NA,NA,NA,03300,09,Ciudad de México,014,Benito Juárez,0001,Benito Juárez,0863,031,NA,NA,NA,Fijo,19.36656006,-99.14937247,2019-11
10394766,09006713943001341000000000U4,BOMAYE SPORT,NA,713943,Centros de acondicionamiento físico del sector privado,0 a 5 personas,CALLE,5,CALLE,RETORNO DIAZ ORDAZ,PRIVADA,FRANCISCO VILLA,CALLE,4,184,NA,NA,NA,NA,NA,COLONIA,AGRÍCOLA PANTITLAN,NA,NA,NA,08100,09,Ciudad de México,006,Iztacalco,0001,Iztacalco,0081,001,NA,NA,NA,Fijo,19.40890938,-99.06112217,2024-11
10063299,09015713943002692000000000U0,BOOKI,NA,713943,Centros de acondicionamiento físico del sector privado,6 a 10 personas,EJE VIAL,3 PONIENTE MEDELLIN,CALLE,JOSE ALVARADO,CALLE,CHIAPAS,EJE VIAL,2 PONIENTE (MONTERREY),194,NA,NA,NA,NA,NA,COLONIA,ROMA NORTE,NA,NA,NA,06700,09,Ciudad de México,015,Cuauhtémoc,0001,Cuauhtémoc,1214,012,5633441105,NA,NA,Fijo,19.41226679,-99.16465338,2024-11
11252596,09012713943002791000000000U7,BOX,NA,713943,Centros de acondicionamiento físico del sector privado,0 a 5 personas,CALLE,PRIMERA NORTE,CALLE,12 ORIENTE,CALLE,13 ORIENTE,CALLE,PRIMERA NORTE,NA,SN,NA,NA,NA,NA,COLONIA,ISIDRO FABELA,NA,NA,NA,14030,09,Ciudad de México,012,Tlalpan,0001,Tlalpan,0163,012,NA,NA,NA,Fijo,19.29996464,-99.1670764,2024-11
9697503,09015713943002981000000000U7,BOX AND TRAINIG,ESTACIONAMIENTO AVINAV,713943,Centros de acondicionamiento físico del sector privado,0 a 5 personas,CALLE,ISABEL LA CATOLICA,CALLE,FERNANDO DE ALVA IXTLIXOCHITL,CALLE,LUCAS ALAMAN,CALLE,5 DE FEBRERO,214,NA,NA,NA,NA,NA,COLONIA,OBRERA,NA,NA,NA,06800,09,Ciudad de México,015,Cuauhtémoc,0001,Cuauhtémoc,1055,001,NA,NA,NA,Fijo,19.42053362,-99.13796472,2024-11
11327171,09012713943002991000000000U3,BOX CUCHILLA,CENTRO DE BOX,713943,Centros de acondicionamiento físico del sector privado,0 a 5 personas,CALLE,DZIBALCHEN,CALLE,KINCHIL,CALLE,AMATAN,CALLE,AMATAN,NA,SN,NA,NA,NA,NA,COLONIA,CUCHILLA DE PADIERNA,NA,NA,NA,14220,09,Ciudad de México,012,Tlalpan,0001,Tlalpan,1458,019,NA,NA,NA,Fijo,19.27749266,-99.21832118,2024-11
7262006,09010931610001991010000000U9,BOX SIN NOMBRE,NA,713943,Centros de acondicionamiento físico del sector privado,0 a 5 personas,CALLE,MINA ZOYOPAN,CALLE,MINA PROVIDENCIA,CALLE,AVINO,CALLE,JARDIN,NA,SN,NA,1,NA,NA,COLONIA,REAL DEL MONTE,OTRO,CENTRO SOCIAL COMUNITARIO LOMAS DE SANTO DOMINGO,SN,01130,09,Ciudad de México,010,Álvaro Obregón,0001,Álvaro Obregón,0116,026,5539917924,NA,NA,Fijo,19.39473431,-99.20134895,2019-11
10842067,09015713943002871000000000U0,BOX WOMEN CLUB,NA,713943,Centros de acondicionamiento físico del sector privado,0 a 5 personas,CALLE,IGNACIO MANUEL ALTAMIRANO,CALLE,FRANCISCO PIMENTEL,CALLE,ALFONSO HERRERA,CALLE,JOSE ROSAS MORENO,48,NA,NA,NA,NA,NA,COLONIA,SAN RAFAEL,NA,NA,NA,06470,09,Ciudad de México,015,Cuauhtémoc,0001,Cuauhtémoc,0682,006,NA,TEAKRAMERBOXWOMENSCLUB@GAMIL.COM,NA,Fijo,19.43946684,-99.16216399,2024-11
11664321,09005713943005231000000000U5,BOX ZURDO LOPEZ,NA,713943,Centros de acondicionamiento físico del sector privado,0 a 5 personas,EJE VIAL,CENTRAL LAZARO CARDENAS,CALLE,12,AVENIDA,GUADALUPE,EJE VIAL,CENTRAL (LAZARO CARDENAS),NA,SN,NA,NA,NA,NA,CIUDAD INDUSTRIAL,GUADALUPE PROLETARIA,NA,NA,NA,07670,09,Ciudad de México,005,Gustavo A. Madero,0001,Gustavo A. Madero,0402,026,NA,NA,NA,Fijo,19.52285458,-99.15789258,2024-11
10978920,09007713943007221000000000U0,BOXEO,NA,713943,Centros de acondicionamiento físico del sector privado,0 a 5 personas,CALLE,COLORIN,CALLE,ORO,CALLE,IXTAPALUCA,CALLE,PONTEDERIA,10,MZ 204 A,NA,NA,NA,NA,COLONIA,SANTIAGO ACAHUALTEPEC SEGUNDA AMPLIACIÓN,NA,NA,NA,09609,09,Ciudad de México,007,Iztapalapa,0001,Iztapalapa,2738,048,NA,NA,NA,Fijo,19.34595714,-99.00843744,2024-11
9588699,09013713943002161000000000U1,BOXEO MIXTO,NA,713943,Centros de acondicionamiento físico del sector privado,0 a 5 personas,CALLE,CANAL NACIONAL CHALCO AMECAMECA,AVENIDA,TLAHUAC-TULYEHUALCO,CALLE,JOSEFA ORTIZ DE DOMINGUEZ,CALLE,DIAGONAL,NA,SN,NA,NA,NA,NA,COLONIA,SAN ISIDRO,NA,NA,NA,16750,09,Ciudad de México,013,Xochimilco,0001,Xochimilco,0565,024,NA,NA,NA,Fijo,19.25566668,-99.01142943,2024-11
9711674,09017713943001701000000000U6,BOXING CLUB,NA,713943,Centros de acondicionamiento físico del sector privado,0 a 5 personas,CALLE,RETORNO 28 DE GENARO GARCIA,CALLE,RETORNO 26 DE GENARO GARCIA,AVENIDA,GENARO GARCIA,CALLE,RETORNO 26 DE GENARO GARCIA,202,NA,NA,NA,NA,NA,COLONIA,JARDÍN BALBUENA,NA,NA,NA,15900,09,Ciudad de México,017,Venustiano Carranza,0001,Venustiano Carranza,1115,028,5565824760,NA,NA,Fijo,19.41477553,-99.10299922,2024-11
10239321,09002713943001391000000000U8,BOXING CLUB CARMONA,NA,713943,Centros de acondicionamiento físico del sector privado,0 a 5 personas,AVENIDA,ENCARNACION ORTIZ,CALLE,10,CALLE,PRIVADA JORULLO,CALLE,SAN FRANCISCO XOCOTITLA,1608,NA,NA,NA,NA,NA,COLONIA,DEL GAS,NA,NA,NA,02950,09,Ciudad de México,002,Azcapotzalco,0001,Azcapotzalco,0769,035,NA,NA,NA,Fijo,19.47060731,-99.15700161,2024-11
9899917,09007713943007721000000000U9,BOXING GYM,NA,713943,Centros de acondicionamiento físico del sector privado,0 a 5 personas,CALLE,MARCOS LOPEZ JIMENEZ,CALLE,EUGENIO AGUIRRE BENAVIDEZ,CALLE,ELISSA ACUÑA Y ROSSETI,CALLE,FRANCISCO ESCUDERO,24,MZ149,NA,NA,NA,NA,COLONIA,SANTA MARTHA ACATITLA NORTE,NA,NA,NA,09140,09,Ciudad de México,007,Iztapalapa,0001,Iztapalapa,0623,003,NA,NA,NA,Fijo,19.37583253,-99.01577669,2024-11
9911382,09003713943002821000000000U1,BOXING MACHINE,NA,713943,Centros de acondicionamiento físico del sector privado,0 a 5 personas,CALZADA,CALZADA DE LAS BOMBAS,CALLE,CRISANTEMA,ANDADOR,NINGUNO,CALLE,NARCISOS (MAR DE LAS LLUVIAS),284,NA,NA,NA,1,NA,COLONIA,JARDINES DE COYOACÁN,NA,NA,NA,04980,09,Ciudad de México,003,Coyoacán,0001,Coyoacán,1675,022,NA,NA,NA,Fijo,19.31090387,-99.12558303,2024-11
11036209,09007713943006611000000000U3,BOXING PARK,NA,713943,Centros de acondicionamiento físico del sector privado,0 a 5 personas,CALLE,VILLA CID,CALLE,VILLA DEL REY,CALLE,DOMINICO,CALLE,VILLA CANES,31,MZ30,NA,NA,NA,NA,COLONIA,DESARROLLO URBANO QUETZALCOATL,NA,NA,NA,09700,09,Ciudad de México,007,Iztapalapa,0001,Iztapalapa,3064,006,5535090705,NA,NA,Fijo,19.32860022,-99.04040402,2024-11
12333986,09016713943002072000000000U3,BROOKLYN FIT BOXING,LOOX FITNESS MX,713943,Centros de acondicionamiento físico del sector privado,6 a 10 personas,CALLE,OLIVER GOLDSMITH,AVENIDA,EMILIO CASTELAR,CALLE,CHARLES DICKENS,CALLE,ENRIQUE IBSEN,38,NA,NA,NA,NA,NA,COLONIA,POLANCO III SECCION,NA,NA,NA,01154,09,Ciudad de México,016,Miguel Hidalgo,0001,Miguel Hidalgo,0745,007,NA,NA,WWW.BROOKLYNFFITBOXING.COM,Fijo,19.43025505,-99.20087355,2026-04
823980,09007713943001582001000000U1,BROTHER S GYM,NA,713943,Centros de acondicionamiento físico del sector privado,0 a 5 personas,CALLE,EDITORES,CALLE,SUBDIRECTORES,CALLE,TECNICO Y MANUALES,CALLE,CINE MEXICANO,19,NA,NA,NA,NA,NA,FRACCIONAMIENTO,LOMAS ESTRELLA,NA,NA,NA,09890,09,Ciudad de México,007,Iztapalapa,0001,Iztapalapa,4433,031,5554430669,NA,NA,Fijo,19.317275,-99.08868384,2010-07
11740487,09007713943008151000000000U8,BROTHERHOOD CROSSFIT UAMI,NA,713943,Centros de acondicionamiento físico del sector privado,0 a 5 personas,CALLE,MATAMOROS,AVENIDA,Carril,CALLE,Luis Hidalgo Monroy,CALLE,Lomita,20,NA,NA,NA,NA,NA,COLONIA,SAN MIGUEL,NA,NA,NA,09360,09,Ciudad de México,007,Iztapalapa,0001,Iztapalapa,1246,002,5635294724,BROTHERHOOD.UAMI@GMAIL.COM,NA,Fijo,19.35176687,-99.0704404,2025-04
11110185,09003713943002633000000000U0,BULKING TIGER GYM COAPA,NA,713943,Centros de acondicionamiento físico del sector privado,11 a 30 personas,CALLE,MIRADOR,CALLE,HACIENDA VISTA HERMOSA,CALZADA,CALZADA DEL HUESO,CALLE,ANAHUAC,76,NA,NA,NA,NA,NA,COLONIA,EL MIRADOR,NA,NA,NA,04950,09,Ciudad de México,003,Coyoacán,0001,Coyoacán,1092,042,NA,NA,NA,Fijo,19.3012611,-99.10842183,2024-11
10838665,09007713943007401000000000U8,BULL GYM,NA,713943,Centros de acondicionamiento físico del sector privado,0 a 5 personas,CALLE,CAYETANO ANDRADE,CALLE,AMADOR SALAZAR,CERRADA,PRIVADA NOCHE BUENA,AVENIDA,INDEPENDENCIA,35,BIS,NA,NA,NA,NA,PUEBLO,SANTA MARTHA ACATITLA,NA,NA,NA,09510,09,Ciudad de México,007,Iztapalapa,0001,Iztapalapa,0854,002,NA,NA,NA,Fijo,19.36439072,-99.00779175,2024-11
9603381,09005713943005332000000000U1,BULLS GYM,BULLS GYM,713943,Centros de acondicionamiento físico del sector privado,6 a 10 personas,CALLE,GENERAL VICENTE GUERRERO,CALLE,GENERAL VICENTE GUERRERO,AVENIDA,GENERAL MARTIN CARRERA,CALLE,GENERAL GUADALUPE VICTORIA,129,NA,NA,NA,NA,NA,COLONIA,MARTÍN CARRERA,NA,NA,NA,07070,09,Ciudad de México,005,Gustavo A. Madero,0001,Gustavo A. Madero,1294,007,5531149240,NA,NA,Fijo,19.48844735,-99.10728708,2024-11
9719415,09007713943008021000000000U3,BYBY OTZ FUNCIONAL FITNESS,NA,713943,Centros de acondicionamiento físico del sector privado,0 a 5 personas,CALLE,TERCERA CERRADA 21 DE MARZO,CALLE,EUCALIPTO,CALLE,21 DE MARZO,AVENIDA,PRINCIPAL,25,MZ116,NA,NA,NA,NA,COLONIA,SAN MIGUEL TEOTONGO SECCIÓN PUENTE,NA,NA,NA,09630,09,Ciudad de México,007,Iztapalapa,0001,Iztapalapa,2649,009,NA,NA,NA,Fijo,19.35251219,-98.99136595,2024-11
9275438,09014713943001851001000000U1,C CLUB NARVARTE,CLUB C UNO,713943,Centros de acondicionamiento físico del sector privado,11 a 30 personas,EJE VIAL,CENTRAL LAZARO CARDENAS,EJE VIAL,5 SUR (AVENIDA EUGENIA),CALLE,RASCARRABIAS,CALLE,ZEMPOALA,911,NA,NA,NA,NA,NA,COLONIA,VÉRTIZ NARVARTE,NA,NA,NA,03600,09,Ciudad de México,014,Benito Juárez,0001,Benito Juárez,0454,005,NA,NA,NA,Fijo,19.38266101,-99.14782015,2020-11
7983063,09016713943001182001000000U1,C.F. SAN MIGUEL,NA,713943,Centros de acondicionamiento físico del sector privado,0 a 5 personas,CALLE,GENERAL JUAN CANO,CALLE,GOBERNADOR JOSE MARIA TORNEL,CALLE,GENERAL ZUAZUA,CALLE,GOBERNADOR TIBURCIO MONTIEL,70,NA,NA,NA,NA,NA,COLONIA,SAN MIGUEL CHAPULTEPEC II SECCIÓN,NA,NA,NA,11850,09,Ciudad de México,016,Miguel Hidalgo,0001,Miguel Hidalgo,1029,007,5541395508,NA,WWW.CASADELHUMOR.COM,Fijo,19.41239316,-99.18511477,2019-11
9406215,09015713943002543000040163S5,C+ DEPORTIVO BUENAVISTA,CLUB C UNO,713943,Centros de acondicionamiento físico del sector privado,11 a 30 personas,EJE VIAL,EJE 1 NORTE MOSQUETA,OTRO(ESPECIFIQUE),MANZANA O EDIFICACIÓN CONTIGUA,OTRO(ESPECIFIQUE),NINGUNO,OTRO(ESPECIFIQUE),NINGUNO,259,NA,NA,18,1,TA N,COLONIA,BUENAVISTA,CENTRO Y PLAZA COMERCIAL,FORUM BUENAVISTA,LOCAL TA N2 01,6350,09,Ciudad de México,015,Cuauhtémoc,0001,Cuauhtémoc,049A,001,NA,CAPITALHUMANO@CMASDEPORTIVO.COM,WWW.CMASDEPORTIVO.COM,Fijo,19.44707323,-99.15294736,2023-11
6306960,09007711311000055002040163M1,C+ DEPORTIVO CHURUBUSCO,CLUB C UNO,713943,Centros de acondicionamiento físico del sector privado,11 a 30 personas,CIRCUITO,INTERIOR AVENIDA RIO CHURUBUSCO,EJE VIAL,2 ORIENTE (CALZADA DE LA VIGA),CALLE,SUR 99-A,CALLE,ALFONSO TORO,583,NA,NA,17,NA,AN 4,COLONIA,SECTOR POPULAR,OTRO,PLAZA PORTAL CHURUBUSCO,AN-04,9060,09,Ciudad de México,007,Iztapalapa,0001,Iztapalapa,0676,007,5552522211,LUCIA.GARCIA@CMASDEPORTIVO.COM,WWW.CMASDEPORTIVO.COM,Fijo,19.36906889,-99.12166204,2012-06
11772753,09005713943005413000040163S9,C+ DEPORTIVO LINDAVISTA,CLUB C UNO,713943,Centros de acondicionamiento físico del sector privado,11 a 30 personas,AVENIDA,ACUEDUCTO DE GUADALUPE,AVENIDA,Cienfuegos,AVENIDA,Ninguno,CALZADA,Ticomán,650,NA,NA,NA,NA,NA,COLONIA,RESIDENCIAL ZACATENCO,CENTRO Y PLAZA COMERCIAL,CENTRO COMERCIAL VISTA NORTE,1,07369,09,Ciudad de México,005,Gustavo A. Madero,0001,Gustavo A. Madero,0756,011,NA,LUCIA.GARCIA@CMASDEPORTIVO.COM,WWW.CMASDEPORTIVO.COM,Fijo,19.50217324,-99.12111368,2025-04
11751550,09014713943002403000040163S5,C+ DEPORTIVO NARVARTE,CLUB C UNO,713943,Centros de acondicionamiento físico del sector privado,11 a 30 personas,EJE VIAL,CENTRAL (LÁZARO CÁRDENAS),AVENIDA,5 Sur (Avenida Eugenia),AVENIDA,Rascarrabias,CALZADA,Zempoala,911,NA,NA,NA,NA,NA,COLONIA,VÉRTIZ NARVARTE,CENTRO Y PLAZA COMERCIAL,CENTRO COMERCIAL VISTA NORTE,1,03600,09,Ciudad de México,014,Benito Juárez,0001,Benito Juárez,0454,005,NA,LUCIA.GARCIA@CMASDEPORTIVO.COM,WWW.CMASDEPORTIVO.COM,Fijo,19.38268459,-99.14781742,2025-04
6761743,09016713943001001002040163S3,C+ DEPORTIVO NUEVO POLANCO,CLUB C UNO,713943,Centros de acondicionamiento físico del sector privado,11 a 30 personas,CALZADA,LEGARIA,AVENIDA,CASA DE LA MONEDA,AVENIDA,RÍO SAN JOAQUÍN,CALLEJON,PRIMER SAN JOAQUÍN,549,NA,NA,17,1,LOCAL SA 0,COLONIA,10 DE ABRIL,EDIFICIO COMERCIAL Y DE SERVICIOS,CORPORATIVO LEGARIA,SA 01,11250,09,Ciudad de México,016,Miguel Hidalgo,0001,Miguel Hidalgo,0340,002,NA,CAPITALHUMANO@CMASDEPORTIVO.COM,WWW.CMASDEPORTIVO.COM,Fijo,19.44778559,-99.20637277,2016-10
11214977,09015713943002801000000000U7,CAESARS GYM,DIANA GONZALEZ,713943,Centros de acondicionamiento físico del sector privado,0 a 5 personas,CALLE,CEDRO,AVENIDA,RIBERA DE SAN COSME,CALLE,AMADO NERVO,CALLE,NOGAL,42,NA,NA,NA,NA,NA,COLONIA,SANTA MARÍA LA RIBERA,NA,NA,NA,06400,09,Ciudad de México,015,Cuauhtémoc,0001,Cuauhtémoc,0593,006,NA,NA,NA,Fijo,19.44448293,-99.163387,2024-11
10125747,09013713943002011000000000U8,CAF CLUB LEON,NA,713943,Centros de acondicionamiento físico del sector privado,0 a 5 personas,CALLE,CUAUHTEMOC,CALLE,16 DE SEPTIEMBRE,CALLE,MORELOS,CALLE,CERRADA MORELOS,75,NA,NA,18,22,NA,BARRIO,SAN PEDRO,CENTRO Y PLAZA COMERCIAL,PLAZA CUAUHTEMOC,9,16070,09,Ciudad de México,013,Xochimilco,0001,Xochimilco,0230,010,5561184481,NA,NA,Fijo,19.25879529,-99.10520618,2024-11
841449,09007713943002641000000000U4,CALISTENIA RITMO FIT,NA,713943,Centros de acondicionamiento físico del sector privado,0 a 5 personas,CALLE,RIO FUERTE,CALLE,RIO ELBA,CALLE,RIO NILO,CALLE,RIO TUXPAN,19,NA,NA,NA,NA,NA,COLONIA,VALLE DE SAN LORENZO,NA,NA,NA,09970,09,Ciudad de México,007,Iztapalapa,0001,Iztapalapa,351A,021,NA,NA,NA,Fijo,19.29807227,-99.07658163,2014-12
1009910,09012713944000011000000000U0,CAMPO DE BEISBOL,DEPORTIVO LA JOYA CAMPO DE BEISBOL,713944,Centros de acondicionamiento físico del sector público,0 a 5 personas,AVENIDA,INSURGENTES SUR,CERRADA,MAYAS,CALLE,TLALCOLIGIA,CALLE,TLALCOLIGIA,NA,SN,NA,NA,NA,NA,COLONIA,LA JOYA,NA,NA,NA,14430,09,Ciudad de México,012,Tlalpan,0001,Tlalpan,1104,019,NA,NA,NA,Fijo,19.2793024,-99.16804317,2010-07
9959223,09013713944000181000000000U9,CAMPO DE ENTRENAMIENTO BRONCOS DE LA UNAM,NA,713944,Centros de acondicionamiento físico del sector público,0 a 5 personas,CALLE,PASEO DE LA NORIA,CALLE,PROLONGACION IGNACIO ALDAMA,CALLE,DURAZNO,CALLE,PROLONGACION IGNACIO ALDAMA,NA,SN,NA,NA,NA,NA,COLONIA,POTRERO SAN BERNARDINO,NA,NA,NA,16010,09,Ciudad de México,013,Xochimilco,0001,Xochimilco,107A,026,5513887816,NA,NA,Fijo,19.27208191,-99.12239555,2024-11
982229,09013713941000041000000000U1,CAMPO DE FUTBOL,NA,713943,Centros de acondicionamiento físico del sector privado,0 a 5 personas,OTRO(ESPECIFIQUE),CANAL,OTRO(ESPECIFIQUE),CANAL,OTRO(ESPECIFIQUE),CANAL,OTRO(ESPECIFIQUE),CANAL,NA,SN,NA,NA,NA,NA,BARRIO,LA ASUNCION,NA,NA,NA,16040,09,Ciudad de México,013,Xochimilco,0001,Xochimilco,1099,017,5581744313,NA,NA,Fijo,19.27465231,-99.09726307,2010-07
8561906,09004713943000701101000000U5,CAMPO DE FUTBOL GUSTVO ROMERO HURTADO,CUAUHXIMALLI,713943,Centros de acondicionamiento físico del sector privado,6 a 10 personas,CALLE,SANTA RITA,CALLE,PRIMERA CERRADA SANTA RITA,CALLE,OCOTAL,CALLE,OCOTAL,NA,SN,NA,NA,NA,NA,COLONIA,LOMA DEL PADRE,NA,NA,NA,05020,09,Ciudad de México,004,Cuajimalpa de Morelos,0001,Cuajimalpa de Morelos,0231,005,5554184349,NA,NA,Fijo,19.33976928,-99.31233827,2019-11
8671044,09007713943005691000000000U6,CAMPO DE FUTBOLL CUAHUTEMOC,NA,713943,Centros de acondicionamiento físico del sector privado,0 a 5 personas,AVENIDA,DE LAS MINAS,CALLE,CAMELINA DE LA TORRE,CERRADA,TERCERA CAMINO A LAS MINAS,CALLE,NARDO,35,NA,NA,NA,NA,NA,COLONIA,BUENAVISTA,NA,NA,NA,09680,09,Ciudad de México,007,Iztapalapa,0001,Iztapalapa,4240,008,NA,NA,NA,Fijo,19.32971527,-99.02579825,2019-11
1011123,09008713942000012001000000U0,CAMPO DEPORTIVO CONTRERAS,SUBDIRECCION DE EDUCACION FISICA Y DEPORTE,713944,Centros de acondicionamiento físico del sector público,0 a 5 personas,CALLE,FELIPE ANGELES,CALLE,CASTREJON,CALLE,CAMINO REAL DE CONTRERAS,OTRO(ESPECIFIQUE),ARROYO,5,NA,NA,NA,NA,NA,COLONIA,LA CONCEPCIÓN,NA,NA,NA,10830,09,Ciudad de México,008,La Magdalena Contreras,0001,La Magdalena Contreras,0353,019,5555951339,NA,NA,Fijo,19.30559156,-99.23294804,2014-12
10593610,09008713944000171000000000U0,CAMPO PADIERNA 90,ALCALDIA MAGDALENA CONTRERAS,713944,Centros de acondicionamiento físico del sector público,0 a 5 personas,CALLE,JALISCO,CALLE,HIDALGO,CALLE,QUERETARO,CALLE,ALTAVISTA,NA,SN,NA,NA,NA,NA,COLONIA,HÉROES DE PADIERNA,NA,NA,NA,10700,09,Ciudad de México,008,La Magdalena Contreras,0001,La Magdalena Contreras,0495,014,5556523025,NA,NA,Fijo,19.31246391,-99.22707369,2024-11
9583902,09013713943002191000000000U8,CAMPOS DE FUTBOL LA JOYA,NA,713943,Centros de acondicionamiento físico del sector privado,0 a 5 personas,CALLE,CERRADA TLAHUELMANCO,ANDADOR,NINGUNO,CALLE,PROLONGACION BUENAVISTA,ANDADOR,NINGUNO,NA,SN,NA,NA,NA,NA,PUEBLO,XOCHITEPEC,NA,NA,NA,16100,09,Ciudad de México,013,Xochimilco,0001,Xochimilco,0283,044,NA,NA,NA,Fijo,19.25880534,-99.13446059,2024-11
8736972,09013713943001771000000000U8,CAMPOS DE FUTBOL POKOLPOK,NA,713943,Centros de acondicionamiento físico del sector privado,0 a 5 personas,CARRETERA,LOCALIDAD 800,OTRO(ESPECIFIQUE),NINGUNO,OTRO(ESPECIFIQUE),NINGUNO,OTRO(ESPECIFIQUE),NINGUNO,NA,DOMICILIO CONOCIDO,NA,NA,NA,NA,LOCALIDAD,APATLACO,NA,NA,NA,16090,09,Ciudad de México,013,Xochimilco,0169,Apatlaco,1281,800,5527014720,NA,NA,Fijo,19.26467124,-99.08656526,2019-11
7722044,09013713943001461000000000U6,CAMPOS DE FUTBOL SECTOR SOCCER,NA,713943,Centros de acondicionamiento físico del sector privado,0 a 5 personas,CALLE,12 DE DICIEMBRE,CALLE,CAMINO A LA JOYA,CALLE,CAMINO A TEPUENTE,CALLE,CAMINO A TEPUENTE,NA,SN,NA,NA,NA,NA,COLONIA,TEPUENTE,NA,NA,NA,14470,09,Ciudad de México,013,Xochimilco,0001,Xochimilco,0809,083,5519162050,NA,NA,Fijo,19.23616579,-99.14816285,2019-11
635217,09005713941000021002000000U9,CANCHA CUAUTEPEC,NA,713943,Centros de acondicionamiento físico del sector privado,6 a 10 personas,CALLE,MIGUEL LERDO DE TEJADA,PRIVADA,1 A PEDRO NOLASCO,CALLE,PRIMERA LERDO DE TEJADA,CERRADA,SEGUNDA LERDO DE TEJADA,47,NA,NA,NA,NA,NA,COLONIA,CUAUTEPEC BARRIO ALTO,NA,NA,NA,07100,09,Ciudad de México,005,Gustavo A. Madero,0001,Gustavo A. Madero,0050,027,5531943760,NA,NA,Fijo,19.55928078,-99.13123822,2010-07
674914,09005713944000141000000000U9,CANCHA DE BASQUETBOL TEOTACHTLI,GOBIERNO DE LA CIUDAD DE MEXICO,713944,Centros de acondicionamiento físico del sector público,0 a 5 personas,CALLE,JESUS DIAZ LEON,CALLE,JESUS DIAZ LEON,CALLE,EVA SAMANO DE LOPEZ MATEOS,PRIVADA,MIGUEL DE CABAÑAS,25,M97,NA,NA,0,L12 MZ97,COLONIA,AMPLIACIÓN GABRIEL HERNÁNDEZ,NA,NA,NA,07089,09,Ciudad de México,005,Gustavo A. Madero,0001,Gustavo A. Madero,0667,001,5541391932,NA,NA,Fijo,19.50726688,-99.10553354,2014-12
7261540,09004713943000601000000000U7,CANCHA DE FUT 5,NA,713943,Centros de acondicionamiento físico del sector privado,0 a 5 personas,PRIVADA,PRIMERA MORELOS,CALLE,ABASOLO,CERRADA,SEGUNDA MORELOS,PRIVADA,PRIMERA DE ABASOLO,31,NA,NA,NA,NA,NA,COLONIA,SAN MATEO TLALTENANGO,NA,NA,NA,05600,09,Ciudad de México,004,Cuajimalpa de Morelos,0001,Cuajimalpa de Morelos,0138,023,5550882883,NA,NA,Fijo,19.34308327,-99.27771245,2019-11
635154,09005713992000031010000000U1,CANCHA DE FUT BOL RAPIDO VIVIS,NA,713943,Centros de acondicionamiento físico del sector privado,0 a 5 personas,CALLE,PEDRO NOLASCO,CALLE,APANGO,CALLE,TERCERA CERRADA PEDRO NOLASCO,CALLE,PRIMERA CERRADA APANGO,24,A,NA,NA,NA,NA,COLONIA,CUAUTEPEC BARRIO ALTO,NA,NA,NA,07100,09,Ciudad de México,005,Gustavo A. Madero,0001,Gustavo A. Madero,0050,016,5538090147,NA,NA,Fijo,19.55820157,-99.13275009,2010-07
939088,09013713944000081000000000U1,CANCHA DE FUTBOL DE SAN LUIS TLAXIALTEMALCO,COMITE DE EQUIPOS DE SAN LUIS TLAXIALTEMALCO,713944,Centros de acondicionamiento físico del sector público,0 a 5 personas,CALLE,CALVARIO,CALLE,ACUEDUCTO,CALLE,ANTIGUO CAMINO XOCHIMILCO-TULYEHUALCO,CERRADA,PRIMERA DE 5 DE MAYO,2,NA,NA,NA,NA,NA,PUEBLO,SAN LUIS TLAXIALTEMALCO,NA,NA,NA,16610,09,Ciudad de México,013,Xochimilco,0001,Xochimilco,0692,007,5554712249,NA,NA,Fijo,19.25713837,-99.03563043,2014-12
1012229,09008931210000591010000000U1,CANCHA DE FUTBOL DEL LIENZO CHARRO,PROPIEDAD SOCIAL DEL EJIDO SAN NICOLAS TOTOLAPAN,713943,Centros de acondicionamiento físico del sector privado,0 a 5 personas,CALLE,RETAMA,CALLE,BUENAVISTA,CALLE,INDEPENDENCIA,PRIVADA,NINGUNO,NA,SN,NA,NA,NA,NA,COLONIA,DE SAN NICOLÁS TOTOLAPAN,NA,NA,NA,10900,09,Ciudad de México,008,La Magdalena Contreras,0001,La Magdalena Contreras,0461,001,NA,EJIDOSANNICOLASTOTOLAPAN336@OUTLOOK.COM,NA,Fijo,19.29664735,-99.24855183,2014-12
669656,09005713943001821000000000U7,CANCHA DE FUTBOL LA ESCONDIDA,NA,713943,Centros de acondicionamiento físico del sector privado,0 a 5 personas,CERRADA,NINGUNO,CALLE,MAURICIO GOMEZ,CERRADA,JUVENTINO ROSAS,CALLE,20 DE NOVIEMBRE,18,NA,NA,NA,NA,NA,COLONIA,CUAUTEPEC BARRIO ALTO,NA,NA,NA,07100,09,Ciudad de México,005,Gustavo A. Madero,0001,Gustavo A. Madero,0050,011,5544787448,NA,NA,Fijo,19.55533493,-99.13567958,2014-12
7769029,09005713992000161010000000U6,CANCHA DE FUTBOL RAPIDO JOGABONITO,NA,713943,Centros de acondicionamiento físico del sector privado,0 a 5 personas,CALLE,PEDRO INFANTE,CALLE,CALLEJON ARMANDO MELGOZA,CALLE,FANNY SCHILLER,OTRO(ESPECIFIQUE),ARROYO,533,MZ 56 LOTE 533,NA,NA,NA,NA,COLONIA,FORESTAL,NA,NA,NA,07110,09,Ciudad de México,005,Gustavo A. Madero,0001,Gustavo A. Madero,2729,004,5521215003,E09DPRO8482@AEFCM.GOB.MX,NA,Fijo,19.56289437,-99.13313868,2019-11
745702,09017711312000011000000000U1,CANCHA DE FUTBOL RAPIDO JOPA,GOBIERNO DEL DISTRITO FEDERAL,713944,Centros de acondicionamiento físico del sector público,6 a 10 personas,CALLE,CECILIO ROBELO,EJE VIAL,2 ORIENTE (HONORABLE CONGRESO DE LA UNION),CALLE,SUR 103,CALLE,STAND DE TIRO,NA,SN,NA,NA,NA,NA,COLONIA,DEL PARQUE,NA,NA,NA,15960,09,Ciudad de México,017,Venustiano Carranza,0001,Venustiano Carranza,0704,006,5532037381,NA,NA,Fijo,19.42537959,-99.1192752,2010-07
7627271,09013713992000021010000000U6,CANCHA DE FUTBOL RAPIDO OASIS,LIGA DE FUTBOL OASIS COMUNITARIA,713944,Centros de acondicionamiento físico del sector público,0 a 5 personas,CALLE,SAN DIEGO,CALLE,BELLAVISTA,CALLE,CAMINO AL AJUSCO,CERRADA,MIRADOR,NA,SN,NA,NA,NA,NA,COLONIA,AMPLIACIÓN TEPEPAN,NA,NA,NA,16060,09,Ciudad de México,013,Xochimilco,0001,Xochimilco,1332,014,NA,NA,NA,Fijo,19.2642317,-99.13035973,2019-11
1012925,09008713944000081001000000U1,CANCHA DE FUTBOL SIN NOMBRE,ANTONIO CAZO,713944,Centros de acondicionamiento físico del sector público,6 a 10 personas,AVENIDA,BUENAVISTA,CALLE,DEL ROSAL,CALLE,GUADALUPE,CALLE,LA TEJA,NA,SN,NA,NA,NA,NA,COLONIA,NUEVO BAJO,NA,NA,NA,10640,09,Ciudad de México,008,La Magdalena Contreras,0001,La Magdalena Contreras,0300,021,NA,NA,NA,Fijo,19.30327344,-99.24743662,2010-07
10885260,09011713943002051000000000U8,CANCHA DE FUTBOL TULYEHUALCO,NA,713943,Centros de acondicionamiento físico del sector privado,0 a 5 personas,CALLE,MONTE CARMELO,CERRADA,NINGUNO,CALLE,GRANIZO,CALLE,LLUVIA,NA,SN,NA,NA,NA,NA,COLONIA,EL ROSARIO,NA,NA,NA,13540,09,Ciudad de México,011,Tláhuac,0021,San Juan Ixtayopan,1003,010,NA,NA,NA,Fijo,19.24077877,-99.00691448,2024-11
939155,09013713944000101000000000U7,CANCHA DE FUTBOL TULYEHUALCO,PUEBLO DE SANTIAGO TULYEHUALCO,713944,Centros de acondicionamiento físico del sector público,0 a 5 personas,CALLE,FRANCISCO I MADERO,CALLE,AMARANTO,CALLE,LAS ANIMAS,AVENIDA,AQUILES SERDAN,23,NA,NA,NA,NA,NA,PUEBLO,GUADALUPITA,NA,NA,NA,16700,09,Ciudad de México,013,Xochimilco,0001,Xochimilco,1313,001,NA,NA,NA,Fijo,19.25639584,-99.02123136,2014-12
7643237,09009713941000021000000000U1,CANCHA DE FUTBOOL REAL,CANCHAS REAL,713943,Centros de acondicionamiento físico del sector privado,0 a 5 personas,CALLE,NINGUNO,CALLE,NINGUNO,OTRO(ESPECIFIQUE),AREA VERDE,CERRADA,NINGUNO,NA,SN,NA,NA,NA,NA,PUEBLO,SAN PABLO OZTOTEPEC,NA,NA,NA,12400,09,Ciudad de México,009,Milpa Alta,0033,San Salvador Cuauhtenco,0346,024,5611245620,NA,WWW.CANCHASREAL.COM,Fijo,19.19295263,-99.08371213,2019-11
979183,09004713944000041000000000U4,CANCHA DE FUTOBOL CASTILLO LEDON,GOBIERNO DE CUAJIMALPA DE MORELOS,713944,Centros de acondicionamiento físico del sector público,0 a 5 personas,AVENIDA,JUAREZ,AVENIDA,MEXICO,CERRADA,SEGUNDA DE JUAREZ,AVENIDA,JUAREZ,NA,SN,NA,NA,NA,NA,COLONIA,CUAJIMALPA,NA,NA,NA,05000,09,Ciudad de México,004,Cuajimalpa de Morelos,0001,Cuajimalpa de Morelos,0299,025,NA,NA,NA,Fijo,19.35684936,-99.2989026,2010-07
651208,09005713943000561000000000U0,CANCHA DE TENIS ACUEDUCTO,LOS COLONOS DE LA ZONA RESIDENCIAL,713943,Centros de acondicionamiento físico del sector privado,0 a 5 personas,CALLE,ACUEDUCTO DE GUADALUPE,CALLE,CALLE DE LA BORRASCA,CALLE,CALLE DEL CERRO,BOULEVARD,TEMOLUCO,100,NA,NA,NA,NA,NA,COLONIA,RESIDENCIAL ACUEDUCTO DE GUADALUPE,NA,NA,NA,07279,09,Ciudad de México,005,Gustavo A. Madero,0001,Gustavo A. Madero,039A,016,5530659741,NA,NA,Fijo,19.52093409,-99.14679383,2010-07
758439,09016713941000041000000000U4,CANCHA DE TENIS EL ARBOL,NA,713943,Centros de acondicionamiento físico del sector privado,0 a 5 personas,CALLE,MAR EGEO,CALLE,MAR DE BANDA,CALLE,MAR DE LA SONDA,CALLE,MAR MEDITERRANEO,299,NA,NA,NA,NA,NA,COLONIA,POPOTLA,NA,NA,NA,11400,09,Ciudad de México,016,Miguel Hidalgo,0001,Miguel Hidalgo,0069,007,NA,NA,NA,Fijo,19.45669441,-99.17691607,2010-07
8616497,09004713944000071000000000U1,CANCHA DEPORTIVA PALO ALTO,DIRECCION GENERAL DEL DEPORTE ALCALDIA CUAJIMALPA DE MORELOS,713944,Centros de acondicionamiento físico del sector público,0 a 5 personas,CALLE,CERRADA PALO ALTO,CALLE,GRANJAS,OTRO(ESPECIFIQUE),MANZANA O EDIFICACION CONTIGUA,CALLE,PRIVADA TAMARINDOS,NA,SN,NA,NA,NA,NA,COLONIA,GRANJAS PALO ALTO,NA,NA,NA,05120,09,Ciudad de México,004,Cuajimalpa de Morelos,0001,Cuajimalpa de Morelos,0195,060,NA,NA,NA,Fijo,19.38401197,-99.25303931,2019-11
7262748,09010713944000131000000000U0,CANCHA DESARROLLO URBANO,ALCALDIA ALVARO OBREGON CULTURA Y DEPORTE,713944,Centros de acondicionamiento físico del sector público,0 a 5 personas,CALLE,MORELOS,CALLE,MEXICO,CALLE,DISTRITO FEDERAL,CALLE,BAJA CALIFORNIA,NA,SN,NA,NA,NA,NA,COLONIA,DESARROLLO URBANO,NA,NA,NA,01278,09,Ciudad de México,010,Álvaro Obregón,0001,Álvaro Obregón,1951,019,NA,NA,NA,Fijo,19.38183687,-99.21923551,2019-11
9098012,09005713943004091000000000U4,CANCHA MONUMENTAL,NA,713943,Centros de acondicionamiento físico del sector privado,0 a 5 personas,CALLE,20 DE NOVIEMBRE,PRIVADA,NINGUNO,CALLE,MAURICIO GOMEZ,CALLE,JUVENTINO ROSAS,7,NA,NA,NA,NA,NA,COLONIA,CUAUTEPEC BARRIO ALTO,NA,NA,NA,07100,09,Ciudad de México,005,Gustavo A. Madero,0001,Gustavo A. Madero,0050,011,5547962150,NA,NA,Fijo,19.55551974,-99.13369849,2019-11
7730137,09012713944000211000000000U6,CANCHA SANTA URSULA XITLA,AREA DE DEPORTES ALCALDIA TLALPAN,713944,Centros de acondicionamiento físico del sector público,0 a 5 personas,CALLE,AVELINO VALENCIA,CALLE,CANTERA,CALLE,CAMINO A SANTA URSULA,CALLE,CAMINO A SANTA URSULA,NA,SN,NA,NA,NA,NA,COLONIA,SANTA ÚRSULA XITLA,NA,NA,NA,14420,09,Ciudad de México,012,Tlalpan,0001,Tlalpan,1072,019,NA,NA,NA,Fijo,19.28011182,-99.17871933,2019-11
11811965,09007713944000391000000000U6,CANCHAS ANEXAS UTOPIA CUAUHTLICALLI,GOBIERNO CDMX,713944,Centros de acondicionamiento físico del sector público,0 a 5 personas,CALLE,TENIENTE FAUSTO VEGA SANTANDER,CALLE,ALFONSO TORO,CALLE,NINGUNO,CALLE,GENERAL RADAMES GAXIOLA ANDRADE,NA,SN,NA,NA,NA,NA,COLONIA,ESCUADRÓN 201,NA,NA,NA,09060,09,Ciudad de México,007,Iztapalapa,0001,Iztapalapa,0708,025,NA,NA,NA,Fijo,19.36674975,-99.11162005,2025-04
815181,09007711212000021010000000U3,CANCHAS CHUPIGOL,NA,713943,Centros de acondicionamiento físico del sector privado,0 a 5 personas,AVENIDA,CAÑADA,CALLE,CERRADA JARRITO,CERRADA,PLANETA,CALLE,ESPACIAL,163,NA,NA,NA,NA,NA,COLONIA,SAN PABLO,NA,NA,NA,09640,09,Ciudad de México,007,Iztapalapa,0001,Iztapalapa,3346,001,5521814667,NA,NA,Fijo,19.3353754,-99.00475382,2010-07
8442597,09014713943001501000000000U7,CANCHAS DE FOOTBALL DE ESCUELA TOMAS ALVA EDISON,FORMACION EDUCACION Y CULTURA,713943,Centros de acondicionamiento físico del sector privado,0 a 5 personas,CALLE,AMORES,CALLE,SAN LORENZO,EJE VIAL,7 SUR (FELIX CUEVAS),EJE VIAL,2 PONIENTE (GABRIEL MANCERA),1408,NA,NA,NA,NA,NA,COLONIA,DEL VALLE SUR,NA,NA,NA,03104,09,Ciudad de México,014,Benito Juárez,0001,Benito Juárez,0740,003,NA,D_PERALTA@TAE.EDU.MX,NA,Fijo,19.37318928,-99.16893508,2019-11
921360,09004713943000431000000000U9,CANCHAS DE FULTBOOL EL RANCHITO,NA,713943,Centros de acondicionamiento físico del sector privado,0 a 5 personas,CERRADA,NINGUNO,CALLE,NINGUNO,CALLE,NINGUNO,CALLE,EMILIANO ZAPATA,NA,SN,NA,NA,NA,NA,COLONIA,SAN MATEO TLALTENANGO,NA,NA,NA,05600,09,Ciudad de México,004,Cuajimalpa de Morelos,0001,Cuajimalpa de Morelos,0138,014,NA,NA,NA,Fijo,19.34149943,-99.27497251,2014-12
11466402,09011713943002301000000000U7,CANCHAS DE FUT7 TULYEHUALCO,NA,713943,Centros de acondicionamiento físico del sector privado,0 a 5 personas,CALLE,MONTE CARMELO,CERRADA,MELCHOR OCAMPO,AVENIDA,CAMINO REAL,CERRADA,MONTE ALBAN,NA,SN,NA,NA,NA,NA,COLONIA,OLIVAR SANTA MARIANA,NA,NA,NA,13546,09,Ciudad de México,011,Tláhuac,0001,Tláhuac,0819,017,5543751460,NA,NA,Fijo,19.24515598,-99.00377057,2024-11
8386622,09004713944000081000000000U0,CANCHAS DE FUTBALL EL YAQUI,GOBIERNO,713944,Centros de acondicionamiento físico del sector público,0 a 5 personas,CALLE,MIGUEL ROMERO,CALLE,NAVOJOA,CALLE,JUAN DE DIOS,PRIVADA,SENDERO,NA,SN,NA,NA,NA,NA,COLONIA,MEMETLA,NA,NA,NA,05320,09,Ciudad de México,004,Cuajimalpa de Morelos,0001,Cuajimalpa de Morelos,0104,015,NA,NA,NA,Fijo,19.3610051,-99.28625192,2019-11
10991108,09005713943005041000000000U8,CANCHAS DE FUTBOL,NA,713943,Centros de acondicionamiento físico del sector privado,0 a 5 personas,CALLE,RICARTE,CALLE,RIOBAMBA,PRIVADA,BOGOTA,EJE VIAL,4 NORTE (AVENIDA FORTUNA),220,NA,NA,NA,NA,NA,COLONIA,MAGDALENA DE LAS SALINAS,NA,NA,NA,07300,09,Ciudad de México,005,Gustavo A. Madero,0001,Gustavo A. Madero,1256,007,NA,NA,NA,Fijo,19.48598174,-99.12950143,2024-11
10441213,09012713943002691000000000U9,CANCHAS DE FUTBOL,JAIME ANDRES CONTRERAS SC,713943,Centros de acondicionamiento físico del sector privado,0 a 5 personas,CALLE,HERMENEGILDO GALEANA,CALLE,NINGUNO,CALLE,MARIANO ESCOBEDO,CALLE,HERMANOS RAYON,NA,SN,NA,NA,NA,NA,COLONIA,SANTO TOMÁS AJUSCO,NA,NA,NA,14700,09,Ciudad de México,012,Tlalpan,0026,San Miguel Ajusco,1528,011,NA,NA,NA,Fijo,19.21895633,-99.19856408,2024-11
8139556,09007713943006071000000000U0,CANCHAS DE FUTBOL INSURGENTES,NA,713943,Centros de acondicionamiento físico del sector privado,0 a 5 personas,AVENIDA,INSURGENTES,AVENIDA,INSURGENTES,CERRADA,INSURGENTES,CALLE,BENITO JUAREZ,NA,SN,NA,NA,NA,NA,COLONIA,SANTA CRUZ MEYEHUALCO,NA,NA,NA,09700,09,Ciudad de México,007,Iztapalapa,0001,Iztapalapa,1759,019,NA,NA,NA,Fijo,19.33685285,-99.04170052,2019-11
7628438,09013713943001671000000000U0,CANCHAS DE FUTBOL LA JOYA,NA,713943,Centros de acondicionamiento físico del sector privado,0 a 5 personas,CALLE,ARBOLEDAS,CALLE,PRIVADA AL AJUSCO,CALLE,NINGUNO,CALLE,NINGUNO,NA,SN,NA,NA,NA,NA,PUEBLO,XOCHITEPEC,NA,NA,NA,16100,09,Ciudad de México,013,Xochimilco,0001,Xochimilco,0283,027,NA,NA,NA,Fijo,19.26087136,-99.13564425,2019-11
878418,09004713943000351000000000U9,CANCHAS DE FUTBOL LA PAPA,NA,713943,Centros de acondicionamiento físico del sector privado,0 a 5 personas,CALLE,CHAMIXTO,CERRADA,NINGUNO,ANDADOR,NINGUNO,ANDADOR,CERRADA EUCALIPTO,NA,SN,NA,NA,NA,NA,COLONIA,LOMA DEL PADRE,NA,NA,NA,05020,09,Ciudad de México,004,Cuajimalpa de Morelos,0001,Cuajimalpa de Morelos,0231,001,NA,NA,NA,Fijo,19.34754485,-99.30932425,2010-07
10350467,09013713943001991000000000U2,CANCHAS DE FUTBOL MX,NA,713943,Centros de acondicionamiento físico del sector privado,0 a 5 personas,OTRO(ESPECIFIQUE),CANAL,CALLE,NINGUNO,OTRO(ESPECIFIQUE),NINGUNO,OTRO(ESPECIFIQUE),NINGUNO,2000,NA,NA,1,NA,NA,COLONIA,TLACOAPA,PARQUE RECREATIVO,DEPORTIVO CUEMANCO XOCHIMILCO,2000,16000,09,Ciudad de México,013,Xochimilco,0001,Xochimilco,1277,003,5531302251,NA,NA,Semifijo,19.30004827,-99.10049308,2024-11
10095521,09010713943002351000000000U4,CANCHAS DE FUTBOL RAPIDO 7,ENRIQUE MELENDEZ,713943,Centros de acondicionamiento físico del sector privado,0 a 5 personas,CALLE,JOAQUIN GALLO,AVENIDA,JAVIER BARROS SIERRA,AVENIDA,VASCO DE QUIROGA,CALLE,AVENIDA 8 1/2,NA,SN,NA,NA,102,NA,COLONIA,SANTA FE,NA,NA,NA,01376,09,Ciudad de México,010,Álvaro Obregón,0001,Álvaro Obregón,1542,034,5519146998,NA,NA,Fijo,19.37036141,-99.26003183,2024-11
721158,09007713943003491000000000U3,CANCHAS DE FUTBOL RAPIDO CENTER GOL,NA,713943,Centros de acondicionamiento físico del sector privado,0 a 5 personas,CALLE,SAN NICOLAS,CALLE,LAS MORADAS,CERRADA,ADOLFO RUIZ CORTINES,CALLE,LA DIVINA COMEDIA,79,NA,NA,NA,NA,NA,COLONIA,EVA SÁMANO DE LÓPEZ MATEOS,NA,NA,NA,09240,09,Ciudad de México,007,Iztapalapa,0001,Iztapalapa,1015,008,NA,NA,NA,Fijo,19.35932751,-99.06732412,2014-12
9045039,09006713944000291000000000U0,CANCHAS DE FUTBOL RAPIDO DE LA ESEF,CANCHAS DE FUTBOL RAPIDO DE LA ESEF,713944,Centros de acondicionamiento físico del sector público,0 a 5 personas,CALLE,NINGUNO,VIADUCTO,RIO DE LA PIEDAD,CALLE,ATLETAS,EJE VIAL,3 SUR (AÑIL),3,NA,NA,NA,NA,NA,COLONIA,GRANJAS MÉXICO,NA,NA,NA,06400,09,Ciudad de México,006,Iztacalco,0001,Iztacalco,0147,006,NA,NA,NA,Fijo,19.40716571,-99.10174875,2019-11
11053714,09010713944000241000000000U7,CANCHAS DEPORTIVAS POR PARTE DE LA DELEGACION,GOBIERNO ALCALDIA ALVARO OBREGON,713944,Centros de acondicionamiento físico del sector público,0 a 5 personas,AVENIDA,AVENIDA DEL ROSAL,CALLE,ROSA DE FUEGO,CALLE,ROSA REINA,CALLE,ROSA REINA,NA,SN,NA,NA,NA,NA,COLONIA,MOLINO DE ROSAS,NA,NA,NA,01470,09,Ciudad de México,010,Álvaro Obregón,0001,Álvaro Obregón,0629,012,NA,NA,NA,Fijo,19.37297983,-99.19620591,2024-11
10887677,09008713944000131000000000U4,CANCHAS DEPORTIVAS TIERRA UNIDA,ALCALDIA LA MAGDALENA CONTREAS,713944,Centros de acondicionamiento físico del sector público,0 a 5 personas,ANDADOR,14,CERRADA,ECOLOGISTAS,CALLE,PRINCIPAL,CALLE,DEL BOSQUE,NA,SN,NA,NA,NA,NA,COLONIA,TIERRA UNIDA,NA,NA,NA,10369,09,Ciudad de México,008,La Magdalena Contreras,0001,La Magdalena Contreras,0584,019,NA,NA,NA,Fijo,19.30314001,-99.27032365,2024-11
8602289,09012713944000171000000000U2,CANCHAS POPULAR SANTA TERESA,CANCHAS DEL GOBIERNO DE LA CIUDAD DE MEXICO,713944,Centros de acondicionamiento físico del sector público,0 a 5 personas,CALLE,BALANCAN,CALLE,TEKIT,CALLE,CANSAHCAB,CALLE,TEKIT,NA,SN,NA,NA,NA,NA,CONDOMINIO,LOMAS DEL PEDREGAL FRAMBOYANES,NA,NA,NA,14140,09,Ciudad de México,012,Tlalpan,0001,Tlalpan,1388,046,NA,NA,NA,Fijo,19.29898167,-99.22782547,2019-11
750087,09016465215000831010000000U7,CANCHAS PREMIER FUTBOL 7,NA,713943,Centros de acondicionamiento físico del sector privado,0 a 5 personas,AVENIDA,5 DE MAYO,AVENIDA,FF CC NACIONALES,PEATONAL,NINGUNO,AVENIDA,FF CC NACIONALES,NA,SN,NA,NA,NA,NA,COLONIA,SAN LORENZO TLALTENANGO,NA,NA,NA,11290,09,Ciudad de México,016,Miguel Hidalgo,0001,Miguel Hidalgo,0016,001,NA,NA,NA,Fijo,19.47226458,-99.19754899,2010-07
11798736,09003713943002911000000000U0,CANGUROS BOXING,CANGUROS BOXING,713943,Centros de acondicionamiento físico del sector privado,0 a 5 personas,AVENIDA,AZTECAS,CALLE,Rey Meconetzin,CALLE,Rey Tepalcatzin,CALLE,Zapotecas,NA,SN,NA,NA,NA,NA,COLONIA,AJUSCO,NA,NA,NA,04300,09,Ciudad de México,003,Coyoacán,0001,Coyoacán,0817,019,5540238456,NA,NA,Fijo,19.32118749,-99.16219331,2025-04
9910889,09003713943002721000000000U3,CANTERA FIT CLUB,NA,713943,Centros de acondicionamiento físico del sector privado,0 a 5 personas,CALLE,CICALCO,CALLE,ZIHUATLAN,CALLE,NUSTEPEC,CALLE,CANAHUTLI,9,NA,NA,NA,NA,NA,COLONIA,PEDREGAL DE SANTO DOMINGO,NA,NA,NA,04369,09,Ciudad de México,003,Coyoacán,0001,Coyoacán,079A,008,5633384670,GABTN03@GMAIL.COM,NA,Fijo,19.31756338,-99.16832464,2024-11
11299311,09005713943004441000000000U1,CARDIO AMAZONAS,NA,713943,Centros de acondicionamiento físico del sector privado,0 a 5 personas,CALLE,MIGUEL LERDO DE TEJADA,CALLE,MIGUEL LERDO DE TEJADA,CALLE,GENERAL FELIPE ANGELES,CALLE,GENERAL FELIPE ANGELES,3,NA,NA,NA,0,MZ 4 L3,COLONIA,CUAUTEPEC EL ALTO,NA,NA,NA,07100,09,Ciudad de México,005,Gustavo A. Madero,0001,Gustavo A. Madero,0050,067,NA,NA,NA,Fijo,19.55884767,-99.13036762,2024-11
11703032,09007713943007251000000000U7,CARDIO ANNI,NA,713943,Centros de acondicionamiento físico del sector privado,0 a 5 personas,AVENIDA,CARLOS HANK GONZALEZ,CALLE,AVELLANO,CALLE,CARYA,CALLE,AVELLANO,NA,SN,NA,NA,NA,NA,COLONIA,SANTIAGO ACAHUALTEPEC SEGUNDA AMPLIACIÓN,NA,NA,NA,09609,09,Ciudad de México,007,Iztapalapa,0001,Iztapalapa,2738,032,NA,NA,NA,Fijo,19.3416001,-99.00740033,2024-11
10853358,09005713943004451000000000U0,CARDIO AZUCENAS,NA,713943,Centros de acondicionamiento físico del sector privado,0 a 5 personas,CALLE,HUAJUAPAN DE LEON,CALLE,HUILOAPAN,CALLE,LAGOS DE MORENO,AVENIDA,DOLORES HIDALGO,11,LOTE MZ 61,NA,NA,NA,NA,COLONIA,SAN FELIPE DE JESÚS,NA,NA,NA,07510,09,Ciudad de México,005,Gustavo A. Madero,0001,Gustavo A. Madero,1218,020,NA,NA,NA,Fijo,19.49167718,-99.07117523,2024-11
726283,09007713943002431001000000U0,CARDIO CENTER FIT CLUB,ROGELIO BERNAL,713943,Centros de acondicionamiento físico del sector privado,6 a 10 personas,AVENIDA,SAN FRANCISCO TLALTENCO,CALLE,PLAYA MIRAMAR,PRIVADA,FRANCISCO TLALTENCO,CALLE,PUERTO VALLARTA,NA,SN,NA,NA,NA,NA,COLONIA,LA POLVORILLA,NA,NA,NA,09760,09,Ciudad de México,007,Iztapalapa,0001,Iztapalapa,4749,028,5642897251,NA,NA,Fijo,19.32161879,-99.04728918,2014-12
10430064,09007713943007131000000000U1,CARDIO CLUB,CLAUDIA OLIVARES,713943,Centros de acondicionamiento físico del sector privado,0 a 5 personas,CALLE,ALLENDE,CALLE,CUAUHTEMOC,CALLE,PRIMAVERA,CALLEJON,MARIANO ESCOBEDO,65,NA,NA,NA,NA,NA,BARRIO,SAN PEDRO,NA,NA,NA,09000,09,Ciudad de México,007,Iztapalapa,0001,Iztapalapa,0981,006,5541841503,NA,NA,Fijo,19.36307778,-99.08821135,2024-11
8184092,09005713943003671000000000U4,CARDIO CLUB FITNESS,NA,713943,Centros de acondicionamiento físico del sector privado,0 a 5 personas,AVENIDA,JUVENTINO ROSAS VENUSTIANO CARRANZA,CALLE,ESCUELA SECUNDARIA 160,CALLE,FRANCISCO VILLA,AVENIDA,JUVENTINO ROSAS (VENUSTIANO CARRANZA),NA,SN,NA,NA,NA,NA,COLONIA,VALLE DE MADERO,NA,NA,NA,07190,09,Ciudad de México,005,Gustavo A. Madero,0001,Gustavo A. Madero,3089,013,5534422458,NA,NA,Fijo,19.55203266,-99.13668669,2019-11
7631649,09011713943001441000000000U2,CARDIO DANCE,NA,713943,Centros de acondicionamiento físico del sector privado,0 a 5 personas,CALLE,CUAUHTEMOC,CALLE,RIO AMECA,CALLE,NORTE DEL COMERCIO,AVENIDA,AVENIDA DEL MAESTRO,NA,SN,NA,NA,NA,NA,COLONIA,LA ASUNCION,NA,NA,NA,13500,09,Ciudad de México,011,Tláhuac,0021,San Juan Ixtayopan,1018,014,NA,NA,NA,Fijo,19.23859922,-98.99522791,2019-11
11192880,09007713943007441000000000U4,CARDIO EDYSA,NA,713943,Centros de acondicionamiento físico del sector privado,0 a 5 personas,CALLE,REFORMA POPULAR,AVENIDA,LAS TORRES,CALLE,REFORMA EDUCATIVA,CALLE,REFORMA EDUCATIVA,3,NA,NA,NA,NA,NA,COLONIA,REFORMA POLÍTICA,NA,NA,NA,09730,09,Ciudad de México,007,Iztapalapa,0001,Iztapalapa,2901,073,5521539240,NA,NA,Fijo,19.33779043,-99.03136226,2024-11
9833126,09003713943002361000000000U8,CARDIO ELITE,NA,713943,Centros de acondicionamiento físico del sector privado,0 a 5 personas,CALLE,LAS ROSAS,PRIVADA,LAS ROSAS,CALLE,PINO,CALLE,CUAUHTEMOC,16,A,NA,NA,NA,NA,BARRIO,SAN FRANCISCO CULHUACÁN BARRIO DE LA MAGDALENA,NA,NA,NA,04260,09,Ciudad de México,003,Coyoacán,0001,Coyoacán,0357,015,5591633137,ERKASALVADORSALAD906@GMAIL.COM,NA,Fijo,19.34256171,-99.11669113,2024-11
10385634,09015713943002861000000000U1,CARDIO EN ESCALADORA,CARDIO FIT GUERRERO,713943,Centros de acondicionamiento físico del sector privado,0 a 5 personas,CALLE,DEGOLLADO,CALLE,SOTO,CALLE,LERDO,EJE VIAL,1 NORTE (MOSQUETA),98,A,NA,NA,NA,NA,COLONIA,GUERRERO,NA,NA,NA,06350,09,Ciudad de México,015,Cuauhtémoc,0001,Cuauhtémoc,0574,006,NA,NA,NA,Fijo,19.44539874,-99.14328766,2024-11
11295251,09005713943004531000000000U9,CARDIO EN ESCALADORA,NA,713943,Centros de acondicionamiento físico del sector privado,0 a 5 personas,CALLE,RUBEN LEÑERO,CALLE,RICARDO FANDEÑO IGLESIAS,CALLE,VASCONCELOS,CALLE,RICARDO FANDEÑO IGLESIAS,8,NA,NA,NA,NA,NA,COLONIA,PALMATITLA,NA,NA,NA,07110,09,Ciudad de México,005,Gustavo A. Madero,0001,Gustavo A. Madero,3089,033,NA,NA,NA,Fijo,19.55287272,-99.13388587,2024-11
11500221,09007713943007371000000000U3,CARDIO ENTRENAMIENTO,CARDIO ALEJANDRA,713943,Centros de acondicionamiento físico del sector privado,0 a 5 personas,CALLE,EVANGELISTA TORRICELLI,CALLE,EMILIO BERLINER,CALLE,NICOLAS L. ROBERTS,CALLE,EMILIO BERLINER,NA,SN,NA,NA,NA,NA,COLONIA,FUEGO NUEVO,NA,NA,NA,09800,09,Ciudad de México,007,Iztapalapa,0001,Iztapalapa,2988,016,5542468030,ALEGARCIADEMARTINEZ@GMAIO.COM,NA,Fijo,19.33219349,-99.09469496,2024-11
8625498,09015713943002231000000000U7,CARDIO ESCALADORAS,MARISA REYES,713943,Centros de acondicionamiento físico del sector privado,0 a 5 personas,CALZADA,CALZADA DE LA VIGA,CALLE,ORIENTE 80,PROLONGACION,JOSE TOMAS CUELLAR,CALLE,SUR 79,319,NA,NA,NA,NA,NA,COLONIA,AMPLIACIÓN ASTURIAS,NA,NA,NA,06870,09,Ciudad de México,015,Cuauhtémoc,0001,Cuauhtémoc,152A,015,5523082267,NA,NA,Fijo,19.40756844,-99.12660525,2019-11
9930969,09007713943007821000000000U7,CARDIO ESCOBAR,NA,713943,Centros de acondicionamiento físico del sector privado,0 a 5 personas,CALLE,5,CALLE,18,CALLE,17,CALLE,4,26,MANZANA 18,NA,NA,NA,NA,COLONIA,JOSÉ LÓPEZ PORTILLO,NA,NA,NA,09920,09,Ciudad de México,007,Iztapalapa,0001,Iztapalapa,2085,013,5523650872,NA,NA,Fijo,19.30872236,-99.08141242,2024-11
10833983,09007713943007161000000000U8,CARDIO FIT,NA,713943,Centros de acondicionamiento físico del sector privado,0 a 5 personas,CALLE,AZUCENA,AVENIDA,DEL ROSAL,CALLE,JOSE MARIA JOARISTI,AVENIDA,SAN LORENZO,111,NA,NA,NA,NA,NA,COLONIA,PARAJE SAN JUAN,NA,NA,NA,09830,09,Ciudad de México,007,Iztapalapa,0001,Iztapalapa,141A,020,5537212080,NA,NA,Fijo,19.34701497,-99.07583474,2024-11
12334053,09015713943003111000000000U0,CARDIO FIT OBRERA,CARDIO FIT OBRERA,713943,Centros de acondicionamiento físico del sector privado,0 a 5 personas,CALLE,LORENZO BOTURINI,CALLE,MAYAS,CALLE,OTOMIES,CALLE,FERNANDO DE ALVA IXTLIXOCHITL,47,A,NA,NA,NA,NA,COLONIA,OBRERA,NA,NA,NA,06800,09,Ciudad de México,015,Cuauhtémoc,0001,Cuauhtémoc,1040,025,NA,NA,NA,Fijo,19.41850174,-99.13885786,2026-04
9212468,09007713943006331000000000U8,CARDIO FITMISS,NA,713943,Centros de acondicionamiento físico del sector privado,0 a 5 personas,CALLE,EDUARDO BRANLEY,CALLE,SAMUEL F. B. MORSE,CALLE,CARLOS BENZ,CALLE,HERMANOS WRIGHT,NA,SN,NA,NA,NA,NA,COLONIA,FUEGO NUEVO,NA,NA,NA,09800,09,Ciudad de México,007,Iztapalapa,0001,Iztapalapa,1852,016,NA,NA,NA,Fijo,19.33121062,-99.10258213,2019-11
8539987,09010713944000171001000000U6,CARDIO FITNES SANTA FE,GOBIERNO DE LA CIUDAD DE MEXICO ALCALDIA ALVARO OBREGON,713944,Centros de acondicionamiento físico del sector público,6 a 10 personas,CALLE,BELLAVISTA,CALLE,GALEANA,OTRO(ESPECIFIQUE),ARROYO,CALLE,GREGORIO LOPEZ,11,NA,NA,NA,NA,NA,COLONIA,SANTA FE,NA,NA,NA,01210,09,Ciudad de México,010,Álvaro Obregón,0001,Álvaro Obregón,0296,022,NA,ALCALDIA.ALVARO.OBREGON@GMAIL.COM,ALCALDIA.ALVARO.OBREGON.GMAIL.COM,Fijo,19.38342252,-99.24036561,2019-11
1008320,09015713943000401001000000U8,CARDIO FITNESS,CARDIO FITNESS,713943,Centros de acondicionamiento físico del sector privado,0 a 5 personas,CALLE,CORREO MAYOR,CALLE,SOLEDAD,CALLE,CORREGIDORA,CALLE,ACADEMIA,34,NA,NA,NA,NA,109,CIUDAD,CENTRO,NA,NA,NA,06000,09,Ciudad de México,015,Cuauhtémoc,0001,Cuauhtémoc,0771,013,NA,NA,NA,Fijo,19.43205398,-99.13001756,2010-07
11510608,09015713943002851000000000U2,CARDIO FITNESS FERMONT,NA,713943,Centros de acondicionamiento físico del sector privado,0 a 5 personas,CALLE,BATOPILAS,CALLE,HIERRO,CALLE,ESTAÑO,CALLE,BOLAÑOS,51,B,NA,NA,NA,B,COLONIA,MAZA,NA,NA,NA,06270,09,Ciudad de México,015,Cuauhtémoc,0001,Cuauhtémoc,0165,024,5539989332,NA,NA,Fijo,19.45644635,-99.12610123,2024-11
9760808,09005713943004661000000000U4,CARDIO FITNESS TICOMAN,ELVER GONZALEZ,713943,Centros de acondicionamiento físico del sector privado,0 a 5 personas,CALLE,30 DE JUNIO DE 1520,AVENIDA,ACUEDUCTO DE GUADALUPE,CALLE,AÑO 1325,CALLE,30 DE JUNIO DE 1520,540,NA,NA,NA,NA,NA,COLONIA,SANTA MARÍA TICOMÁN,NA,NA,NA,07330,09,Ciudad de México,005,Gustavo A. Madero,0001,Gustavo A. Madero,0563,019,NA,NA,NA,Fijo,19.51662559,-99.12789014,2024-11
1041566,09013713943000741000000000U2,CARDIO GOG,NA,713943,Centros de acondicionamiento físico del sector privado,0 a 5 personas,AVENIDA,AQUILES SERDAN,CALLE,JOSEFA ORTIZ DE DOMINGUEZ,CALLE,JOSE MARIA MORELOS,CALLE,SEGUNDO CALLEJON JOSEFA ORTIZ DE DOMINGUEZ,12,NA,NA,NA,0,B,COLONIA,SAN ISIDRO,NA,NA,NA,16739,09,Ciudad de México,013,Xochimilco,0001,Xochimilco,0550,016,5521612358,NA,NA,Fijo,19.25584205,-99.01285771,2010-07
10883657,09006713943001301000000000U8,CARDIO GYM ARIES,NA,713943,Centros de acondicionamiento físico del sector privado,0 a 5 personas,AVENIDA,TEXCOCO,CALLE,2,CALLE,3,CALLE,UNION,101,NA,NA,NA,NA,NA,COLONIA,AGRÍCOLA PANTITLAN,NA,NA,NA,08100,09,Ciudad de México,006,Iztacalco,0001,Iztacalco,0043,010,NA,NA,NA,Fijo,19.41802333,-99.06469456,2024-11
7904505,09007713943004551000000000U3,CARDIO IG FITNESS,NA,713943,Centros de acondicionamiento físico del sector privado,0 a 5 personas,CALLE,OYAMELES,CALLE,JACARANDAS,CALLE,AHUEHUETES,CALLE,OCTAVIO PAZ,25,A 2,NA,NA,NA,NA,UNIDAD HABITACIONAL,SANTA MARTHA ACATITLA NORTE,NA,NA,NA,09140,09,Ciudad de México,007,Iztapalapa,0001,Iztapalapa,5770,025,5537299982,NA,NA,Fijo,19.3710904,-99.00643086,2019-11
670035,09005713943002171100000000U6,CARDIO ISA,NA,713943,Centros de acondicionamiento físico del sector privado,0 a 5 personas,CALLE,LOMA DE LA LUNA,CALLE,HEDRON,CALLE,LOMA DEL SOL,CALLE,HEDRON,6,LT 6 MZ 53,NA,NA,NA,NA,COLONIA,VISTA HERMOSA,NA,NA,NA,07187,09,Ciudad de México,005,Gustavo A. Madero,0001,Gustavo A. Madero,3229,022,NA,NA,NA,Fijo,19.54718019,-99.12250668,2014-12
11652164,09005713943004991000000000U5,CARDIO IZMA,NA,713943,Centros de acondicionamiento físico del sector privado,0 a 5 personas,CALLE,GENERAL GUADALUPE VICTORIA,CALLE,GENERAL PEDRO MARIA ANAYA,CALLE,GENERAL CARLOS SALAZAR,CALLE,GENERAL FLORENCIO ANTILLON,72,NA,NA,NA,NA,NA,COLONIA,15 DE AGOSTO,NA,NA,NA,07070,09,Ciudad de México,005,Gustavo A. Madero,0001,Gustavo A. Madero,128A,017,NA,NA,NA,Fijo,19.4847462,-99.10728887,2024-11
10867298,09005713943004921000000000U2,CARDIO JOMP,DANIEL CARRILLO,713943,Centros de acondicionamiento físico del sector privado,0 a 5 personas,CALLE,NORTE 92 B,CALLE,ORIENTE 171,CALLE,ORIENTE 169,CALLE,NORTE 92-A,8604,NA,NA,NA,NA,NA,COLONIA,LA ESMERALDA,NA,NA,NA,07540,09,Ciudad de México,005,Gustavo A. Madero,0001,Gustavo A. Madero,3341,005,5610866715,NA,NA,Fijo,19.48685382,-99.08601547,2024-11
10535687,09017713943001691000000000U9,CARDIO KITTY,NA,713943,Centros de acondicionamiento físico del sector privado,0 a 5 personas,CALLE,DECORADO,CALLE,HORTELANOS,CALLE,HERREROS,CALLE,FLORICULTURA,30,NA,NA,NA,NA,NA,COLONIA,VENUSTIANO CARRANZA,NA,NA,NA,15300,09,Ciudad de México,017,Venustiano Carranza,0001,Venustiano Carranza,0386,006,NA,NA,NA,Fijo,19.43991777,-99.10905642,2024-11
11497587,09003713943002411000000000U1,CARDIO LIFE FIT,NA,713943,Centros de acondicionamiento físico del sector privado,0 a 5 personas,EJE VIAL,3 ORIENTE AVENIDA CARLOTA ARMERO,OTRO(ESPECIFIQUE),MANZANA O EDIFICACION CONTIGUA,CALLE,MARIQUITA SANCHEZ,ANDADOR,15 ANDADOR MARIQUITA SANCHEZ,150,2,NA,NA,NA,NA,UNIDAD HABITACIONAL,CULHUACÁN CTM SECCIÓN VI,NA,NA,NA,04480,09,Ciudad de México,003,Coyoacán,0001,Coyoacán,1285,045,5643453396,EMIVAL@GMAIL.COM,CARDIOLIFEFIT.COM,Fijo,19.32566959,-99.1140983,2024-11
8260493,09017713943001331000000000U2,CARDIO LIKE SPORT,NA,713943,Centros de acondicionamiento físico del sector privado,0 a 5 personas,CALLE,PEKIN,CALLE,PENIQUES,CALLE,RUPIAS,CALLE,JERUSALEN,194,NA,NA,NA,NA,NA,COLONIA,AQUILES SERDÁN,NA,NA,NA,15430,09,Ciudad de México,017,Venustiano Carranza,0001,Venustiano Carranza,0102,018,NA,NA,NA,Fijo,19.44979987,-99.0917221,2019-11
11422245,09007713943006591000000000U7,CARDIO LIVES SPORT,DEYANIRA DIAZ,713943,Centros de acondicionamiento físico del sector privado,0 a 5 personas,AVENIDA,CIRCUNVALACION,CALLE,JOSE MARIA FACHA,CALLE,LIBORIO CRESPO,CALLE,FRANCISCO FLORES,NA,SN,NA,NA,NA,NA,COLONIA,SANTA MARTHA ACATITLA SUR,NA,NA,NA,09510,09,Ciudad de México,007,Iztapalapa,0001,Iztapalapa,0835,005,NA,NA,NA,Fijo,19.36096716,-99.02400156,2024-11
7137047,09017713943001151000000000U4,CARDIO LMD,NA,713943,Centros de acondicionamiento físico del sector privado,0 a 5 personas,CALLE,ORIENTE 164,CALLE,NORTE 25,CALLE,NORTE 21-A,CALLE,ORIENTE 166,227,NA,NA,NA,NA,NA,CANTON,MOCTEZUMA SEGUNDA SECCIÓN,NA,NA,NA,15530,09,Ciudad de México,017,Venustiano Carranza,0001,Venustiano Carranza,055A,011,5513608588,NA,NA,Fijo,19.43207883,-99.09670376,2019-11
8782548,09007713943004751100000000U9,CARDIO NEREIDAS,NA,713943,Centros de acondicionamiento físico del sector privado,0 a 5 personas,CALLE,CAMINO REAL,AVENIDA,DE LAS TORRES,CALLE,LUIS DONALDO COLOSIO,AVENIDA,DE LAS TORRES,7,MZ32,NA,NA,NA,NA,COLONIA,CAMPESTRE POTRERO,NA,NA,NA,09637,09,Ciudad de México,007,Iztapalapa,0001,Iztapalapa,4293,028,NA,NA,NA,Fijo,19.3269642,-98.97075674,2019-11
7613038,09011713943001841000000000U3,CARDIO PERFECT BODY,NA,713943,Centros de acondicionamiento físico del sector privado,0 a 5 personas,CALLE,ALTA TENSION,CERRADA,ALTA TENSION,CALLE,SANTA CRUZ,CALLE,SALTO DEL AGUA,27,NA,NA,NA,NA,NA,COLONIA,LAS ARBOLEDAS,NA,NA,NA,13219,09,Ciudad de México,011,Tláhuac,0001,Tláhuac,1357,020,5546910325,AS4494238@GMAIL.COM,NA,Fijo,19.31051877,-99.04817992,2019-11
11286079,09005713943004421000000000U3,CARDIO PRINCE,NA,713943,Centros de acondicionamiento físico del sector privado,0 a 5 personas,CALLE,ESTADO DE ZACATECAS,AVENIDA,CONSTITUCION DE LA REPUBLICA,CALLE,ESTADO DE PUEBLA,CALLE,ESTADO DE TAMAULIPAS,68,NA,NA,NA,NA,NA,COLONIA,PROVIDENCIA,NA,NA,NA,07550,09,Ciudad de México,005,Gustavo A. Madero,0001,Gustavo A. Madero,1684,011,5529116802,NA,NA,Fijo,19.48062643,-99.07190883,2024-11
10239785,09007713943006661000000000U8,CARDIO SHARON,NA,713943,Centros de acondicionamiento físico del sector privado,0 a 5 personas,AVENIDA,CONGRESO DE CHILPANCINGO NORTE,ANDADOR,FRANCISCO E.,ANDADOR,CONCEPCION PAZ,ANDADOR,NOCUPETARO,0,LT 17,NA,NA,NA,NA,UNIDAD HABITACIONAL,ERMITA ZARAGOZA,NA,NA,NA,09180,09,Ciudad de México,007,Iztapalapa,0001,Iztapalapa,3702,021,NA,NA,NA,Fijo,19.3648871,-98.99925601,2024-11
10796990,09011713943002241000000000U5,CARDIO SICARU,DELIA ARGUELLO,713943,Centros de acondicionamiento físico del sector privado,0 a 5 personas,CALLE,JUAN DE DIOS PEZA,CALLE,SAN RAFAEL ATLIXCO,CALLE,CALLEJON DEL ORGANO,CALLE,MIGUEL NEGRETE,61,11,NA,1,NA,NA,COLONIA,SANTIAGO NORTE ZAPOTITLAN,CENTRO Y PLAZA COMERCIAL,PLAZA JUAN DIOS PEZA,15,13300,09,Ciudad de México,011,Tláhuac,0001,Tláhuac,0039,047,NA,NA,NA,Fijo,19.30340405,-99.04044154,2024-11
11237405,09007713943006603000000000U0,CARDIO SOR JUANA,NA,713943,Centros de acondicionamiento físico del sector privado,11 a 30 personas,EJE VIAL,8 SUR CALZADA ERMITA IZTAPALAPA,CALLE,TERCER ANILLO DE CIRCUNVALACION,AVENIDA,TOLTECAS,CALLE,CALLEJON TOLTECAS,810,NA,NA,17,1,NA,BARRIO,SANTA BÁRBARA,NA,NA,NA,09000,09,Ciudad de México,007,Iztapalapa,0001,Iztapalapa,0962,023,5591610662,NA,NA,Fijo,19.35619225,-99.10602856,2024-11
10620794,09005713943004491000000000U6,CARDIO SPORTOP,NA,713943,Centros de acondicionamiento físico del sector privado,0 a 5 personas,EJE VIAL,3 ORIENTE AVENIDA INGENIERO EDUARDO MOLINA,CALLE,ORIENTE 103,AVENIDA,ORIENTE 107,CALLE,NORTE 76-A,5424,NA,NA,NA,NA,NA,COLONIA,AMPLIACIÓN EMILIANO ZAPATA,NA,NA,NA,07850,09,Ciudad de México,005,Gustavo A. Madero,0001,Gustavo A. Madero,2076,022,5614327570,NA,NA,Fijo,19.46321758,-99.10481811,2024-11
10713792,09007713943006621000000000U2,CARDIO STYLE,ERICK VALLEJO,713943,Centros de acondicionamiento físico del sector privado,0 a 5 personas,CALLE,LIRIO,CALLE,PEDREGAL,CALLE,IZTACCIHUATL,CALLE,PARICUTIN,15,MZ132,NA,NA,NA,NA,COLONIA,SAN MIGUEL TEOTONGO SECCIÓN PUENTE,NA,NA,NA,09630,09,Ciudad de México,007,Iztapalapa,0001,Iztapalapa,2649,013,5620762724,NA,NA,Fijo,19.35137403,-98.99342387,2024-11
10303176,09007713943007951000000000U2,CARDIO TRADING,NA,713943,Centros de acondicionamiento físico del sector privado,0 a 5 personas,CALLE,TULIPAN,AVENIDA,3,AVENIDA,2,CALLE,JACARANDAS,20,16,NA,NA,NA,NA,COLONIA,LOMAS DE SAN LORENZO,NA,NA,NA,09780,09,Ciudad de México,007,Iztapalapa,0001,Iztapalapa,337A,020,5566989767,NA,NA,Fijo,19.31737845,-99.06393971,2024-11
640848,09005467111009481010000000U4,CARDIO Y ESCALADORAS FIJIL,NA,713943,Centros de acondicionamiento físico del sector privado,0 a 5 personas,AVENIDA,ADOLFO LOPEZ MATEOS,CERRADA,ZACATENCO,CALLE,SANTA ISABEL TOLA,AVENIDA,ADOLFO LOPEZ MATEOS,16,NA,NA,NA,NA,NA,COLONIA,EL ARBOLILLO,NA,NA,NA,07240,09,Ciudad de México,005,Gustavo A. Madero,0001,Gustavo A. Madero,0243,066,NA,NA,NA,Fijo,19.53611883,-99.14199469,2010-07
8253406,09007713943004331000000000U0,CARDIO ZURY,NA,713943,Centros de acondicionamiento físico del sector privado,0 a 5 personas,CALLE,18 DE MARZO,CALLE,LAZARO CARDENAS,CALLE,HIDALGO,CALLE,18 DE MARZO,99,MZ,NA,NA,NA,LT1,COLONIA,SAN MIGUEL TEOTONGO SECCIÓN RANCHITO,NA,NA,NA,09630,09,Ciudad de México,007,Iztapalapa,0001,Iztapalapa,2723,003,5518228928,NA,NA,Fijo,19.3470112,-98.98709554,2019-11
10861123,09015713943003021000000000U1,CARDIOFITNESS GUERRERO,NA,713943,Centros de acondicionamiento físico del sector privado,0 a 5 personas,EJE VIAL,CENTRAL LAZARO CARDENAS,CALLE,MERCADO,CALLE,FELIX U. GOMEZ,CALLE,GENERAL REGULES,280,NA,NA,17,NA,NA,COLONIA,GUERRERO,EDIFICIO COMERCIAL Y DE SERVICIOS,LAZARO CARDENAS 280,201,06300,09,Ciudad de México,015,Cuauhtémoc,0001,Cuauhtémoc,0521,007,5520197487,NA,NA,Fijo,19.44929007,-99.13863369,2024-11
8522573,09007713944000311001000000U4,CASA DE ACTIVIDAD DEPORTIVA UNIENDO NUESTROS DESEOS,NA,713944,Centros de acondicionamiento físico del sector público,6 a 10 personas,CALLE,LICENCIADO IGNACIO RAMOS PRASLOW,CALLE,INGENIERO JUAN DE DIOS,CALLE,GENERAL JOSE ALVAREZ Y ALVAREZ,CALLE,LICENCIADO IGNACIO RAMOS PRASLOW,NA,SN,NA,NA,NA,NA,COLONIA,CONSTITUCIÓN DE 1917,NA,NA,NA,09260,09,Ciudad de México,007,Iztapalapa,0001,Iztapalapa,1462,004,5523875214,NA,NA,Fijo,19.34541927,-99.05957798,2019-11
10148684,09006713943001471000000000U9,CASA DE LA ZUMBA,CASA DE LA ZUMBA,713943,Centros de acondicionamiento físico del sector privado,0 a 5 personas,CERRADA,ORIENTE 217 B,CALLE,ORIENTE 217B,CALLE,CERRADA ORIENTE 217A,EJE VIAL,4 ORIENTE (RIO CHURUBUSCO),24,NA,NA,NA,NA,NA,COLONIA,CUCHILLA AGRÍCOLA ORIENTAL,NA,NA,NA,08420,09,Ciudad de México,006,Iztacalco,0001,Iztacalco,0166,010,5551071390,NA,NA,Fijo,19.40531692,-99.0801136,2024-11
11229464,09015713943002972000000000U6,CASA LINOZA GIMNASIO,NA,713943,Centros de acondicionamiento físico del sector privado,6 a 10 personas,CALLE,PUEBLA,EJE VIAL,3 PONIENTE (SALAMANCA),CALLE,COZUMEL,AVENIDA,CHAPULTEPEC,303,NA,NA,NA,NA,NA,COLONIA,ROMA NORTE,NA,NA,NA,06700,09,Ciudad de México,015,Cuauhtémoc,0001,Cuauhtémoc,0998,018,NA,NA,NA,Fijo,19.42095548,-99.17041206,2024-11
12333989,09008713943000922000000000U8,CATARSIS PILATES,CATARSIS PILATES,713943,Centros de acondicionamiento físico del sector privado,6 a 10 personas,AVENIDA,SAN JERONIMO,CERRADA,SAN ANTONIO,CERRADA,EUCALIPTOS,CALLE,RIO CHICO,819,NA,NA,NA,NA,NA,COLONIA,SAN JERÓNIMO LÍDICE,EDIFICIO COMERCIAL Y DE SERVICIOS,PLAZA PASAJE SAN JERONIMO,21,10200,09,Ciudad de México,008,La Magdalena Contreras,0001,La Magdalena Contreras,0086,007,5570081357,CATARSISPILATES@GMAIL.COM,WWW.CATARSISPILATES.COM,Fijo,19.32944182,-99.21599187,2026-04
6224344,09007713943000301002000000U7,CAUTIO GYM,NA,713943,Centros de acondicionamiento físico del sector privado,11 a 30 personas,CALLE,PASEO DE GALIAS,CALLE,NIMES,AVENIDA,TLAHUAC,CALLE,VIVEROS,21,NA,NA,NA,NA,NA,FRACCIONAMIENTO,LOMAS ESTRELLA,NA,NA,NA,09890,09,Ciudad de México,007,Iztapalapa,0001,Iztapalapa,1941,020,5513781318,NA,NA,Fijo,19.32187842,-99.09779697,2010-07
9696486,09007713943006681000000000U6,CDL CROSSFIT,NA,713943,Centros de acondicionamiento físico del sector privado,0 a 5 personas,EJE VIAL,8 SUR CALZADA ERMITA IZTAPALAPA,CALLE,MENDIZABAL,CALLE,JULIO DE LA FUENTE,CALLE,JULIO DE LA FUENTE,NA,SN,NA,NA,NA,NA,BARRIO,SAN LUCAS,NA,NA,NA,09000,09,Ciudad de México,007,Iztapalapa,0001,Iztapalapa,1227,021,5530668127,NA,NA,Fijo,19.35747097,-99.0943844,2024-11
763208,09007713943000841000000000U2,CEDENI GYM,NA,713943,Centros de acondicionamiento físico del sector privado,0 a 5 personas,CALLE,PABLO GARCIA,CALLE,GENERAL FRANCISCO ARCE,CALLE,GENERAL FRANCISCO LEYVA,CALLE,CORONEL LINO MERINO,622,NA,NA,NA,NA,NA,COLONIA,JUAN ESCUTIA,NA,NA,NA,09100,09,Ciudad de México,007,Iztapalapa,0001,Iztapalapa,0178,005,5557734992,NA,NA,Fijo,19.3884396,-99.03854384,2010-07
772041,09007713943001931000000000U0,CENTAURUS GYM,NA,713943,Centros de acondicionamiento físico del sector privado,0 a 5 personas,CALLE,CEDROS,CALLE,ELISSA ACUÑA Y ROSSETI,CALLE,EUGENIO AGUIRRE BENAVIDEZ,CALLE,GABRIEL GONZALEZ MIER,0,MZ 156A LT 5,NA,NA,NA,NA,COLONIA,SANTA MARTHA ACATITLA NORTE,NA,NA,NA,09410,09,Ciudad de México,007,Iztapalapa,0001,Iztapalapa,0638,024,NA,NA,NA,Fijo,19.373873970000002,-99.00919913,2010-07
7705514,09008713943000611000000000U7,CENTER VITAL FITNESS,FLOR CORONA,713943,Centros de acondicionamiento físico del sector privado,0 a 5 personas,AVENIDA,SAN BERNABE,CALLE,FRESNO,CALLE,CRUZ BLANCA,CALLE,MONTECRISTO,406,NA,NA,NA,NA,NA,COLONIA,CUAUHTÉMOC,NA,NA,NA,10020,09,Ciudad de México,008,La Magdalena Contreras,0001,La Magdalena Contreras,0211,016,5562868392,NA,NA,Fijo,19.31990463,-99.24307267,2019-11
1042914,09015713943001273001000000U0,CENTRAL FIT GYM MX,CENTRAL FIT GYM MX,713943,Centros de acondicionamiento físico del sector privado,6 a 10 personas,CALLE,NEZAHUALCOYOTL,AVENIDA,JOSE MARIA PINO SUAREZ,CALLE,20 DE NOVIEMBRE,AVENIDA,JOSE MARIA IZAZAGA,192,NA,NA,NA,NA,NA,COLONIA,CENTRO,NA,NA,NA,06010,09,Ciudad de México,015,Cuauhtémoc,0001,Cuauhtémoc,0964,009,5574750998,NA,NA,Fijo,19.4250083,-99.13367774,2010-07
1025689,09008713944000022000000000U7,CENTRO ACUATICO DEPORTIVO LA OLLA,ALCALDIA LA MAGDALENA CONTRERAS,713944,Centros de acondicionamiento físico del sector público,0 a 5 personas,CALLE,CERRADA ALVARO OBREGON,CALLE,CERRADA ATLACO,CALLE,ALVARO OBREGON,CALLE,NINGUNO,NA,SN,NA,NA,NA,NA,PUEBLO,SAN BERNABÉ OCOTEPEC,NA,NA,NA,10300,09,Ciudad de México,008,La Magdalena Contreras,0001,La Magdalena Contreras,0550,029,5593481673,NA,NA,Fijo,19.31233084,-99.25678568,2010-07
10192968,09010713943002342000000000U3,CENTRO COMUNAL,NA,713943,Centros de acondicionamiento físico del sector privado,6 a 10 personas,CALLE,TONATZIN,CALLE,CHALCHITLICUE,CALLE,MALITZIN,CALLE,NEZAHUALCOYOTL,NA,SN,NA,NA,NA,NA,COLONIA,SANTA LUCIA CHANTEPEC,NA,NA,NA,01550,09,Ciudad de México,010,Álvaro Obregón,0001,Álvaro Obregón,2038,005,NA,NA,NA,Fijo,19.35953736,-99.23943895,2024-11
1023612,09008713943000341000000000U1,CENTRO DE ACONDICIONAMIENTO,NA,713943,Centros de acondicionamiento físico del sector privado,0 a 5 personas,CALLE,CORONA DEL ROSAL,AVENIDA,LUIS CABRERA,CALLE,MANTO,AVENIDA,LUIS CABRERA,25,NA,NA,NA,NA,NA,COLONIA,CUAUHTÉMOC,NA,NA,NA,10020,09,Ciudad de México,008,La Magdalena Contreras,0001,La Magdalena Contreras,0141,018,5627211557,NA,NA,Fijo,19.32363888,-99.24645527,2010-07
880954,09011611621000382000000000U4,CENTRO DE ACONDICIONAMIENTO ACTIVATE FITNESS,NA,713943,Centros de acondicionamiento físico del sector privado,0 a 5 personas,CALLE,EMILIANO ZAPATA,CALLE,CALLEJON MEDELLIN,CALLE,VICENTE GUERRERO,CALLE,FERNANDO MONTES DE OCA,16,NA,NA,NA,NA,NA,BARRIO,LOS REYES,NA,NA,NA,13610,09,Ciudad de México,011,Tláhuac,0011,San Andrés Mixquic,1037,013,NA,NA,NA,Fijo,19.22567963,-98.96621192,2010-07
10019240,09014713943001951000000000U4,CENTRO DE ACONDICIONAMIENTO AZTLAN,NA,713943,Centros de acondicionamiento físico del sector privado,0 a 5 personas,CALLE,FERNANDO MONTES DE OCA,CALLE,NIÑOS HEROES DE CHAPULTEPEC,CALLE,LIBERTAD,CALLE,JUAN ESCUTIA,22,NA,NA,NA,NA,NA,COLONIA,NIÑOS HÉROES,NA,NA,NA,03440,09,Ciudad de México,014,Benito Juárez,0001,Benito Juárez,0488,020,5632912363,NA,NA,Fijo,19.38604075,-99.14209272,2024-11
9205045,09011713943001991000000000U6,CENTRO DE ACONDICIONAMIENTO CARDIO FITNNES ZEPEDA,NA,713943,Centros de acondicionamiento físico del sector privado,0 a 5 personas,CALLE,ELIXIR DE AMOR,CALLE,ANGELICA PAULET (EMILIANO ZAPATA),CALLE,MUZIO CLEMENTI,CALLE,GITANA,38,244,NA,NA,NA,NA,COLONIA,LA NOPALERA,NA,NA,NA,13220,09,Ciudad de México,011,Tláhuac,0001,Tláhuac,0077,003,5558400632,NA,NA,Fijo,19.29819549,-99.05433877,2019-11
674959,09005713944000123001000000U7,CENTRO DE ACONDICIONAMIENTO FISICO,ALCALDIA GUSTAVO A. MADERO,713944,Centros de acondicionamiento físico del sector público,0 a 5 personas,AVENIDA,FERNANDO AMILPA,AVENIDA,RICARDO FLORES MAGON,CALLE,AVENIDA FERNANDO AMILPA,CALLE,AVENIDA FERNANDO AMILPA,80,NA,NA,NA,NA,NA,COLONIA,CTM ATZACOALCO,NA,NA,NA,07090,09,Ciudad de México,005,Gustavo A. Madero,0001,Gustavo A. Madero,263A,022,NA,NA,NA,Fijo,19.50895568,-99.10018311,2014-12
755157,09016713943000141000000000U8,CENTRO DE ACONDICIONAMIENTO FISICO AMIGOS GYM,NA,713943,Centros de acondicionamiento físico del sector privado,0 a 5 personas,CALZADA,MEXICO TACUBA,CALLE,MAR BAFFIN,CALLE,MAR ARABIGO,CALLE,MAR MEDITERRANEO,685,NA,NA,NA,NA,NA,COLONIA,TACUBA,NA,NA,NA,11400,09,Ciudad de México,016,Miguel Hidalgo,0001,Miguel Hidalgo,0054,001,NA,AMIGOSGYM@YAHOO.COM.MX,WWW.AMIGOSGYM.COM.MX,Fijo,19.45854557,-99.18443742,2010-07
9619142,09007713943006991000000000U9,CENTRO DE ACONDICIONAMIENTO FISICO ANGIE,NA,713943,Centros de acondicionamiento físico del sector privado,0 a 5 personas,AVENIDA,DE LAS MINAS,CALLE,CERRADA LAS MINAS,CALLE,REFORMA PESQUERA,PRIVADA,SAN JOSE,75,68,NA,NA,NA,NA,COLONIA,BUENAVISTA,NA,NA,NA,09730,09,Ciudad de México,007,Iztapalapa,0001,Iztapalapa,3223,018,NA,NA,NA,Fijo,19.33472091,-99.03095837,2024-11
849926,09012812110010521010000000U4,CENTRO DE ACONDICIONAMIENTO FISICO BOX FITNESS FIGHT CLUB,NA,713943,Centros de acondicionamiento físico del sector privado,0 a 5 personas,CALLE,IZAMAL,CALLE,ACANCEH,CALLE,TIZIMIN,CALLE,HOPELCHEN,NA,SN,NA,NA,268,NA,COLONIA,LOMAS DE PADIERNA,NA,NA,NA,14240,09,Ciudad de México,012,Tlalpan,0001,Tlalpan,0642,017,5583928444,BOXFITCLUB@GMAIL.COM,NA,Fijo,19.29024645,-99.22300903,2010-07
7648874,09009713943000391000000000U4,CENTRO DE ACONDICIONAMIENTO FISICO CROSSFIT FACTOR MIND,NA,713943,Centros de acondicionamiento físico del sector privado,0 a 5 personas,CALLE,5 DE MAYO,AVENIDA,JOSE MARIA MORELOS,AVENIDA,MIGUEL HIDALGO,CALLE,AGUSTIN DE ITURBIDE,3,NA,NA,1,NA,NA,PUEBLO,SAN ANTONIO TECOMITL,CENTRO Y PLAZA COMERCIAL,PLAZA LOS ARCOS,7,12100,09,Ciudad de México,009,Milpa Alta,0011,San Antonio Tecómitl,0420,035,5518408470,NA,NA,Fijo,19.21696288,-98.99370255,2019-11
822143,09007713943000671001000000U3,CENTRO DE ACONDICIONAMIENTO FISICO EGYPCIOS GYMS,NA,713943,Centros de acondicionamiento físico del sector privado,6 a 10 personas,AVENIDA,11,CALLE,ESTRELLA,CALLE,CARRIL,AVENIDA,11,28,MZ3 LT28,NA,NA,NA,NA,COLONIA,SAN JUAN XALPA,NA,NA,NA,09850,09,Ciudad de México,007,Iztapalapa,0001,Iztapalapa,5709,027,5523351818,EGYPCIOS97@GMAIL.COM,NA,Fijo,19.33709008,-99.08081322,2010-07
1060569,09003713943000572002000000U2,CENTRO DE ACONDICIONAMIENTO FISICO EHD,NA,713943,Centros de acondicionamiento físico del sector privado,0 a 5 personas,AVENIDA,AVENIDA LAS TORRES,CALZADA,CALZADA DE TLALPAN,CALZADA,TAXQUEÑA,AVENIDA,AVENIDA LAS TORRES,6,NA,NA,NA,NA,NA,COLONIA,CAMPESTRE CHURUBUSCO,NA,NA,NA,04200,09,Ciudad de México,003,Coyoacán,0001,Coyoacán,0319,021,5555491699,EHDTLALPAN@EHD.COM.MX,WWW.EHD.COM.MX,Fijo,19.34099319,-99.14318957,2010-07
860268,09012713943000361000000000U1,CENTRO DE ACONDICIONAMIENTO FISICO GYM ROCKS,MANUEL SUAREZ,713943,Centros de acondicionamiento físico del sector privado,0 a 5 personas,CALZADA,VIADUCTO TLALPAN,CALLE,SAN JUAN DE DIOS,CALLE,ARENAL,CALLE,AVENIDA FORESTAL,30,NA,NA,NA,NA,B,COLONIA,SAN LORENZO HUIPULCO,NA,NA,NA,14370,09,Ciudad de México,012,Tlalpan,0001,Tlalpan,0549,017,5556034126,NA,NA,Fijo,19.29341277,-99.14695382,2010-07
9066946,09011713943001951100000000U0,CENTRO DE ACONDICIONAMIENTO FISICO INTEGRAL SIN NOMBRE,NA,713943,Centros de acondicionamiento físico del sector privado,0 a 5 personas,CALLE,CARMEN JAZMIN,AVENIDA,LA TURBA,CALLE,JACOBO DE LIEJA,CALLE,DON CARLO (VIOLETA),21,MZ 28 LT 21,NA,NA,NA,NA,COLONIA,AGRICOLA METROPOLITANA,NA,NA,NA,13280,09,Ciudad de México,011,Tláhuac,0001,Tláhuac,0664,004,5577295786,NA,NA,Fijo,19.28897284,-99.05442286,2019-11
8257840,09007713943005171000000000U9,CENTRO DE ACONDICIONAMIENTO FISICO LA LUZ DEL DEPORTE,NA,713943,Centros de acondicionamiento físico del sector privado,0 a 5 personas,CALLE,LICENCIADO BRAULIO MALDONADO,CALLE,FRANCISCO MARTINEZ,CALLE,LEO SAM,CALLE,MARTINIANO HERRERA,NA,SN,NA,NA,NA,NA,COLONIA,CONSEJO AGRARISTA MEXICANO,NA,NA,NA,09760,09,Ciudad de México,007,Iztapalapa,0001,Iztapalapa,3026,011,NA,OZAELFH@YAHOO.COM.MX,NA,Fijo,19.32840533,-99.05771137,2019-11
11476759,09003713943002651000000000U2,CENTRO DE ACONDICIONAMIENTO FISICO NUTRI FISION,NA,713943,Centros de acondicionamiento físico del sector privado,0 a 5 personas,CALZADA,CALZADA DE LA VIRGEN,CALLE,RETORNO 40,CALLE,NINGUNO,CALLE,AMBULATORIO,125,NA,NA,NA,NA,B,COLONIA,AVANTE,NA,NA,NA,04460,09,Ciudad de México,003,Coyoacán,0001,Coyoacán,0728,053,5573875811,NA,NA,Fijo,19.32939425,-99.13620288,2024-11
806240,09007713943000351000000000U2,CENTRO DE ACONDICIONAMIENTO FISICO PAS DE CHAT,NA,713943,Centros de acondicionamiento físico del sector privado,0 a 5 personas,AVENIDA,AVENIDA DE LAS TORRES,CALLE,CORONA,CERRADA,SAN DIEGO,CALLE,JACARANDAS,116,LT 26,NA,NA,NA,NA,PUEBLO,SANTIAGO ACAHUALTEPEC,NA,NA,NA,09600,09,Ciudad de México,007,Iztapalapa,0001,Iztapalapa,2615,014,NA,NA,NA,Fijo,19.34936087,-99.00242345,2010-07
10764657,09005713943004841000000000U2,CENTRO DE ACONDICIONAMIENTO FISICO TOTAL CARDIO FITNESS SYSTEMS,CENTRO DE ACONDICIONAMIENTO FISICO TOTAL CARDIO FITNESS SYSTEMS,713943,Centros de acondicionamiento físico del sector privado,0 a 5 personas,CALLE,42 A,AVENIDA,5-A,AVENIDA,7-A,CALLE,CAMINO A SAN JUAN IXTACALA,91,NA,NA,NA,NA,NA,COLONIA,SANTA ROSA,NA,NA,NA,07620,09,Ciudad de México,005,Gustavo A. Madero,0001,Gustavo A. Madero,0366,028,5539597329,NA,NA,Fijo,19.52476841,-99.17318141,2024-11
794276,09007713943000661001000000U4,CENTRO DE ACONDICIONAMIENTO FISICO TZOLKIN,NA,713943,Centros de acondicionamiento físico del sector privado,0 a 5 personas,PERIFERICO,CANAL DE SAN JUAN,DIAGONAL,CANAL DE SAN JUAN,CALLE,LICENCIADO ALFONSO CRAVIOTO,CALLE,LICENCIADO ALFONSO CRAVIOTO,57,NA,NA,NA,NA,NA,COLONIA,CONSTITUCIÓN DE 1917,NA,NA,NA,09260,09,Ciudad de México,007,Iztapalapa,0001,Iztapalapa,1462,018,5515461449,NA,NA,Fijo,19.34637524,-99.06058986,2010-07
10634745,09007713943006861000000000U4,CENTRO DE ACONDICIONAMIENTO FISICO WUOMAN FIT,YANELLI HERNANDEZ,713943,Centros de acondicionamiento físico del sector privado,0 a 5 personas,AVENIDA,CAMINO A LAS MINAS O PRIMAVERA,CALLE,ALCANFOR,CALLE,PINO,AVENIDA,CARLOS HANK GONZALEZ,NA,SN,NA,NA,NA,NA,COLONIA,SANTIAGO ACAHUALTEPEC SEGUNDA AMPLIACIÓN,NA,NA,NA,09609,09,Ciudad de México,007,Iztapalapa,0001,Iztapalapa,2780,031,NA,NA,NA,Fijo,19.34291903,-99.00973499,2024-11
819226,09005713943001131000000000U1,CENTRO DE ACONDICIONAMIENTO FISICO Y AEROBICS,NA,713943,Centros de acondicionamiento físico del sector privado,0 a 5 personas,CALLE,641,CALLE,604-B,CALLE,662-B,CALLE,641,83,NA,NA,NA,NA,NA,COLONIA,SAN JUAN DE ARAGÓN V SECCIÓN,NA,NA,NA,07979,09,Ciudad de México,005,Gustavo A. Madero,0001,Gustavo A. Madero,2409,011,NA,NA,NA,Fijo,19.45291901,-99.06355031,2010-07
10060634,09011713943002222000000000U5,CENTRO DE ACONDICIONAMIENTO FISICO Y DEPORTES DE CONTACTO MINOYAUROS FIGTH CLUB,NA,713943,Centros de acondicionamiento físico del sector privado,6 a 10 personas,CALLE,JOSE TARTINI,CALLE,LA HEBREA,AVENIDA,LA TURBA,AVENIDA,LA TURBA,3,MZ 142 LT 3,NA,NA,NA,NA,COLONIA,MIGUEL HIDALGO,NA,NA,NA,13200,09,Ciudad de México,011,Tláhuac,0001,Tláhuac,0217,040,5548921453,MNOTAURUSCLUB@GMAIL.COM,NA,Fijo,19.28642872,-99.04475471,2024-11
1046141,09015713943000832001000000U4,CENTRO DE ACONDICIONAMIENTO GYM SHU EL GUERRERO,NA,713943,Centros de acondicionamiento físico del sector privado,11 a 30 personas,CALLE,PRIVADA GUERRERO,CALLE,PROLONGACION ZARAGOZA,EJE VIAL,1 PONIENTE (PROLONGACION GUERRERO),CALZADA,SAN SIMON,12,NA,NA,NA,NA,NA,COLONIA,SAN SIMÓN TOLNAHUAC,NA,NA,NA,06920,09,Ciudad de México,015,Cuauhtémoc,0001,Cuauhtémoc,0076,001,NA,ITHEL@LIVE.COM.MX,WWW.SHUELGUERRERO.COM,Fijo,19.45917007,-99.14452723,2010-07
944610,09011713943000821000000000U6,CENTRO DE ACONDICIONAMIENTO SIN NOMBRE,NA,713943,Centros de acondicionamiento físico del sector privado,0 a 5 personas,CALLE,MIGUEL ANGEL CASTILLA ORIENTE 22,CALLE,CANCIONERO (SUR 9),CALLE,FAROLITO (SUR 7),CALLE,LUIS ALCARAZ (ORIENTE 20),1359,NA,NA,NA,NA,NA,COLONIA,SAN JOSE,NA,NA,NA,13020,09,Ciudad de México,011,Tláhuac,0001,Tláhuac,0414,008,5540306772,NA,NA,Fijo,19.27256353,-98.99472582,2014-12
9180947,09008713943000701101000000U6,CENTRO DE ACTIVIDAD FISICA ACTIVATE,NA,713943,Centros de acondicionamiento físico del sector privado,6 a 10 personas,CALLE,NINGUNO,AVENIDA,LAS TORRES,CALLE,CORONA DEL ROSAL,CALLE,UNION,46,NA,NA,NA,NA,NA,COLONIA,EL TANQUE,NA,NA,NA,10320,09,Ciudad de México,008,La Magdalena Contreras,0001,La Magdalena Contreras,0090,015,5635982922,NA,NA,Fijo,19.32428329,-99.24694343,2019-11
10422648,09008713943000761000000000U0,CENTRO DE ACTIVIDADES DEPORTIVAS SPORT FIT DANCE,VALERIA LOZANO,713943,Centros de acondicionamiento físico del sector privado,0 a 5 personas,CALLE,CORONA DEL ROSAL,CALLE,IGUALA,CALLE,OLIVOS,CALLE,JALISCO,63,NA,NA,NA,NA,NA,COLONIA,CUAUHTÉMOC,NA,NA,NA,10020,09,Ciudad de México,008,La Magdalena Contreras,0001,La Magdalena Contreras,0141,016,NA,NA,NA,Fijo,19.32186307,-99.24596462,2024-11
796167,09006713944000225002000000U8,CENTRO DE ACTIVIDADES SOCIALES Y DEPORTIVAS METRO,SISTEMA DE TRANSPORTE COLECTIVO METRO,713944,Centros de acondicionamiento físico del sector público,31 a 50 personas,CALLE,SUR 159,CALLE,JESUS ROMERO FLORES,CALLE,ORIENTE 120,OTRO(ESPECIFIQUE),BARDA,NA,SN,NA,NA,NA,NA,COLONIA,AMPLIACIÓN GABRIEL RAMOS MILLÁN,NA,NA,NA,08030,09,Ciudad de México,006,Iztacalco,0001,Iztacalco,1018,023,NA,NA,NA,Fijo,19.38716652,-99.09559615,2010-07
818081,09007713941000161001000000U9,CENTRO DE ALTO RENDIMIENTO ACAHUALTEPEC,NA,713943,Centros de acondicionamiento físico del sector privado,0 a 5 personas,CALLE,YURIRIA,CALLE,NOPALTEPEC (7),CALLE,SINALOA,CALLE,NOPALTEPEC (7),NA,SN,NA,NA,NA,NA,COLONIA,SANTIAGO ACAHUALTEPEC SEGUNDA AMPLIACIÓN,NA,NA,NA,09609,09,Ciudad de México,007,Iztapalapa,0001,Iztapalapa,2738,029,5558327786,NA,NA,Fijo,19.34788519,-99.00687668,2010-07
11100843,09015713943003191000000000U2,CENTRO DE AYUDA OLISTICA SARASWATI,GABRIELA BARRERA,713943,Centros de acondicionamiento físico del sector privado,0 a 5 personas,OTRO(ESPECIFIQUE),MANZANA O EDIFICACION CONTIGUA,PEATONAL,NINGUNO,PEATONAL,NINGUNO,OTRO(ESPECIFIQUE),MANZANA O EDIFICACION CONTIGUA,340,NA,NA,NA,22,B,CONJUNTO HABITACIONAL,NONOALCO TLATELOLCO,NA,NA,NA,06920,09,Ciudad de México,015,Cuauhtémoc,0001,Cuauhtémoc,0362,002,7298214457,NA,NA,Fijo,19.45459249,-99.1468901,2024-11
632347,09005713944000173002000000U2,CENTRO DE BIENESTAR I.M.S.S. SOLIDARIDAD LOMAS DE CUAUTEPEC BARRIO ALTO,INSTITUTO MEXICANO DEL SEGURO SOCIAL,713944,Centros de acondicionamiento físico del sector público,11 a 30 personas,CALLE,PICO DE ORIZABA,CALLE,LOMA CIERZO,CALLE,CERRO DEL MERCADO,CALLE,IZTACCIHUATL,NA,SN,NA,NA,NA,NA,COLONIA,LOMAS DE CUAUTEPEC,NA,NA,NA,07110,09,Ciudad de México,005,Gustavo A. Madero,0001,Gustavo A. Madero,0012,038,5547662735,NA,NA,Fijo,19.56905308,-99.13372205,2010-07
10180410,09012713943003211000000000U5,CENTRO DE BOX Y ZUMBA SIN NOMBRE,NA,713943,Centros de acondicionamiento físico del sector privado,0 a 5 personas,AVENIDA,MEXICO,AVENIDA,MEXICO,AVENIDA,AVENIDA DE LA CRUZ,CALLE,PRIMAVERA,17,NA,NA,NA,NA,NA,PUEBLO,LA MAGDALENA PETLACALCO,NA,NA,NA,14480,09,Ciudad de México,012,Tlalpan,0001,Tlalpan,1617,011,NA,NA,NA,Fijo,19.23277608,-99.17992619,2024-11
11828276,09010713943002771000000000U3,CENTRO DE CAPACITACION INTEGRAL FITNESS SPORTBIKE,NA,713943,Centros de acondicionamiento físico del sector privado,0 a 5 personas,AVENIDA,AVENIDA DE LAS TORRES,CALLE,Vicente Guerrero,CALLE,Benito Juárez,CALLE,Lirio,14,NA,NA,NA,NA,NA,COLONIA,TORRES DE POTRERO,NA,NA,NA,01840,09,Ciudad de México,010,Álvaro Obregón,0001,Álvaro Obregón,2042,015,NA,NA,NA,Fijo,19.32877403,-99.25510933,2025-04
7262964,09010713943001881000000000U1,CENTRO DE DESARROLLO CUMUNITARIO TEZONTLA CLASE DE ZUMBA,NA,713943,Centros de acondicionamiento físico del sector privado,0 a 5 personas,CALLE,2,CALLE,FRANCISCO OROZCO,CALLE,JORGE CUESTA,CALLE,ACUILOTLA,NA,SN,NA,NA,NA,NA,COLONIA,ACUILOTLA,NA,NA,NA,01539,09,Ciudad de México,010,Álvaro Obregón,0001,Álvaro Obregón,2220,007,NA,NA,NA,Fijo,19.36025564,-99.24370326,2019-11
845814,09016931210000291011000000U1,CENTRO DE DESARROLLO DEPORTIVO PLAN SEXENAL,GOBIERNO DEL DISTRITO FEDERAL,713944,Centros de acondicionamiento físico del sector público,51 a 100 personas,CALLE,PLAN DE GUADALUPE,CALLE,FAUSTO NIETO,CALLE,MAR MEDITERRANEO,CALLE,PLAN SEXENAL,NA,SN,NA,NA,NA,NA,COLONIA,NEXTITLA,NA,NA,NA,11420,09,Ciudad de México,016,Miguel Hidalgo,0001,Miguel Hidalgo,0088,004,NA,NA,NA,Fijo,19.454145,-99.17264511,2010-07
919689,09004713944000021002000000U6,CENTRO DE DESARROLLO SOCIAL EL HUIZACHITO,ALCALDIA CUAJIMALPA DE MORELOS,713944,Centros de acondicionamiento físico del sector público,0 a 5 personas,PRIVADA,CAMINO A HUIZACHITO,CALLE,AVENIDA NOCHE DE PAZ,PRIVADA,HUIZAPANELA,OTRO(ESPECIFIQUE),CANAL,NA,SN,NA,1,NA,NA,COLONIA,LOMAS DE VISTA HERMOSA,MERCADO PUBLICO,HUIZACHITO,SN,05210,09,Ciudad de México,004,Cuajimalpa de Morelos,0001,Cuajimalpa de Morelos,041A,039,5514956823,IVANMUJICAO@GMAIL.COM,NA,Fijo,19.37109864,-99.28002285,2014-12
11022491,09006713943001281000000000U2,CENTRO DE EJERCICIOS WORK ON,NA,713943,Centros de acondicionamiento físico del sector privado,0 a 5 personas,PRIVADA,ORIENTE 235 C,CALLE,ORIENTE 237,PRIVADA,ORIENTE 233-A,CALLE,SUR 8-C,46,NA,NA,NA,NA,NA,COLONIA,AGRÍCOLA ORIENTAL,NA,NA,NA,08500,09,Ciudad de México,006,Iztacalco,0001,Iztacalco,0185,005,NA,NA,NA,Fijo,19.39876078,-99.07561349,2024-11
7643507,09009713944000103000000000U1,CENTRO DE ENSEÑANZA Y ALTO RENDIMIENTO MOMOXCO,ALCALDIA MILPA ALTA,713944,Centros de acondicionamiento físico del sector público,11 a 30 personas,CALLE,CUITLAHUAC,CALLE,NINGUNO,CALLE,CUITLAHUAC,CARRETERA,NUEVA A OAXTEPEC,331,NA,NA,NA,NA,NA,PUEBLO,SAN PEDRO ATOCPAN,NA,NA,NA,12200,09,Ciudad de México,009,Milpa Alta,0029,San Pedro Atocpan,0454,027,NA,NA,NA,Fijo,19.21476577,-99.050806,2019-11
919892,09004713943000333002000000U7,CENTRO DE ENTRENAMIENTO BODY PERFECT,CENTRO DE ENTRENAMIENTO BODY PERFECT,713943,Centros de acondicionamiento físico del sector privado,0 a 5 personas,CALLE,JESUS DEL MONTE,CALLE,MONTE NARANJO,CALLE,MONTE CASINO,CERRADA,MONTE NARANJO,1,NA,NA,NA,NA,NA,COLONIA,JESÚS DEL MONTE,NA,NA,NA,05260,09,Ciudad de México,004,Cuajimalpa de Morelos,0001,Cuajimalpa de Morelos,0072,007,NA,CE-BODI@HOTMAIL.COM,WWW.BODYPERFECT.COM.MX,Fijo,19.36632147,-99.29252603,2014-12
7714647,09005713943003243001000000U2,CENTRO DE ENTRENAMIENTO INTEGRAL STRONGER,NA,713943,Centros de acondicionamiento físico del sector privado,6 a 10 personas,AVENIDA,JOSE LORETO FABELA,CALLE,IGNACIO ALLENDE,EJE VIAL,4 NORTE (AVENIDA 510),CALLE,EMILIANO ZAPATA,266,NA,NA,NA,NA,NA,COLONIA,SAN JUAN DE ARAGÓN,NA,NA,NA,07950,09,Ciudad de México,005,Gustavo A. Madero,0001,Gustavo A. Madero,2131,009,NA,STRONGERADMON@GMAIL.COM,WWW.STRONGERARAGON.COM,Fijo,19.4647503,-99.08081957,2019-11
11843021,09011713943002361000000000U1,CENTRO DE ENTRENAMIENTO JUMPING CLUB PRETTY WOMAN,NA,713943,Centros de acondicionamiento físico del sector privado,0 a 5 personas,AVENIDA,CALZADA TLÁHUAC-CHALCO,CALLE,Gabriel Hernández,AVENIDA,Tláhuac-Tulyehualco,AVENIDA,Ninguno,NA,SN,NA,NA,NA,NA,BARRIO,SAN MIGUEL,NA,NA,NA,15070,09,Ciudad de México,011,Tláhuac,0001,Tláhuac,0946,019,NA,NA,NA,Fijo,19.2684371,-99.0050191,2025-04
9727839,09013713943002301000000000U3,CENTRO DE ENTRETENIMIENTO GYM,GIMNASIO NOMADAS,713943,Centros de acondicionamiento físico del sector privado,0 a 5 personas,CALLE,PROLONGACION IGNACIO ALDAMA,CALLE,SAN LORENZO,CALLEJON,PRIMER IGNACIO ALDAMA,CALLE,MAJUELOS,317,NA,NA,NA,NA,NA,COLONIA,PASEOS DEL SUR,NA,NA,NA,16010,09,Ciudad de México,013,Xochimilco,0001,Xochimilco,1065,041,NA,NA,NA,Fijo,19.2762088,-99.12848678,2024-11
868735,09015713943001512002000000U1,CENTRO DE ENTRETENIMIENTO PERSONALIZADO POWER PLATE & CO,NA,713943,Centros de acondicionamiento físico del sector privado,6 a 10 personas,CALLE,QUINTANA ROO,CALLE,ANAHUAC,CALLE,TLACOTALPAN,CALLE,TEHUANTEPEC,62,A,NA,NA,NA,NA,COLONIA,ROMA SUR,NA,NA,NA,06760,09,Ciudad de México,015,Cuauhtémoc,0001,Cuauhtémoc,145A,014,5571173888,POWERPLATEROMA@GMAIL.COM,NA,Fijo,19.40510151,-99.16639797,2010-07
949977,09009713943000272001000000U6,CENTRO DE FORMACION DE FUTBOL OLIMPIQUE,NA,713943,Centros de acondicionamiento físico del sector privado,0 a 5 personas,CALLE,PROLONGACION TAMAULIPAS,CALLE,CARRETERA A SAN LORENZO TLACOYUCAN,CALLE,YUCATAN SUR,CALLE,AVENIDA YUCATAN SUR,NA,SN,NA,NA,NA,NA,PUEBLO,VILLA MILPA ALTA,NA,NA,NA,12000,09,Ciudad de México,009,Milpa Alta,0001,Villa Milpa Alta,0026,036,3342603542,NA,NA,Fijo,19.18662315,-99.02308158,2014-12
11811504,09002713943001551000000000U7,CENTRO DE KICKBOXING BLACK BELT,ADRIAN DMINGUEZ,713943,Centros de acondicionamiento físico del sector privado,0 a 5 personas,CALLE,FRANCISCO VILLA,CALLE,Catarino Benavides,CALLE,Leopoldo Blackaller,CALLE,José Cardel,23,NA,NA,NA,1,NA,COLONIA,AMPLIACIÓN SAN PEDRO XALPA,NA,NA,NA,02719,09,Ciudad de México,002,Azcapotzalco,0001,Azcapotzalco,0627,014,NA,NA,NA,Fijo,19.4764277,-99.21945965,2025-04
8458713,09004713943000591000000000U0,CENTRO DE SPINNING SIN NOMBRE,NA,713943,Centros de acondicionamiento físico del sector privado,0 a 5 personas,CIRCUITO,ESCOLAR,CALLE,AHUILAZAPAN,CERRADA,TERCERA CIRCUITO ESCOLAR,CALLE,CAMINO AL PANTANO,24,NA,NA,NA,NA,NA,COLONIA,LA PILA,NA,NA,NA,05710,09,Ciudad de México,004,Cuajimalpa de Morelos,0020,San Lorenzo Acopilco,0316,008,NA,NA,NA,Fijo,19.30755466,-99.33329918,2019-11
946718,09011713943000511012000000U3,CENTRO DEPORTIVO,ALCALDIA TLAHUAC,713944,Centros de acondicionamiento físico del sector público,0 a 5 personas,CALLE,CAMARON,AVENIDA,SIRENA,AVENIDA,OCEANO,CALLE,TIBURON,NA,SN,NA,NA,NA,NA,COLONIA,DEL MAR,NA,NA,NA,13270,09,Ciudad de México,011,Tláhuac,0001,Tláhuac,0310,001,NA,NA,NA,Fijo,19.28758689,-99.05974338,2014-12
720691,09007713943002683011000000U6,CENTRO DEPORTIVO ATLETICO MEXICANO,ALCALDIA IZTAPALAPA,713944,Centros de acondicionamiento físico del sector público,0 a 5 personas,CALLE,PUENTE QUEMADO,CERRADA,PASO TEXAS,AVENIDA,CANAL DEL MORAL,AVENIDA,CANAL DEL MORAL,810,NA,NA,NA,NA,NA,COLONIA,CHINAMPAC DE JUÁREZ,NA,NA,NA,09310,09,Ciudad de México,007,Iztapalapa,0001,Iztapalapa,4698,005,5533034745,NA,NA,Fijo,19.37511807,-99.06301856,2014-12
7630567,09011713943001382000000000U8,CENTRO DEPORTIVO BECKEREL,NA,713943,Centros de acondicionamiento físico del sector privado,6 a 10 personas,CALLE,MAR DE LA TRANQUILIDAD,AVENIDA,FERROCARRIL SAN RAFAEL ATLIXCO,CERRADA,NINGUNO,AVENIDA,FERROCARRIL SAN RAFAEL ATLIXCO,NA,SN,NA,NA,NA,NA,COLONIA,EL TRIANGULO,NA,NA,NA,13460,09,Ciudad de México,011,Tláhuac,0001,Tláhuac,0132,031,NA,NA,NA,Fijo,19.28421519,-99.0125791,2019-11
911812,09012713944000042002000000U5,CENTRO DEPORTIVO BENITO JUAREZ,ALCALDIA TLALPAN,713944,Centros de acondicionamiento físico del sector público,6 a 10 personas,CALLE,VICENTE GUERRERO,CALLE,LAS FUENTES,ANDADOR,AYAUTLA,CALLE,LAS FUENTES,NA,SN,NA,NA,NA,NA,COLONIA,AMPLIACIÓN ISIDRO FABELA,NA,NA,NA,14039,09,Ciudad de México,012,Tlalpan,0001,Tlalpan,0178,010,NA,NA,NA,Fijo,19.29801552,-99.16879463,2014-12
11831926,09012713943003293000000000U3,CENTRO DEPORTIVO BORREGOS,CENTRO CULTURAL Y DEPORTIVO BORREGOS,713943,Centros de acondicionamiento físico del sector privado,11 a 30 personas,AVENIDA,TRANSMISIONES,CALZADA,MEXICO-XOCHIMILCO,CALLE,CANAL DE MIRAMONTES,CALLE,XOMALI,54,NA,NA,NA,NA,NA,COLONIA,ARENAL DE GUADALUPE,NA,NA,NA,14389,09,Ciudad de México,012,Tlalpan,0001,Tlalpan,0981,016,NA,NA,NA,Fijo,19.28709654,-99.14017173,2025-04
1051475,09008931610000183001000000U8,CENTRO DEPORTIVO CASA POPULAR,ALCALDIA MAGDALENA CONTRERAS,713944,Centros de acondicionamiento físico del sector público,0 a 5 personas,AVENIDA,MEXICO CONTRERAS,CALLE,CUAUHTEMOC,AVENIDA,LUIS CABRERA,PRIVADA,CUAUHTEMOC,1,NA,NA,NA,NA,NA,COLONIA,SAN JERÓNIMO LÍDICE,NA,NA,NA,10200,09,Ciudad de México,008,La Magdalena Contreras,0001,La Magdalena Contreras,0086,011,NA,NA,NA,Fijo,19.32213448,-99.22167581,2014-12
935557,09012713944000061000000000U5,CENTRO DEPORTIVO DON BOSCO,GOBIERNO DE LA CIUDAD DE MEXICO,713944,Centros de acondicionamiento físico del sector público,0 a 5 personas,CALLE,SAN JUAN BOSCO,CALLE,SAN FRANCISCO,CALZADA,VIADUCTO TLALPAN,CALLE,ACOXPA,NA,SN,NA,NA,NA,NA,PUEBLO,SAN LORENZO HUIPULCO,NA,NA,NA,14370,09,Ciudad de México,012,Tlalpan,0001,Tlalpan,0445,008,5648780330,NA,NA,Fijo,19.296567370000002,-99.14644872,2014-12
854343,09015713944000022000000000U0,CENTRO DEPORTIVO ESTADO DE TABASCO,ALCALDIA CUAUHTEMOC SUBDIRECCION DE DEPORTE,713944,Centros de acondicionamiento físico del sector público,11 a 30 personas,CALLE,PIETRO MASCAGNI,CALLE,FLORENCIO CONSTANTINO,CALLE,RICHARD WAGNER,CALLE,FRANCOIS GOUNOD,49,NA,NA,NA,NA,NA,COLONIA,EX HIPÓDROMO DE PERALVILLO,NA,NA,NA,06250,09,Ciudad de México,015,Cuauhtémoc,0001,Cuauhtémoc,0150,012,NA,NA,NA,Fijo,19.45652562,-99.13246869,2010-07
663593,09017713944000034000000000U1,CENTRO DEPORTIVO FELIPE TIBIO MUÑOZ,GOBIERNO DE LA CIUDAD DE MEXICO ALCALDIA VENUSTIANO CARRANZA,713944,Centros de acondicionamiento físico del sector público,51 a 100 personas,CALLE,XOCOYOTE,CALLE,XOCHITLAN SUR,CALLE,XOCHITLAN NORTE,CALLE,XOCHISTLAHUACA,NA,SN,NA,NA,NA,NA,COLONIA,ARENAL TERCERA SECCIÓN,NA,NA,NA,15660,09,Ciudad de México,017,Venustiano Carranza,0001,Venustiano Carranza,0831,026,5534858231,NA,NA,Fijo,19.4306643,-99.05870945,2010-07
906808,09003713943001393010000000U2,CENTRO DEPORTIVO HUAYAMILPAS,DIRECCION DEL DEPORTE,713944,Centros de acondicionamiento físico del sector público,11 a 30 personas,OTRO(ESPECIFIQUE),MANZANA O EDIFICACION CONTIGUA,PRIVADA,QUINTO CALLEJON HUAYAMILPAS,CALLE,CORAS,ANDADOR,HUAYAMILPAS,NA,SN,NA,NA,1,NA,COLONIA,AJUSCO,NA,NA,NA,04300,09,Ciudad de México,003,Coyoacán,0001,Coyoacán,0662,048,NA,NA,NA,Fijo,19.32269773,-99.15084968,2014-12
645266,09017931210000944011000000U3,CENTRO DEPORTIVO INGENIERO EDUARDO MOLINA,JEFATURA DE ATENCION A CENTROS DEPORTIVOS DE LA ALCALDIA VENUSTIANO CARRANZA,713944,Centros de acondicionamiento físico del sector público,11 a 30 personas,EJE VIAL,3 ORIENTE INGENIERO EDUARDO MOLINA,CALLE,PELUQUEROS,CALLE,PROGRESO,CALLE,ORFEBRERIA,NA,SN,NA,NA,NA,NA,COLONIA,AMPLIACIÓN 20 DE NOVIEMBRE,NA,NA,NA,15240,09,Ciudad de México,017,Venustiano Carranza,0001,Venustiano Carranza,0244,008,NA,NA,NA,Fijo,19.44281243,-99.11301837,2010-07
928139,09010713112000041011000000U5,CENTRO DEPORTIVO LA HORMIGA,CENTRO DEPORTIVO LA HORMIGA,713944,Centros de acondicionamiento físico del sector público,6 a 10 personas,CALLE,FRATERNIDAD,EJE VIAL,10 SUR (RIO MAGDALENA),AVENIDA,SAN JERONIMO,CALLE,IGLESIA,NA,SN,NA,NA,NA,NA,COLONIA,LA OTRA BANDA,NA,NA,NA,01090,09,Ciudad de México,010,Álvaro Obregón,0001,Álvaro Obregón,1241,015,NA,NA,NA,Fijo,19.33536524,-99.20125282,2014-12
678045,09005713944000064002000000U3,CENTRO DEPORTIVO MIGUEL HIDALGO Y COSTILLA,GOBIERNO DEL DISTRITO FEDERAL GAM,713944,Centros de acondicionamiento físico del sector público,31 a 50 personas,CALLE,AVENIDA 517,AVENIDA,508,CALLE,SEGUNDA CERRADA AVENIDA 517,CALLE,AVENIDA 521,143,NA,NA,NA,NA,NA,COLONIA,SAN JUAN DE ARAGÓN I SECCIÓN,NA,NA,NA,07969,09,Ciudad de México,005,Gustavo A. Madero,0001,Gustavo A. Madero,224A,020,5539199922,DEPORTIVOMIGUELHIDALGO@LIVE.COM.MX,NA,Fijo,19.4607767,-99.09186874,2014-12
8782384,09007713943004731000000000U1,CENTRO DEPORTIVO OLLIN QUETZALCOATL,NA,713943,Centros de acondicionamiento físico del sector privado,0 a 5 personas,CALLE,VILLA ELOISA,CALLE,VILLA CID,CALLE,VILLA CASTIN,CALLE,VILLA ANGELA,39,LT7,NA,NA,NA,NA,COLONIA,DESARROLLO URBANO QUETZALCOATL,NA,NA,NA,09700,09,Ciudad de México,007,Iztapalapa,0001,Iztapalapa,3079,013,5520202622,NA,NA,Fijo,19.32755012,-99.0410546,2019-11
961079,09011713944000021002000000U1,CENTRO DEPORTIVO POPULAR TLAHUAC,DIRECCION GENERAL DE SERVICIOS URBANOS DE LA ALCALDIA TLAHUAC,713944,Centros de acondicionamiento físico del sector público,11 a 30 personas,AVENIDA,CALZADA REFORMA AGRARIA,CALLE,ESCARCHA (NORTE 3),AVENIDA,TIERRA Y LIBERTAD,AVENIDA,AGUSTIN LARA,NA,SN,NA,NA,NA,NA,COLONIA,SAN JOSE,NA,NA,NA,13020,09,Ciudad de México,011,Tláhuac,0001,Tláhuac,0382,009,NA,TLAHUACDEPORTE@GMAIL.COM,NA,Fijo,19.27536733,-99.00182622,2010-07
788065,09005713944000053001000000U6,CENTRO DEPORTIVO ROSENDO ARNAIZ,GOBIERNO DEL DISTRITO FEDERAL,713944,Centros de acondicionamiento físico del sector público,11 a 30 personas,CALLE,HENRY FORD,CALLE,MARTHA,CALLE,OTILIA,CALLE,SAUL,105,3,NA,NA,NA,NA,COLONIA,GUADALUPE TEPEYAC,NA,NA,NA,07840,09,Ciudad de México,005,Gustavo A. Madero,0001,Gustavo A. Madero,181A,026,NA,NA,NA,Fijo,19.46979455,-99.11798874,2010-07
8629787,09007713944000266001000000U0,CENTRO DEPORTIVO SALVADOR ALLENDE,GOBIERNO DE LA ALCALDIA IZTAPALAPA,713944,Centros de acondicionamiento físico del sector público,31 a 50 personas,AVENIDA,DIAZ SOTO Y GAMA,CALLE,CAMPAÑA DEL EBANO,AVENIDA,GENARO ESTRADA,CALLE,COMBATE DE CELAYA,NA,SN,NA,NA,NA,SN,UNIDAD HABITACIONAL,UNIDAD VICENTE GUERRERO,NA,NA,NA,09200,09,Ciudad de México,007,Iztapalapa,0001,Iztapalapa,472A,023,NA,NA,NA,Fijo,19.35823839,-99.05225543,2019-11
650900,09007713944000212001000000U4,CENTRO DEPORTIVO SAN ANDRES TETEPILCO,ALCALDIA IZTAPALAPA DE LA CIUDAD DE MEXICO,713944,Centros de acondicionamiento físico del sector público,11 a 30 personas,CALLE,SAN ANDRES TETEPILCO,EJE VIAL,1 ORIENTE (ANDRES MOLINA ENRIQUEZ),CERRADA,PRIMERA SAN ANDRES TETEPILCO,EJE VIAL,7 SUR (MUNICIPIO LIBRE),118,NA,NA,NA,NA,NA,COLONIA,SAN ANDRÉS TETEPILCO,NA,NA,NA,09440,09,Ciudad de México,007,Iztapalapa,0001,Iztapalapa,0498,003,NA,NA,NA,Fijo,19.36980297,-99.13180432,2010-07
1007409,09012713944000101001000000U9,CENTRO DEPORTIVO SAN PEDRO MARTIR,CENTRO DEPORTIVO SAN PEDRO MARTIR,713944,Centros de acondicionamiento físico del sector público,6 a 10 personas,AVENIDA,EL MIRADOR,OTRO(ESPECIFIQUE),NINGUNO,CALLE,DALIA,PRIVADA,MIRASOL,NA,SN,NA,NA,NA,NA,PARAJE,SAN PEDRO MÁRTIR,NA,NA,NA,14640,09,Ciudad de México,012,Tlalpan,0001,Tlalpan,1566,001,5555138356,NA,NA,Fijo,19.26818404,-99.17590379,2010-07
9677345,09003713944000131000000000U5,CENTRO DEPORTIVO SANTA URSULA COAPA,ALCALDIA DE COYOACAN,713944,Centros de acondicionamiento físico del sector público,0 a 5 personas,CALLE,SAN ELEUTERIO,CALLE,SAN JORGE,CALLE,SAN ALEJANDRO,CALLE,SAN PASCASIO,NA,SN,NA,NA,NA,NA,COLONIA,PEDREGAL DE SANTA ÚRSULA,NA,NA,NA,04600,09,Ciudad de México,003,Coyoacán,0001,Coyoacán,0978,003,NA,NA,NA,Fijo,19.30909205,-99.16064521,2024-11
954326,09014713943000573001000000U7,CENTRO DEPORTIVO UNION FAMILIAR S.A. DE C.V,NA,713943,Centros de acondicionamiento físico del sector privado,0 a 5 personas,CALLE,JUAN TINOCO,CALLE,TIBURCIO SANCHEZ DE LA BARQUERA,AVENIDA,REVOLUCION,AVENIDA,BARRANCA DEL MUERTO,20,NA,NA,NA,NA,NA,COLONIA,MERCED GÓMEZ,NA,NA,NA,03900,09,Ciudad de México,014,Benito Juárez,0001,Benito Juárez,0882,014,5552353177,LURAHDZ@HOTMAIL.COM,NA,Fijo,19.3646466,-99.18985492,2010-07
8623010,09017713944000075001000000U4,CENTRO DEPORTIVO VELODROMO AGUSTIN MELGAR,GOBIERNO CDMX,713944,Centros de acondicionamiento físico del sector público,101 a 250 personas,CALLE,FERNANDO IGLESIAS CALDERON,AVENIDA,LUIS DE LA ROSA,EJE VIAL,3 SUR (MORELOS),CALLE,AGUSTIN LARA,NA,SN,NA,NA,NA,NA,COLONIA,JARDÍN BALBUENA,NA,NA,NA,15900,09,Ciudad de México,017,Venustiano Carranza,0001,Venustiano Carranza,1435,002,NA,NA,NA,Fijo,19.40927886,-99.10897623,2019-11
743930,09017713944000024001000000U2,CENTRO DEPORTIVO VENUSTIANO CARRANZA,GOBIERNO DE LA CIUDAD DE MEXICO,713944,Centros de acondicionamiento físico del sector público,51 a 100 personas,EJE VIAL,2 ORIENTE HONORABLE CONGRESO DE LA UNION,CALLE,CECILIO ROBELO,CALLE,SIDAR Y ROVIROSA,CALLE,RETORNO 1 CECILIO ROBELO,NA,SN,NA,NA,NA,NA,COLONIA,DEL PARQUE,NA,NA,NA,15960,09,Ciudad de México,017,Venustiano Carranza,0001,Venustiano Carranza,0598,002,5532342199,CESACDUC@CDMX.GOB.MX,WWW.CARRANZA.CDMX.GOB.MX,Fijo,19.42679996,-99.11959985,2010-07
740864,09002713944000013000000000U7,CENTRO DEPORTIVO VICTORIA DE LAS DEMOCRACIAS,ALCALDIA AZCAPOTZALCO,713944,Centros de acondicionamiento físico del sector público,11 a 30 personas,CALLE,TORONJIL,CALLE,MEZQUITE,CALLE,PIMIENTA,CALLE,FERROCARRIL CENTRAL,NA,SN,NA,NA,NA,NA,COLONIA,IGNACIO ALLENDE,NA,NA,NA,02810,09,Ciudad de México,002,Azcapotzalco,0001,Azcapotzalco,0542,036,NA,NA,NA,Fijo,19.46707708,-99.16296291,2010-07
856927,09012713942000014001000000U8,CENTRO DEPORTIVO VILLA OLIMPICA,GOBIERNO DEL DISTRITO FEDERAL TLALPAN,713944,Centros de acondicionamiento físico del sector público,51 a 100 personas,OTRO(ESPECIFIQUE),MANZANA O EDIFICACION CONTIGUA,CALLE,CALLE DEL OLIMPO,CALLE,INSURGENTES SUR,AVENIDA,INSURGENTES SUR,NA,SN,NA,NA,NA,NA,COLONIA,VILLA OLÍMPICA,NA,NA,NA,14250,09,Ciudad de México,012,Tlalpan,0001,Tlalpan,0089,001,NA,NA,NA,Fijo,19.29844096,-99.18798034,2010-07
634315,09002713944000022002000000U8,CENTRO DEPORTIVO XOCHINAHUAC,GOBIERNO CDMX,713944,Centros de acondicionamiento físico del sector público,6 a 10 personas,CALLE,CANCAB,OTRO(ESPECIFIQUE),MANZANA O EDIFICACION CONTIGUA,AVENIDA,FERROCARRILES NACIONALES,CALLE,AKAN,NA,SN,NA,NA,NA,SN,UNIDAD HABITACIONAL,SAN MARTÍN XOCHINAHUAC,NA,NA,NA,02120,09,Ciudad de México,002,Azcapotzalco,0001,Azcapotzalco,1127,032,NA,NA,NA,Fijo,19.50839138,-99.19200011,2010-07
845845,09005713999000032000000000U4,CENTRO DEPORTIVO ZONAL 3 BICENTENARIO,ALCALDIA GUSTAVO A MADERO,713944,Centros de acondicionamiento físico del sector público,11 a 30 personas,PROLONGACION,CAMINO PARQUE CENTRAL,CALLE,CAMINO DE LA SECRETARIA,CALLE,NORTE 94-A,OTRO(ESPECIFIQUE),MANZANA O EDIFICACION CONTIGUA,NA,SN,NA,NA,NA,NA,COLONIA,LA ESMERALDA,NA,NA,NA,07530,09,Ciudad de México,005,Gustavo A. Madero,0001,Gustavo A. Madero,2930,053,NA,NA,NA,Fijo,19.4874692,-99.08362347,2010-07
9513192,09010713943002411000000000U6,CENTRO DEPORTIVO ZUMBA CENTENARIO,NA,713943,Centros de acondicionamiento físico del sector privado,0 a 5 personas,AVENIDA,CENTENARIO,CIRCUITO,GOMEZ FARIAS,OTRO(ESPECIFIQUE),MANZANA O EDIFICACION CONTIGUA,AVENIDA,CENTENARIO,1227,NA,EDIFICIO SIN NOMBRE,1,NA,NA,COLONIA,REACOMODO VALENTÍN GÓMEZ FARÍAS,EDIFICIO COMERCIAL Y DE SERVICIOS,SIN NOMBRE,SN,01569,09,Ciudad de México,010,Álvaro Obregón,0001,Álvaro Obregón,224A,020,NA,NA,NA,Fijo,19.35926346,-99.23194504,2024-11
10943227,09011713943002212000000000U6,CENTRO DISCIPLINARIO DANGEROUS EVOLUTION,NA,713943,Centros de acondicionamiento físico del sector privado,6 a 10 personas,CALLE,MIGUEL NEGRETE,CERRADA,LOS HUERTA,CALLE,SAN RAFAEL ATLIXCO,CERRADA,LOS HUERTA,453,NA,NA,NA,NA,NA,COLONIA,ZAPOTITLAN,NA,NA,NA,13310,09,Ciudad de México,011,Tláhuac,0001,Tláhuac,1412,008,5521740502,NA,NA,Fijo,19.30362393,-99.03690411,2024-11
11337721,09010713943002721000000000U8,CENTRO ESCOLLO,NA,713943,Centros de acondicionamiento físico del sector privado,0 a 5 personas,CALLE,ESCOLLO,CALLE,SEGUNDA TARANGO,CERRADA,NINGUNO,CALLE,TARANGO,NA,SN,NA,NA,NA,NA,COLONIA,LAS ÁGUILAS SEGUNDA SECCIÓN,NA,NA,NA,01759,09,Ciudad de México,010,Álvaro Obregón,0001,Álvaro Obregón,2184,019,NA,NA,NA,Fijo,19.35693384,-99.21520849,2024-11
645159,09017464113002341010000000U1,CENTRO INTEGRAL DE DESARROLLO FISICO Y MENTAL,NA,713943,Centros de acondicionamiento físico del sector privado,0 a 5 personas,EJE VIAL,2 NORTE CANAL DEL NORTE,CALLE,SERICULTURA,CALLE,TIPOGRAFIA,CALLE,ALUMINIO,382,NA,NA,NA,435,NA,COLONIA,QUINTO TRAMO 20 DE NOVIEMBRE,NA,NA,NA,15310,09,Ciudad de México,017,Venustiano Carranza,0001,Venustiano Carranza,0066,011,NA,NA,NA,Fijo,19.4487184,-99.1092372,2010-07
8564765,09010713943001483001000000U6,CENTRO INTEGRAL DE MOVIMIENTO Y SALUD CIMOS,SICCOB SOLUTIONS,713943,Centros de acondicionamiento físico del sector privado,0 a 5 personas,AVENIDA,AVENIDA DE LAS TORRES,CALLE,JAZMIN (DALIAS),CALLE,CALLE DEL PINCEL,CALLE,CALLE DEL PINCEL,14,NA,NA,NA,NA,NA,COLONIA,TORRES DE POTRERO,NA,NA,NA,01840,09,Ciudad de México,010,Álvaro Obregón,0001,Álvaro Obregón,1699,050,5541910197,CONTACTO@CIMOS.COM.MX,WWW.CIMOS.COM.MX,Fijo,19.33125608,-99.24629695,2019-11
11749389,09010713944000281000000000U3,CENTRO INTERACTIVO LOMAS DE BECERRA,ALCALDIA ALVARO OBREGON,713944,Centros de acondicionamiento físico del sector público,0 a 5 personas,CALLE,NINGUNO,CALLE,IGUALA,CALLE,CUERNAVACA,CALLE,TETECALA,NA,SN,NA,NA,NA,NA,COLONIA,LOMAS DE BECERRA,NA,NA,NA,01279,09,Ciudad de México,010,Álvaro Obregón,0001,Álvaro Obregón,0385,058,NA,NA,NA,Fijo,19.38464581,-99.21596839,2025-04
8386919,09010713944000193001000000U0,CENTRO INTERACTIVO PRIMERA VICTORIA,GOBIERNO,713944,Centros de acondicionamiento físico del sector público,0 a 5 personas,CALLE,ROMANOS,CALLE,GENOVESES,CALLE,FLORENTINOS,CALLE,SICILIANOS,NA,SN,NA,NA,NA,NA,COLONIA,PRIMERA VICTORIA,NA,NA,NA,01160,09,Ciudad de México,010,Álvaro Obregón,0001,Álvaro Obregón,0243,031,NA,NA,NA,Fijo,19.38692036,-99.20137028,2019-11
7262986,09010713944000141000000000U9,CENTRO INTERACTIVO PRIMERA VICTORIA SECCION BOSQUES,ALCALDIA ALVARO OBREGON,713944,Centros de acondicionamiento físico del sector público,0 a 5 personas,CALLE,5,CALLE,D,CALLE,G,CALLE,6,7,MANZANA 27 LOTE 7,NA,NA,NA,NA,COLONIA,PRIMERA VICTORIA,NA,NA,NA,01160,09,Ciudad de México,010,Álvaro Obregón,0001,Álvaro Obregón,1788,024,NA,NA,NA,Fijo,19.38812814,-99.19829975,2019-11
797624,09006713944000192000000000U0,CENTRO NACIONAL DESARROLLO DE TALENTO DEPORTIVO DE ALTO RENDIMIENTO,NA,713944,Centros de acondicionamiento físico del sector público,101 a 250 personas,EJE VIAL,3 SUR AÑIL,CIRCUITO,INTERIOR (AVENIDA RIO CHURUBUSCO),EJE VIAL,3 SUR (VAINILLA),VIADUCTO,RIO DE LA PIEDAD,NA,SN,CNAR,1,NA,NA,COLONIA,GRANJAS MÉXICO,NA,NA,NA,08400,09,Ciudad de México,006,Iztacalco,0001,Iztacalco,0151,001,NA,RLIRA@CONADE.GOB.MX,NA,Fijo,19.39817774,-99.08849513,2010-07
11757551,09016713943002031000000000U9,CENTRO NAMASTE,CENTRO NAMASTE,713943,Centros de acondicionamiento físico del sector privado,0 a 5 personas,CALLE,KELVIN,CALLE,HERSCHEL,AVENIDA,GENERAL MARIANO ESCOBEDO,CALLE,EUCLIDES,8,NA,NA,19,NA,NA,COLONIA,ANZURES,EDIFICIO COMERCIAL Y DE SERVICIOS,8,303,11590,09,Ciudad de México,016,Miguel Hidalgo,0001,Miguel Hidalgo,068A,020,NA,NA,NA,Fijo,19.43444777,-99.18191977,2025-04
11790499,09014713943002422000000000U5,CENTRO PARA PRACTICA DE BEISBOL B -BAT JAULAS DE BATEO PORTALES,B-BAT DE MEXICO,713943,Centros de acondicionamiento físico del sector privado,6 a 10 personas,EJE VIAL,7 SUR (MUNICIPIO LIBRE),CALLE,Tokio,CALLE,Trípoli,AVENIDA,Víctor Hugo,183,BIS,NA,NA,NA,NA,COLONIA,PORTALES NORTE,NA,NA,NA,03303,09,Ciudad de México,014,Benito Juárez,0001,Benito Juárez,0774,016,5518026104,ABC@BBAT.COM.MX,WWW.BBAT.COM.MX,Fijo,19.36979309,-99.15288575,2025-04
708620,09006713944000245001000000U6,CENTRO PARAOLIMPICOS,CONADE,713944,Centros de acondicionamiento físico del sector público,101 a 250 personas,EJE VIAL,3 SUR AÑIL,CIRCUITO,INTERIOR (AVENIDA RIO CHURUBUSCO),EJE VIAL,3 SUR (VAINILLA),VIADUCTO,RIO DE LA PIEDAD,NA,SN,NA,NA,NA,NA,COLONIA,GRANJAS MÉXICO,NA,NA,NA,08400,09,Ciudad de México,006,Iztacalco,0001,Iztacalco,0151,001,5556499941,NA,NA,Fijo,19.40268502,-99.09611039,2014-12
10514353,09010713943002391000000000U0,CENTRO RECREATIVO ESCENICO AEREO CREA,NA,713943,Centros de acondicionamiento físico del sector privado,0 a 5 personas,CALLE,PUENTE DE IXTLA,CALLE,PUENTE METLAC,CALLE,RIO NAUTLA,CALLE,RIO CHICO,23,NA,NA,NA,NA,NA,COLONIA,PUENTE COLORADO,NA,NA,NA,01730,09,Ciudad de México,010,Álvaro Obregón,0001,Álvaro Obregón,1078,008,NA,NA,NA,Fijo,19.3472209,-99.23059408,2024-11
958151,09011713941000111000000000U6,CENTRO RECREATIVO LOS REYES TLAHUAC,NA,713943,Centros de acondicionamiento físico del sector privado,0 a 5 personas,CALLEJON,SEGUNDO CALLEJON JUAN PALOMO,CALLE,DOCTOR JUAN PALOMO MARTINEZ,AVENIDA,CALZADA TLAHUAC-CHALCO,CALLE,EMILIANO ZAPATA,1,NA,NA,NA,NA,NA,BARRIO,LOS REYES,NA,NA,NA,13080,09,Ciudad de México,011,Tláhuac,0001,Tláhuac,0946,010,5558421511,NA,NA,Fijo,19.26692399,-99.00399372,2010-07
7232847,09014713944000055001000000U3,CENTRO RECREATIVO NIÑOS HEROES,DIF,713944,Centros de acondicionamiento físico del sector público,101 a 250 personas,EJE VIAL,8 SUR AVENIDA POPOCATEPETL,CALLE,UXMAL,AVENIDA,PIRINEOS,CALLE,PROLONGACION REPUBLICAS,295,NA,NA,NA,NA,NA,COLONIA,SANTA CRUZ ATOYAC,NA,NA,NA,03310,09,Ciudad de México,014,Benito Juárez,0001,Benito Juárez,0844,003,NA,NA,NA,Fijo,19.36362316,-99.15994326,2019-11
882683,09011713943000241000000000U7,CENTRO RECREATIVO SQUASH ORION,NA,713943,Centros de acondicionamiento físico del sector privado,0 a 5 personas,CALLE,EDUCACION RURAL,CALLE,EDUCACION SECUNDARIA,CALLE,EDUCACION PRIMARIA,CERRADA,PRIMERA EDUCACION PRIMARIA,10,NA,NA,NA,NA,NA,COLONIA,TORRES BODET,NA,NA,NA,13530,09,Ciudad de México,011,Tláhuac,0021,San Juan Ixtayopan,115A,015,5558486145,NA,NA,Fijo,19.23410656,-98.99618084,2010-07
794263,09007621341000112002000000U6,CENTRO SOCIAL,NA,713943,Centros de acondicionamiento físico del sector privado,0 a 5 personas,CALLE,GENERAL JOSE ALVAREZ Y ALVAREZ,CALLE,INGENIERO JUAN DE DIOS,CALLE,GENERAL HERIBERTO JARA,CALLE,LICENCIADO ALFONSO CRAVIOTO,24,NA,NA,NA,NA,NA,COLONIA,CONSTITUCIÓN DE 1917,NA,NA,NA,09260,09,Ciudad de México,007,Iztapalapa,0001,Iztapalapa,1462,001,5521345223,NA,NA,Fijo,19.34571907,-99.05910239,2010-07
10146202,09007713944000351000000000U0,CENTRO SOCIAL CATARROJA,ALCALDIA IZTAPALAPA,713944,Centros de acondicionamiento físico del sector público,0 a 5 personas,AVENIDA,HIDALGO,CALLE,OLIVOS,CERRADA,SEGUNDA AVENIDA HIDALGO,CALLE,BILBAO,30,LT,NA,NA,NA,NA,COLONIA,SAN NICOLÁS TOLENTINO,NA,NA,NA,09850,09,Ciudad de México,007,Iztapalapa,0001,Iztapalapa,5925,001,NA,NA,NA,Fijo,19.32808966,-99.08630408,2024-11
8507666,09010713944000101000000000U3,CENTRO SOCIAL DE CONVIVENCIA FAMILIAR,SECRETARIA DE DESARROLLO SOCIAL,713944,Centros de acondicionamiento físico del sector público,0 a 5 personas,ANDADOR,BARDA,ANDADOR,MANZANA O EDIFICACION CONTIGUA,CALLE,11 DE NOVIEMBRE,CALLE,16 DE SEPTIEMBRE,NA,SN,NA,NA,NA,NA,COLONIA,COLINAS DE TARANGO,NA,NA,NA,01620,09,Ciudad de México,010,Álvaro Obregón,0001,Álvaro Obregón,2292,064,NA,NA,NA,Fijo,19.36208849,-99.21751637,2019-11
905508,09003713944000065000000000U5,CENTRO SOCIAL DEPORTIVO IMSS,CENTRO SOCIAL DEPORTIVO IMSS,713944,Centros de acondicionamiento físico del sector público,51 a 100 personas,CALLE,GENERAL ANAYA,CALLE,RAFAEL OLIVA,AVENIDA,LATERAL (AVENIDA RIO CHURUBUSCO),CALLE,20 DE AGOSTO,18,NA,NA,NA,NA,NA,COLONIA,SAN DIEGO CHURUBUSCO,NA,NA,NA,04120,09,Ciudad de México,003,Coyoacán,0001,Coyoacán,0060,008,NA,NA,NA,Fijo,19.35679377,-99.14606451,2014-12
751781,09017713944000013002000000U5,CENTRO SOCIAL DEPORTIVO JOSE MARIA PINO SUAREZ,CENTRO SOCIAL DEPORTIVO JOSE MARIA PINO SUAREZ,713944,Centros de acondicionamiento físico del sector público,31 a 50 personas,CALZADA,CALZADA DE LA VIGA,CALLE,GUILLERMO PRIETO,CALLE,PRIVADA RANCHO DE LA CRUZ,EJE VIAL,2 ORIENTE (HONORABLE CONGRESO DE LA UNION),NA,SN,NA,NA,NA,NA,COLONIA,JAMAICA,NA,NA,NA,15800,09,Ciudad de México,017,Venustiano Carranza,0001,Venustiano Carranza,1399,002,NA,NA,NA,Fijo,19.40673367,-99.12604764,2010-07
985831,09003611511000021010000000U8,CENTRO SOCIAL SALVADOR BRAVO SANCHEZ CLASES DE ZUMBA,NA,713943,Centros de acondicionamiento físico del sector privado,0 a 5 personas,PRIVADA,2 ESTACIONAMIENTO MANUELA MEDINA,PRIVADA,2 ESTACIONAMIENTO MANUELA MEDINA,PRIVADA,2 ESTACIONAMIENTO MANUELA MEDINA,PRIVADA,2 ESTACIONAMIENTO MANUELA MEDINA,NA,SN,NA,NA,NA,NA,COLONIA,CULHUACÁN CTM SECCIÓN VIII,NA,NA,NA,04909,09,Ciudad de México,003,Coyoacán,0001,Coyoacán,1478,044,5530830196,NA,NA,Fijo,19.31785186,-99.10517417,2010-07
855821,09015931210002013001000000U9,CENTRO SOCIAL Y DEPORTIVO ANTONIO CASO,ALCALDIA CUAHUTEMOC,713944,Centros de acondicionamiento físico del sector público,31 a 50 personas,AVENIDA,PASEO DE LA REFORMA,AVENIDA,RICARDO FLORES MAGON,AVENIDA,MANUEL GONZALEZ,EJE VIAL,EJE CNETRAL LAZARO CARDENAS,680,NA,NA,NA,NA,NA,UNIDAD HABITACIONAL,NONOALCO TLATELOLCO,NA,NA,NA,06900,09,Ciudad de México,015,Cuauhtémoc,0001,Cuauhtémoc,0451,008,NA,NA,NA,Fijo,19.450949,-99.13390006,2010-07
785701,09006931210000803011000000U4,CENTRO SOCIAL Y DEPORTIVO COYUYA,DELEGACION IZTACALCO,713944,Centros de acondicionamiento físico del sector público,0 a 5 personas,CALLE,COYUYA,CONTINUACION,RIO DE LA PIEDAD,CALLE,MIGUEL HIDALGO,CALLE,PRIMERO DE MAYO,10,NA,NA,NA,NA,NA,COLONIA,LA CRUZ,NA,NA,NA,08310,09,Ciudad de México,006,Iztacalco,0001,Iztacalco,0274,013,NA,NA,NA,Fijo,19.40445142,-99.11980175,2010-07
794531,09006713942000011002000000U6,CENTRO SOCIAL Y DEPORTIVO EL RECREO,GOBIERNO DEL D F,713944,Centros de acondicionamiento físico del sector público,6 a 10 personas,CALLE,SUR 115,CALLE,ORIENTE 110,AVENIDA,RECREO,CALLE,SUR 113-B,2276,NA,NA,NA,NA,NA,COLONIA,JUVENTINO ROSAS,NA,NA,NA,08700,09,Ciudad de México,006,Iztacalco,0001,Iztacalco,0611,014,NA,NA,NA,Fijo,19.39386988,-99.10730567,2010-07
7735671,09006713944000271000000000U2,CENTRO SOCIAL Y DEPORTIVO FORTALEZA,CENTRO SOCIAL Y DEPORTIVO FORTALEZA,713944,Centros de acondicionamiento físico del sector público,0 a 5 personas,CALLE,ORIENTE 116,CALLE,PUENTE DE ZACATE,CALLE,PUENTE JUAN CARBONERO,CALLE,ORIENTE 110,NA,SN,NA,NA,NA,NA,COLONIA,GABRIEL RAMOS MILLÁN SECCIÓN CUCHILLA,NA,NA,NA,08000,09,Ciudad de México,006,Iztacalco,0001,Iztacalco,0734,012,NA,NA,NA,Fijo,19.3877124,-99.09182735,2019-11
6489052,09006711312000031012000000U2,CENTRO SOCIAL Y DEPORTIVO GRANJAS MEXICO,ALCALDIA IZTACALCO,713944,Centros de acondicionamiento físico del sector público,11 a 30 personas,CALLE,CHICLE,CALLE,CANELA,CALLE,CHICLE,CALLE,CANELA,NA,SN,NA,NA,NA,NA,COLONIA,GRANJAS MÉXICO,NA,NA,NA,08400,09,Ciudad de México,006,Iztacalco,0001,Iztacalco,0293,016,5559969297,NA,NA,Fijo,19.39805037,-99.10596405,2016-01
792580,09006711312000011021000000U4,CENTRO SOCIAL Y DEPORTIVO JARDINES TECMA,GOBIERNO DE CDMX ALCALDIA IZTACALCO,713944,Centros de acondicionamiento físico del sector público,0 a 5 personas,CALLE,CANAL DE TEZONTLE,CALLE,ESTUDIOS CLASA,CALLE,ESTUDIOS STHAL,CALLE,TECNICOS Y MANUALES,NA,SN,NA,NA,NA,NA,COLONIA,JARDINES TECMA,NA,NA,NA,08920,09,Ciudad de México,006,Iztacalco,0001,Iztacalco,0791,002,NA,CENTROSOCIALJARDINESTECMA@GMAIL.COM,NA,Fijo,19.38847035,-99.11590424,2010-07
657081,09017713944000054001000000U9,CENTRO SOCIAL Y DEPORTIVO MOCTEZUMA,GOBIERNO,713944,Centros de acondicionamiento físico del sector público,51 a 100 personas,CALLE,ORIENTE 158,CALLE,CALLE DEL MERCADO,CALLE,NORTE 29,CALLE,ORIENTE 164,225,NA,NA,17,NA,NA,COLONIA,MOCTEZUMA SEGUNDA SECCIÓN,PARQUE RECREATIVO,DEPORTIVO MOCTEZUMA,225,15530,09,Ciudad de México,017,Venustiano Carranza,0001,Venustiano Carranza,055A,007,5555714157,NA,NA,Fijo,19.43405282,-99.09755072,2010-07
804943,09006713999000023002000000U1,CENTRO SOCIAL Y DEPORTIVO PARQUE PANTITLAN,CENTRO SOCIAL Y DEPORTIVO PARQUE PANTITLAN,713944,Centros de acondicionamiento físico del sector público,31 a 50 personas,CALLE,6,CALLE,UNION,CALLE,G. NAVARRO (AV. GUADALUPE),PERIFERICO,CALLE 7,353,NA,NA,NA,NA,NA,COLONIA,AGRÍCOLA PANTITLAN,NA,NA,NA,08100,09,Ciudad de México,006,Iztacalco,0001,Iztacalco,0039,010,NA,NA,NA,Fijo,19.41519306,-99.05850821,2010-07
990325,09003713944000083000000000U8,CENTRO SOCIAL Y DEPORTIVO ROSARIO IGLESIAS ROCHA,INSTITUTO DEL DEPORTE DE LA CIUDAD DE MEXICO,713944,Centros de acondicionamiento físico del sector público,11 a 30 personas,CALZADA,CALZADA DEL HUESO,CALZADA,CALZADA DEL HUESO,CALLE,RANCHO DEL ARENAL,CALLE,RANCHO VISTA HERMOSA,400,NA,NA,NA,NA,NA,COLONIA,LOS SAUCES,NA,NA,NA,04940,09,Ciudad de México,003,Coyoacán,0001,Coyoacán,1444,025,5556849165,CENTRODEPORTIVORYR2024@GMAIL.COM,INDEPORTE.CDMX.GOB.MX,Fijo,19.30269501,-99.1209723,2010-07
784936,09006931210000252011000000U4,CENTRO SOCIAL Y DEPORTIVO UNIDAD VECINAL CARACAS,GOBIERNO DE LA CIUDAD DE MEXICO,713944,Centros de acondicionamiento físico del sector público,0 a 5 personas,CALLE,CERRADA SEGUNDA SUR 77,CALLE,SUR 75,CALLE,SUR 77,CALLE,CERRADA PRIMERA SUR 77,4427,NA,NA,NA,NA,NA,COLONIA,VIADUCTO PIEDAD,NA,NA,NA,08200,09,Ciudad de México,006,Iztacalco,0001,Iztacalco,0236,006,5528925964,NA,NA,Fijo,19.39972586,-99.12743038,2010-07
10277286,09015713944000081000000000U6,CENTRO SOCIAL Y RECREATIVO CSR,CNTRO SOCIAL Y RECREATIVO CSR,713944,Centros de acondicionamiento físico del sector público,0 a 5 personas,CALLE,SERAPIO RENDON,CALLE,MAESTRO ANTONIO CASO,CALLE,JAMES SULLIVAN,CALLE,SADI CARNOT,118,NA,NA,NA,NA,NA,COLONIA,SAN RAFAEL,NA,NA,NA,06470,09,Ciudad de México,015,Cuauhtémoc,0001,Cuauhtémoc,0697,012,5555468015,OMARHM@STRM.ORG.MX,NA,Fijo,19.43409783,-99.16051603,2024-11
9759769,09007713943007741000000000U7,CENTROS DE ACONDICIONAMIENTO FÍSICO DEL SECTOR PRIVADO SIN NOMBRE,CROSSFIT TRUENO,713943,Centros de acondicionamiento físico del sector privado,0 a 5 personas,CALLE,RIO FUERTE,CALLE,RIO ELBA,CALLE,RIO NILO,CALLE,RIO TUXPAN,9,NA,NA,NA,NA,NA,COLONIA,VALLE DE SAN LORENZO,NA,NA,NA,09970,09,Ciudad de México,007,Iztapalapa,0001,Iztapalapa,351A,021,5520870428,NA,NA,Fijo,19.29827806,-99.07641585,2024-11
8268613,09017713943001361000000000U9,CENTROS DE ACONDICIONAMIENTO FÍSICO DEL SECTOR PRIVADO SIN NOMBRE,NA,713943,Centros de acondicionamiento físico del sector privado,0 a 5 personas,CALLE,MORELOS,CALLE,VILLAHERMOSA,CALLE,NAYARIT,CALLE,PUEBLA,156,NA,NA,NA,NA,NA,COLONIA,PEÑÓN DE LOS BAÑOS,NA,NA,NA,15520,09,Ciudad de México,017,Venustiano Carranza,0001,Venustiano Carranza,0352,002,5528632697,NA,NA,Fijo,19.43978439,-99.07880236,2019-11
7595493,09012713943002351000000000U0,CERBERO BULKING,NA,713943,Centros de acondicionamiento físico del sector privado,0 a 5 personas,CALLE,JUAN ALDAMA,CALLE,MARIANO MATAMOROS,CALLE,MELCHOR OCAMPO,CALLE,CERRADA JOSE MARIA MORELOS,1,NA,NA,NA,NA,NA,PUEBLO,SANTO TOMÁS AJUSCO,NA,NA,NA,14710,09,Ciudad de México,012,Tlalpan,0026,San Miguel Ajusco,1532,003,NA,CERBEROHOUSE03@GMAIL.COM,NA,Fijo,19.21930848,-99.20451753,2019-11
11681844,09017713943001631000000000U5,CERDI FITSAM,NA,713943,Centros de acondicionamiento físico del sector privado,0 a 5 personas,AVENIDA,HIDALGO,CALLE,SINALOA,CALLE,LA PAZ,AVENIDA,QUETZALCOATL,160,BIS,NA,NA,NA,NA,COLONIA,PEÑÓN DE LOS BAÑOS,NA,NA,NA,15520,09,Ciudad de México,017,Venustiano Carranza,0001,Venustiano Carranza,0475,010,NA,NA,NA,Fijo,19.43749323,-99.08188904,2024-11
1021351,09008713943000211000000000U6,CESAR GYM,NA,713943,Centros de acondicionamiento físico del sector privado,0 a 5 personas,AVENIDA,OAXACA,CALLE,FERROCARRIL DE CUERNAVACA,PRIVADA,OAXACA,CALLE,QUERETARO,216,NA,NA,NA,NA,NA,COLONIA,HÉROES DE PADIERNA,NA,NA,NA,10810,09,Ciudad de México,008,La Magdalena Contreras,0001,La Magdalena Contreras,0283,019,5540618833,NA,NA,Fijo,19.31486615,-99.22827638,2010-07
809793,09005713999000021001000000U7,CETED CENTRO TECNICO DEPORTIVO,DELEGACION GUSTAVO A MADERO,713944,Centros de acondicionamiento físico del sector público,11 a 30 personas,CALLE,ANGANGUEO,CALLE,IXCATEOPAN,CALLE,APATZINGAN,AVENIDA,DOLORES HIDALGO,2273,NA,NA,NA,NA,NA,COLONIA,SAN FELIPE DE JESÚS,NA,NA,NA,07510,09,Ciudad de México,005,Gustavo A. Madero,0001,Gustavo A. Madero,1203,008,NA,NA,NA,Fijo,19.49242301,-99.077858,2010-07
11164885,09007713943007702000000000U9,CHAMPIONS GYM,NA,713943,Centros de acondicionamiento físico del sector privado,6 a 10 personas,EJE VIAL,8 SUR CALZADA ERMITA IZTAPALAPA,CERRADA,SAN FELIPE,EJE VIAL,2 ORIENTE (CALZADA DE LA VIGA),CALLE,JORGE ENCISO,472,NA,NA,NA,NA,NA,COLONIA,MEXICALTZINGO,NA,NA,NA,09090,09,Ciudad de México,007,Iztapalapa,0001,Iztapalapa,0939,003,NA,EDUARDOVAL96@HOTMAIL.COM,NA,Fijo,19.35798238,-99.12042521,2024-11
1027490,09013713943001181001000000U0,CHAMPIONS GYM,NA,713943,Centros de acondicionamiento físico del sector privado,6 a 10 personas,CALLE,HOMBRES ILUSTRES,CALLE,NECAXA,CALLE,LUCERNA NORTE,CALLE,NECAXA,117,NA,NA,NA,NA,NA,PUEBLO,SANTA CECILIA TEPETLAPA,NA,NA,NA,16880,09,Ciudad de México,013,Xochimilco,0001,Xochimilco,0654,012,NA,NA,NA,Fijo,19.21810764,-99.09714392,2014-12
1044378,09015713943000361000000000U4,CHARLES BRONSO MEXICANO,NA,713943,Centros de acondicionamiento físico del sector privado,0 a 5 personas,CALLE,FRANCISCO J CLAVIJERO,CALLE,LORENZO BOTURINI,CALLE,CALLEJON SAN ANTONIO ABAD,CALLE,XOCONGO,35,D,NA,NA,NA,NA,COLONIA,TRÁNSITO,NA,NA,NA,06820,09,Ciudad de México,015,Cuauhtémoc,0001,Cuauhtémoc,106A,003,NA,NA,NA,Fijo,19.42054873,-99.12968373,2010-07
9147427,09013713943001861000000000U7,CHEPPES GYM,JOSE ROSAS,713943,Centros de acondicionamiento físico del sector privado,0 a 5 personas,CALLE,CAMINO A SAN LUCAS,OTRO(ESPECIFIQUE),BARDA,CALLE,CAPULINES,CALLE,ANTIGUO CAMINO A SAN MATEO,135,J,NA,NA,NA,NA,BARRIO,SAN LUCAS XOCHIMANCA,NA,NA,NA,16300,09,Ciudad de México,013,Xochimilco,0001,Xochimilco,0404,003,5517008157,NA,NA,Fijo,19.24765166,-99.10708314,2019-11
670720,09005713943001922001000000U3,CHOCO SPORT GYM,NA,713943,Centros de acondicionamiento físico del sector privado,0 a 5 personas,AVENIDA,ADOLFO LOPEZ MATEOS,CALLE,TORRES QUINTERO,CALLE,JUSTO SIERRA,CALLE,POLITECNICO NACIONAL,70,NA,NA,1,129,NA,COLONIA,ZONA ESCOLAR,MERCADO PUBLICO,CONCENTRACION ZONA ESCOLAR,MZ 70 LT 16,07230,09,Ciudad de México,005,Gustavo A. Madero,0001,Gustavo A. Madero,0188,018,5613732477,NA,NA,Fijo,19.54081786,-99.14699214,2014-12
11630038,09012713943002811000000000U3,CIRCULO MERAKI,NA,713943,Centros de acondicionamiento físico del sector privado,0 a 5 personas,CALLE,SEGUNDA CERRADA CAÑAVERALES,CALLE,CAÑAVERALES,CALLE,FLORALES,CALLE,CEBADALES,21,NA,NA,NA,NA,NA,COLONIA,MAGISTERIAL,NA,NA,NA,14360,09,Ciudad de México,012,Tlalpan,0001,Tlalpan,216A,031,NA,MERAKI.SHALA.STUDIO@GMAIL.COM,NA,Fijo,19.29594192,-99.11273249,2024-11
11490486,09003713943002842000000000U7,CITY DANCE STUDIO,NA,713943,Centros de acondicionamiento físico del sector privado,6 a 10 personas,AVENIDA,AZTECAS,CALLE,MONSERRAT,CALLE,CALLE DEL ROSAL,CERRADA,LAS FLORES,209,NA,NA,NA,10,NA,PUEBLO,DE LOS REYES,NA,NA,NA,04330,09,Ciudad de México,003,Coyoacán,0001,Coyoacán,0573,045,NA,CITLI25@HOTMAIL.COM,NA,Fijo,19.33247273,-99.15266488,2024-11
1030747,09015713943001541001000000U0,CK PERSONAL TRAINING SUSTEM,NA,713943,Centros de acondicionamiento físico del sector privado,6 a 10 personas,AVENIDA,CHAPULTEPEC,RETORNO,DOCTOR RIO DE LA LOZA,CALLE,DOCTOR RAFAEL LUCIO,AVENIDA,DOCTOR RIO DE LA LOZA,44,NA,NA,NA,NA,NA,COLONIA,DOCTORES,NA,NA,NA,06720,09,Ciudad de México,015,Cuauhtémoc,0001,Cuauhtémoc,0860,019,NA,NA,NA,Fijo,19.42629087,-99.15153203,2010-07
10358201,09006713943001564000000000U1,CLANDESTINO GYM,NA,713943,Centros de acondicionamiento físico del sector privado,31 a 50 personas,CALLE,4,PRIVADA,MITA,PRIVADA,242,CALLE,3,248,NA,NA,NA,NA,NA,COLONIA,AGRÍCOLA PANTITLAN,NA,NA,NA,08100,09,Ciudad de México,006,Iztacalco,0001,Iztacalco,0077,003,NA,NA,WWW.CLANDESTINOGYM.COM,Fijo,19.41276141,-99.06254344,2024-11
8137868,09007713943005951000000000U4,CLASE DE RITMO LATINO ZUMBA,NA,713943,Centros de acondicionamiento físico del sector privado,0 a 5 personas,AVENIDA,CIRCUNVALACION,CALLE,NINGUNO,CALLE,ANILLO DE CIRCUNVALACION,AVENIDA,HERMINIO CHAVARRIA,NA,SN,NA,NA,NA,NA,EJIDO,SANTA MARÍA AZTAHUACAN,NA,NA,NA,09570,09,Ciudad de México,007,Iztapalapa,0001,Iztapalapa,1513,032,5520923246,NA,NA,Fijo,19.35302325,-99.02658292,2019-11
11698230,09012713943003161000000000U2,CLASES BOX,GIL HERNANDEZ,713943,Centros de acondicionamiento físico del sector privado,0 a 5 personas,CALLE,CALKINI,CALLE,TIZIMIN,CALLE,HALACHO,CALLE,BOULEVARD PICACHO AJUSCO,NA,SN,NA,NA,NA,NA,COLONIA,COLINAS DEL AJUSCO,NA,NA,NA,14240,09,Ciudad de México,012,Tlalpan,0001,Tlalpan,0657,006,5512546950,NA,NA,Fijo,19.28829443,-99.21836502,2024-11
11402018,09011713943002281000000000U1,CLASES CARDIO JUMP,NA,713943,Centros de acondicionamiento físico del sector privado,0 a 5 personas,AVENIDA,CAMINO REAL,CERRADA,SEGUNDA TIERRA BLANCA,CERRADA,PRIMERA TIERRA BLANCA,CALLE,JUAN DE LA BARRERA,296,NA,NA,NA,NA,NA,BARRIO,SAN AGUSTN,NA,NA,NA,13508,09,Ciudad de México,011,Tláhuac,0001,Tláhuac,0984,013,5623852630,NA,NA,Fijo,19.2398614,-98.99830522,2024-11
10909985,09007713943007411000000000U7,CLASES DE BAILE Y FITNESS JEZA,NA,713943,Centros de acondicionamiento físico del sector privado,0 a 5 personas,CALLE,SILICIO,CERRADA,CERRO DE LA ESTRELLA,CALLE,CIRCONIO,CALLE,ESTRONCIO,10,L,NA,NA,NA,NA,COLONIA,PARAJE SAN JUAN CERRO,NA,NA,NA,09858,09,Ciudad de México,007,Iztapalapa,0001,Iztapalapa,4984,039,5619003486,NA,NA,Fijo,19.34812409,-99.08071611,2024-11
9949812,09017713943001881000000000U6,CLASES DE BAILE Y ZUMBA SIN NOMBRE,NA,713943,Centros de acondicionamiento físico del sector privado,0 a 5 personas,CALLE,QUETZALCOATL,CALLE,CIRCUNVALACION,CALLE,NEZAHUALCOYOTL,CALLE,TLALOC,13,NA,NA,NA,NA,NA,COLONIA,ARENAL PRIMERA SECCIÓN,NA,NA,NA,15600,09,Ciudad de México,017,Venustiano Carranza,0001,Venustiano Carranza,0812,021,NA,NA,NA,Fijo,19.42415506,-99.0659705,2024-11
915736,09012713943001551000000000U6,CLASES DE BOX,NA,713943,Centros de acondicionamiento físico del sector privado,0 a 5 personas,CALLE,AVENIDA MIGUEL HIDALGO,PRIVADA,CANTERA,CALLE,AVENIDA FUENTES BROTANTES,AVENIDA,REYNOSA,195,NA,NA,NA,NA,NA,COLONIA,FUENTES BROTANTES,NA,NA,NA,14410,09,Ciudad de México,012,Tlalpan,0001,Tlalpan,2085,038,5518118238,NA,NA,Fijo,19.28104291,-99.18712983,2014-12
10276940,09008713943000861000000000U8,CLASES DE BOX,KAREN SANCHEZ,713943,Centros de acondicionamiento físico del sector privado,0 a 5 personas,CALLE,EL AGUAJE,AVENIDA,COCONETLA,CERRADA,EL AGUAJE,CALLE,AGUAJITO,NA,SN,NA,NA,NA,NA,COLONIA,EL OCOTAL,NA,NA,NA,10630,09,Ciudad de México,008,La Magdalena Contreras,0001,La Magdalena Contreras,057A,012,NA,NA,NA,Fijo,19.29868452,-99.26182381,2024-11
8436387,09007713943005001000000000U8,CLASES DE BOX EL PITBULL,NA,713943,Centros de acondicionamiento físico del sector privado,0 a 5 personas,CERRADA,RIO DANUBIO,CALLE,RIO NILO,AVENIDA,EMILIANO ZAPATA,CALLE,SOTO LA MARINA,12,MZ2 LT,NA,NA,NA,NA,COLONIA,VALLE DE SAN LORENZO,NA,NA,NA,09970,09,Ciudad de México,007,Iztapalapa,0001,Iztapalapa,351A,015,5587849815,NA,NA,Fijo,19.29916127,-99.07547702,2019-11
10230583,09013713943002251000000000U0,CLASES DE BOX EL RANCHITO,NA,713943,Centros de acondicionamiento físico del sector privado,0 a 5 personas,PRIVADA,FRESNO,CERRADA,NINGUNO,CALLE,CIPRES,PRIVADA,PRIVADA FRESNOS (CANAL),NA,SN,NA,NA,74,NA,AMPLIACION,AMPLIACION SAN MARCOS EL RANCHITO,NA,NA,NA,16038,09,Ciudad de México,013,Xochimilco,0001,Xochimilco,0090,040,5553349940,NA,NA,Fijo,19.27344044,-99.11152563,2024-11
9498802,09007713943006801000000000U0,CLASES DE BOX SIN NOMBRE,NA,713943,Centros de acondicionamiento físico del sector privado,0 a 5 personas,CALZADA,DEL VERGEL,CALLE,PEDRO SASTRE,CALLE,ANDRES BARRAZA,CALLE,FERROCARRIL TERRAPLEN SAN RAFAEL,NA,SN,NA,NA,NA,NA,COLONIA,LA ERA,NA,NA,NA,09720,09,Ciudad de México,007,Iztapalapa,0001,Iztapalapa,2884,025,5533367699,NA,NA,Fijo,19.335795,-99.05476369,2024-11
9559738,09003713943002801000000000U3,CLASES DE CARDIO,NA,713943,Centros de acondicionamiento físico del sector privado,0 a 5 personas,CALLE,ROSARIO CASTELLANOS,ANDADOR,1 ROSARIO CASTELLANOS,ANDADOR,FRANCISCA GARCIA BATLE,OTRO(ESPECIFIQUE),NINGUNO,NA,SN,NA,NA,NA,NA,COLONIA,CULHUACÁN CTM SECCIÓN VIII,NA,NA,NA,04909,09,Ciudad de México,003,Coyoacán,0001,Coyoacán,1478,002,5585439145,NA,NA,Fijo,19.31747255,-99.10384348,2024-11
11732720,09007713943008111000000000U2,CLASES DE CARDIO SIN NOMBRE,CLASES DE CARDIO SIN NOMBRE,713943,Centros de acondicionamiento físico del sector privado,0 a 5 personas,CALLE,PLANETA,CALLE,Nautla,CALLE,Bellavista,CALLE,Valpaiso,13,NA,NA,NA,NA,NA,COLONIA,EL RODEO,NA,NA,NA,09860,09,Ciudad de México,007,Iztapalapa,0001,Iztapalapa,4151,031,5512419821,NA,NA,Fijo,19.33160818,-99.07009105,2025-04
8277733,09005713943003511000000000U2,CLASES DE CARDIO SLIM,NA,713943,Centros de acondicionamiento físico del sector privado,0 a 5 personas,CALLE,CAMINO DE LA ENSEÑANZA,CALLE,CAMINO CAMPESTRE,CALLE,CAMINO CAMPESTRE A,CALLE,CAMINO PARQUE CENTRAL,NA,SN,NA,NA,NA,NA,COLONIA,CAMPESTRE ARAGÓN,NA,NA,NA,07530,09,Ciudad de México,005,Gustavo A. Madero,0001,Gustavo A. Madero,1345,005,NA,NA,NA,Fijo,19.48372826,-99.07783885,2019-11
8695029,09010713943001771000000000U4,CLASES DE CROSSFIT SIN NOMBRE,NA,713943,Centros de acondicionamiento físico del sector privado,0 a 5 personas,CALLE,PASO DEL REY,CALLE,PASO DEL REY,CALLE,PASO DE CHACABUCO,OTRO(ESPECIFIQUE),ARROYO,4,NA,NA,NA,NA,NA,AMPLIACION,LA MEXICANA SEGUNDA AMPLIACIÓN,NA,NA,NA,01260,09,Ciudad de México,010,Álvaro Obregón,0001,Álvaro Obregón,0440,010,NA,NA,NA,Fijo,19.3791443,-99.23150546,2019-11
11113874,09017713943001891000000000U5,CLASES DE EJERCICIO FUSION,NA,713943,Centros de acondicionamiento físico del sector privado,0 a 5 personas,CALLE,INDE,CALLE,ALUMINIO,CALLE,COBRE,CALLE,GUANACEVI,34,NA,NA,1,10,NA,COLONIA,POPULAR RASTRO,PASAJE Y ANDADOR COMERCIAL,PLAZA LA INDEPENDENCIA,11,15220,09,Ciudad de México,017,Venustiano Carranza,0001,Venustiano Carranza,0032,008,NA,NA,NA,Fijo,19.45217052,-99.11756067,2024-11
10348097,09017713943001651000000000U3,CLASES DE JUMPING SIN NOMBRE,NA,713943,Centros de acondicionamiento físico del sector privado,0 a 5 personas,CALLE,BONANZA,CALLE,PLATINO,CIRCUITO,INTERIOR (AVENIDA RIO CONSULADO),CALLE,CIENEGUILLAS,132,NA,NA,NA,2,NA,COLONIA,FELIPE ÁNGELES,NA,NA,NA,15310,09,Ciudad de México,017,Venustiano Carranza,0001,Venustiano Carranza,0047,006,NA,NA,NA,Fijo,19.45352381,-99.11250556,2024-11
11122955,09003713943002642000000000U1,CLASES DE POLE DANCE AERIAL MOTION LAB,NA,713943,Centros de acondicionamiento físico del sector privado,6 a 10 personas,EJE VIAL,EJE 10 SUR AVENIDA COPILCO,EJE VIAL,EJE 10 SUR (AVENIDA COPILCO),AVENIDA,UNIVERSIDAD,AVENIDA,UNIVERSIDAD,2079,NA,NA,1,NA,NA,COLONIA,COPILCO EL BAJO,CENTRO Y PLAZA COMERCIAL,PLAZA MANZANA,2,04340,09,Ciudad de México,003,Coyoacán,0001,Coyoacán,054A,027,NA,NA,WWW.POLEDANCE.MX,Fijo,19.3375848,-99.18484753,2024-11
11294684,09015713943003041000000000U9,CLASES DE SPINING,NA,713943,Centros de acondicionamiento físico del sector privado,0 a 5 personas,CALLE,MATAMOROS,AVENIDA,PASEO DE LA REFORMA,CALLE,SANTA ANA,CALLE,GONZALEZ BOCANEGRA,91,NA,NA,NA,NA,NA,COLONIA,MORELOS,NA,NA,NA,06200,09,Ciudad de México,015,Cuauhtémoc,0001,Cuauhtémoc,0540,015,NA,NA,NA,Fijo,19.44751694,-99.13315567,2024-11
971733,09013713943001091000000000U1,CLASES DE SPINNING SIN NOMBRE,NA,713943,Centros de acondicionamiento físico del sector privado,0 a 5 personas,CALLE,16 DE SEPTIEMBRE,CALLE,MIGUEL HIDALGO,CALLE,JAVIER MINA,CALLE,JAVIER MINA,10,NA,NA,NA,NA,NA,PUEBLO,SANTA MARÍA TEPEPAN,NA,NA,NA,16020,09,Ciudad de México,013,Xochimilco,0001,Xochimilco,0067,008,NA,NA,NA,Fijo,19.27324732,-99.13213339,2010-07
736086,09007713943003771000000000U8,CLASES DE ZUMBA,NA,713943,Centros de acondicionamiento físico del sector privado,0 a 5 personas,CALLE,VILLA FRANQUEZA,CALLE,VILLA CID,CALLE,VILLA ALCAIDAS,CALLE,VILLA NUEVA DE LA CONDESA,7,NA,NA,NA,NA,NA,COLONIA,DESARROLLO URBANO QUETZALCOATL,NA,NA,NA,09700,09,Ciudad de México,007,Iztapalapa,0001,Iztapalapa,3064,036,NA,NA,NA,Fijo,19.32531972,-99.04082934,2014-12
9917987,09009713943000671000000000U9,CLASES DE ZUMBA,NA,713943,Centros de acondicionamiento físico del sector privado,0 a 5 personas,AVENIDA,JOSE MARIA MORELOS,CALLE,16 DE SEPTIEMBRE,CALLE,NINGUNO,CALLE,BARRANCA SECA,156,NA,NA,NA,NA,NA,PUEBLO,SAN ANTONIO TECOMITL,NA,NA,NA,12100,09,Ciudad de México,009,Milpa Alta,0011,San Antonio Tecómitl,0420,039,5588838121,NA,NA,Fijo,19.21224941,-98.99633508,2024-11
7261994,09010713944000121000000000U1,CLASES DE ZUMBA,SECRETARIA DE DESARROLLO SOCIAL,713944,Centros de acondicionamiento físico del sector público,0 a 5 personas,CALLE,PARALELA 7,ANDADOR,ANDADOR DEL HIERRO,CALLE,LOS POSTES,CALLE,LOS POSTES,NA,SN,NA,NA,NA,NA,COLONIA,MOLINO DE SANTO DOMINGO,NA,NA,NA,01130,09,Ciudad de México,010,Álvaro Obregón,0001,Álvaro Obregón,0101,024,NA,NA,NA,Fijo,19.39292028,-99.20247133,2019-11
10452682,09005713943004871000000000U9,CLASES DE ZUMBA,JAVIER ALVAREZ,713943,Centros de acondicionamiento físico del sector privado,0 a 5 personas,CERRADA,PRIMERA ROBERTO E PEDRAZA,CALLE,ROBERTO ESQUERO PEDRAZA (GENERAL FELIPE ANGELES),CERRADA,NINGUNO,AVENIDA,AVENIDA DEL CASTILLO,NA,SN,NA,NA,NA,NA,COLONIA,PALMATITLA,NA,NA,NA,07170,09,Ciudad de México,005,Gustavo A. Madero,0001,Gustavo A. Madero,2767,020,NA,NA,NA,Fijo,19.54936282,-99.13470544,2024-11
924117,09010713943000601000000000U4,CLASES DE ZUMBA,NA,713943,Centros de acondicionamiento físico del sector privado,0 a 5 personas,CALLE,14,CALLE,22,AVENIDA,SANTA LUCIA,CALLE,13,NA,SN,NA,NA,NA,NA,COLONIA,OLIVAR DEL CONDE PRIMERA SECCIÓN,NA,NA,NA,01400,09,Ciudad de México,010,Álvaro Obregón,0001,Álvaro Obregón,2165,002,NA,NA,NA,Fijo,19.37354879,-99.2096633,2014-12
11020373,09012713943002751000000000U1,CLASES DE ZUMBA,NA,713943,Centros de acondicionamiento físico del sector privado,0 a 5 personas,CALLE,MARIANO ESCOBEDO,CERRADA,MARIANO ESCOBEDO,CALLE,HERMANOS RAYON,CERRADA,PRIMERA HERMANOS RAYON,22,NA,NA,NA,NA,NA,COLONIA,SAN MIGUEL AJUSCO,NA,NA,NA,14700,09,Ciudad de México,012,Tlalpan,0026,San Miguel Ajusco,1528,011,NA,NA,NA,Fijo,19.22140794,-99.20091518,2024-11
7631887,09011713943001451000000000U1,CLASES DE ZUMBA,NA,713943,Centros de acondicionamiento físico del sector privado,0 a 5 personas,AVENIDA,LA BARRANCA,AVENIDA,CAMINO REAL,PRIVADA,BARRANCA,CERRADA,CUARTA CAMINO REAL,NA,SN,NA,NA,NA,NA,COLONIA,EL ROSARIO,NA,NA,NA,13540,09,Ciudad de México,011,Tláhuac,0021,San Juan Ixtayopan,1003,050,NA,NA,NA,Fijo,19.24169062,-99.00256278,2019-11
919866,09004713943000421000000000U0,CLASES DE ZUMBA,NA,713943,Centros de acondicionamiento físico del sector privado,0 a 5 personas,CALLE,JUAREZ PONIENTE,CERRADA,JUAREZ PONIENTE,AVENIDA,MEXICO,CALLE,12 DE DICIEMBRE,258,NA,NA,NA,NA,NA,COLONIA,CUAJIMALPA,NA,NA,NA,05000,09,Ciudad de México,004,Cuajimalpa de Morelos,0001,Cuajimalpa de Morelos,0299,007,NA,NA,NA,Fijo,19.36220459,-99.29961151,2014-12
8182735,09002713943000941000000000U1,CLASES DE ZUMBA,NA,713943,Centros de acondicionamiento físico del sector privado,0 a 5 personas,CALLE,9,CALLE,24,PRIVADA,26,CALLE,7,274,NA,NA,NA,NA,NA,COLONIA,PORVENIR,NA,NA,NA,02940,09,Ciudad de México,002,Azcapotzalco,0001,Azcapotzalco,0576,008,NA,NA,NA,Fijo,19.47173042,-99.14922327,2019-11
7643140,09013713943001821000000000U1,CLASES DE ZUMBA,NA,713943,Centros de acondicionamiento físico del sector privado,0 a 5 personas,CALLE,LAZARO CARDENAS,CALLE,CARRILLO PUERTO,CALLE,ACOLCO,CALLE,20 DE NOVIEMBRE,33,NA,NA,NA,NA,NA,PUEBLO,LA PLANTA,NA,NA,NA,16500,09,Ciudad de México,013,Xochimilco,0001,Xochimilco,1154,001,NA,JESHUACASTRO@HOTMAIL.COM,NA,Fijo,19.24650279,-99.07383659,2019-11
833075,09007713943002541000000000U6,CLASES DE ZUMBA,NA,713943,Centros de acondicionamiento físico del sector privado,0 a 5 personas,AVENIDA,JOSE LOPEZ PORTILLO,CALLE,MADROÑO,CALLE,SAUCE,CALLE,ARROYO FRIO,2,MZ105,NA,NA,NA,NA,COLONIA,CONSEJO AGRARISTA MEXICANO,NA,NA,NA,09760,09,Ciudad de México,007,Iztapalapa,0001,Iztapalapa,3327,032,NA,NA,NA,Fijo,19.3213178,-99.05848659,2010-07
11106376,09004713943000901000000000U1,CLASES DE ZUMBA,LAURA CIELO,713943,Centros de acondicionamiento físico del sector privado,0 a 5 personas,AVENIDA,MONTE DE LAS CRUCES,CALLE,CAMINO DE HILA,CERRADA,NINGUNO,CALLE,CAMINO DE HILA,107,NA,NA,NA,NA,NA,COLONIA,SAN LORENZO ACOPILCO,NA,NA,NA,05710,09,Ciudad de México,004,Cuajimalpa de Morelos,0020,San Lorenzo Acopilco,0246,025,5524953400,NA,NA,Fijo,19.32129862,-99.33051662,2024-11
973517,09013713943000431001000000U0,CLASES DE ZUMBA AEKWONDO,NA,713943,Centros de acondicionamiento físico del sector privado,0 a 5 personas,CALLE,AVENIDA MEXICO,AVENIDA,20 DE NOVIEMBRE,CALLE,PLAN SEXENAL,AVENIDA,20 DE NOVIEMBRE,2002,NA,NA,NA,NA,NA,COLONIA,TIERRA NUEVA,NA,NA,NA,16050,09,Ciudad de México,013,Xochimilco,0001,Xochimilco,0160,001,5582766549,NA,NA,Fijo,19.26447994,-99.11811923,2010-07
11352305,09004713943001011000000000U8,CLASES DE ZUMBA BIO FIT,NA,713943,Centros de acondicionamiento físico del sector privado,0 a 5 personas,CALLE,AHUILAZAPAN,CARRETERA,FEDERAL MEXICO TOLUCA,CERRADA,CIRCUITO ESCOLAR,CALLE,JOSE VILLANUEVA,NA,SN,NA,NA,NA,NA,COLONIA,LA PILA,NA,NA,NA,05710,09,Ciudad de México,004,Cuajimalpa de Morelos,0020,San Lorenzo Acopilco,0316,008,NA,NA,NA,Fijo,19.30781839,-99.33503105,2024-11
1040659,09013611611000111000000000U4,CLASES DE ZUMBA IMAGEN LATINA,NA,713943,Centros de acondicionamiento físico del sector privado,0 a 5 personas,CALLE,HERMENEGILDO GALEANA NIÑOS HEROES,CALLE,BELISARIO DOMINGUEZ,CALLE,AVENIDA DE LA PAZ,CALLE,AVENIDA DE LA PAZ,NA,SN,NA,NA,NA,NA,COLONIA,CALYEQUITA,NA,NA,NA,16750,09,Ciudad de México,013,Xochimilco,0001,Xochimilco,0565,008,NA,NA,NA,Fijo,19.25328921,-99.01141233,2010-07
950203,09009713943000131000000000U4,CLASES DE ZUMBA JADE,NA,713943,Centros de acondicionamiento físico del sector privado,0 a 5 personas,AVENIDA,FABIAN FLORES,CALLE,EMILIANO ZAPATA,CALLE,BARRANCA,CALLE,MIGUEL HIDALGO,64,NA,NA,17,NA,NA,PUEBLO,SAN PABLO OZTOTEPEC,EDIFICIO COMERCIAL Y DE SERVICIOS,PLAZA EL ASTA,D,12400,09,Ciudad de México,009,Milpa Alta,0024,San Pablo Oztotepec,0204,045,NA,NA,NA,Fijo,19.18650577,-99.07392356,2014-12
637568,09005311830004471000000000U3,CLASES DE ZUMBA KICK BOXING SALSA,NA,713943,Centros de acondicionamiento físico del sector privado,0 a 5 personas,AVENIDA,AVENIDA DEL CASTILLO,CALLE,CALLE DEL CASTILLO,CALLE,BARRANCA,AVENIDA,AVENIDA DEL CASTILLO,5,MZ 2 LOTE 5,NA,NA,NA,NA,COLONIA,LA CASILDA,NA,NA,NA,07150,09,Ciudad de México,005,Gustavo A. Madero,0001,Gustavo A. Madero,2610,035,NA,NA,NA,Fijo,19.5582999,-99.12701832,2010-07
10707272,09013713943002061000000000U3,CLASES DE ZUMBA PERFECT DNCE,NA,713943,Centros de acondicionamiento físico del sector privado,0 a 5 personas,PRIVADA,PRIVADA 2 TEPOZANES,CALLE,RODODENDROS,PRIVADA,NINGUNO,CALLE,OLMOS,33,A,NA,NA,NA,NA,BARRIO,AMPLIACIÓN SAN MARCOS NORTE,NA,NA,NA,16038,09,Ciudad de México,013,Xochimilco,0001,Xochimilco,1050,027,5523393346,NA,NA,Fijo,19.26788105,-99.11351495,2024-11
11629589,09011713943002061000000000U7,CLASES DE ZUMBA SIN NOMBRE,NA,713943,Centros de acondicionamiento físico del sector privado,0 a 5 personas,CALLE,DON PASCUALE AMAPA,AVENIDA,LA TURBA,CALLE,JACOBO DE LIEJA,CALLE,DON CARLO (VIOLETA),30,MZA 30 LT 12,NA,NA,NA,NA,COLONIA,AGRICOLA METROPOLITANA,NA,NA,NA,13280,09,Ciudad de México,011,Tláhuac,0001,Tláhuac,0664,003,NA,NA,NA,Fijo,19.2884304,-99.05309848,2024-11
804940,09006713943000751000000000U5,CLASES DE ZUMBA SIN NOMBRE,NA,713943,Centros de acondicionamiento físico del sector privado,0 a 5 personas,CALLE,6,CALLE,UNION,CALLE,GUADALUPE,CALLE,GUADALUPE,324,NA,NA,NA,NA,NA,COLONIA,AGRÍCOLA PANTITLAN,NA,NA,NA,08100,09,Ciudad de México,006,Iztacalco,0001,Iztacalco,0039,011,NA,NA,NA,Fijo,19.414851380000002,-99.05865611,2010-07
882804,09011713943001241000000000U6,CLASES DE ZUMBA SIN NOMBRE,NA,713943,Centros de acondicionamiento físico del sector privado,0 a 5 personas,CALLE,EDUCACION QUIMICA,CERRADA,CUARTA EDUCACION QUIMICA,CERRADA,PIRULES,AVENIDA,PEÑA ALTA,NA,SN,NA,NA,NA,NA,COLONIA,JAIME TORRES BODET,NA,NA,NA,13530,09,Ciudad de México,011,Tláhuac,0021,San Juan Ixtayopan,115A,042,NA,NA,NA,Fijo,19.23128861,-99.0011719,2014-12
8183986,09005713943003641000000000U7,CLASES DE ZUMBA SIN NOMBRE,JOSE OVALLE,713943,Centros de acondicionamiento físico del sector privado,0 a 5 personas,CALLE,JUSTO SIERRA,CALLE,LAZARO CARDENAS,CALZADA,CUAUTEPEC,CALLE,CALLE DE LOS MAESTROS,17,MZ3,NA,NA,NA,NA,COLONIA,ZONA ESCOLAR,NA,NA,NA,07230,09,Ciudad de México,005,Gustavo A. Madero,0001,Gustavo A. Madero,0173,019,5510763090,NA,NA,Fijo,19.54378742,-99.15084121,2019-11
1025026,09010713943000711000000000U1,CLASES DE ZUMBA SIN NOMBRE,NA,713943,Centros de acondicionamiento físico del sector privado,0 a 5 personas,CALLE,PRIMERO DE NOVIEMBRE,CERRADA,NINGUNO,CALLE,CALLE DE POSTES,CALLE,19 DE MARZO,NA,SN,NA,NA,NA,NA,COLONIA,LA CONCHITA,NA,NA,NA,01130,09,Ciudad de México,010,Álvaro Obregón,0001,Álvaro Obregón,1792,021,5574227579,MORAESTHER1231@GMAIL.COM,NA,Fijo,19.39183089,-99.20735714,2010-07
11662328,09004713943000851000000000U8,CLASES DE ZUMBA SIN NOMBRE,NA,713943,Centros de acondicionamiento físico del sector privado,0 a 5 personas,CALLE,SAN JOSE DE LOS CEDROS,CALLE,AHUEHUETES,PRIVADA,CHABACANO,CERRADA,MONTE SAN MIGUEL,328,NA,NA,18,NA,NA,COLONIA,SAN JOSÉ DE LOS CEDROS,EDIFICIO COMERCIAL Y DE SERVICIOS,SIN NOMBRE,328,05260,09,Ciudad de México,004,Cuajimalpa de Morelos,0001,Cuajimalpa de Morelos,0072,022,NA,NA,NA,Fijo,19.36968268,-99.29180661,2024-11
9924056,09007713943007091000000000U7,CLASES DE ZUMBA STARS,NA,713943,Centros de acondicionamiento físico del sector privado,0 a 5 personas,CALLE,JOSE MARIA MORELOS,CALLE,CERRO DE LA ESTRELLA,CALLE,CERRO PEÑIDO,CALLE,FERNANDO MONTES DE OCA,5,NA,NA,NA,NA,NA,COLONIA,PARAJE ZACATEPEC,NA,NA,NA,09560,09,Ciudad de México,007,Iztapalapa,0001,Iztapalapa,2530,019,5631136124,NA,NA,Fijo,19.35709967,-99.02114646,2024-11
8197405,09007713943005021000000000U6,CLASES DE ZUMBA Y BAILE GABYS,NA,713943,Centros de acondicionamiento físico del sector privado,0 a 5 personas,CALLE,YUHUALIXQUI,CALLE,PUERTO ORO,CALLE,CAMINO A TETECON,CERRADA,TEHUALKI,6,MZ3,NA,NA,NA,NA,COLONIA,LA POLVORILLA,NA,NA,NA,09750,09,Ciudad de México,007,Iztapalapa,0001,Iztapalapa,5380,001,5520172022,NA,NA,Fijo,19.31852207,-99.04460789,2019-11
10480757,09007713943007281000000000U4,CLASES DE ZUMBA Y BAILE GABYS,NA,713943,Centros de acondicionamiento físico del sector privado,0 a 5 personas,CALLE,YUHUALIXQUI,CALLE,PUERTO ORO,CALLE,CAMINO A TETECON,CERRADA,TEHUALKI,6,MZ3,NA,NA,NA,NA,COLONIA,LA POLVORILLA,NA,NA,NA,09750,09,Ciudad de México,007,Iztapalapa,0001,Iztapalapa,5380,001,5520172022,NA,NA,Fijo,19.31852207,-99.04460789,2024-11
837019,09007611621000511000000000U6,CLASES DE ZUMBA Y PILATES,NA,713943,Centros de acondicionamiento físico del sector privado,0 a 5 personas,CALLE,8,CALLE,21,CALLE,22,CALLE,9,4,MANZANA 64,NA,NA,NA,NA,COLONIA,JOSÉ LÓPEZ PORTILLO,NA,NA,NA,09920,09,Ciudad de México,007,Iztapalapa,0001,Iztapalapa,3488,004,NA,NA,NA,Fijo,19.30437835,-99.08337137,2010-07
11272260,09002713943001361000000000U1,CLASES DE ZUMBA Y YOGA,NA,713943,Centros de acondicionamiento físico del sector privado,0 a 5 personas,CALLE,PAPALOTL,CALLE,PUENTE DE GUERRA,CALLE,CERRADA 16 DE SEPTIEMBRE,CALLE,CENTLAPAL,NA,SN,NA,NA,NA,NA,COLONIA,SAN MARTÍN XOCHINAHUAC,NA,NA,NA,02120,09,Ciudad de México,002,Azcapotzalco,0001,Azcapotzalco,0186,032,NA,NA,NA,Fijo,19.49899904,-99.19745608,2024-11
10884245,09006713943001381000000000U0,CLASES FITNESS ESCALADORA,NA,713943,Centros de acondicionamiento físico del sector privado,0 a 5 personas,CALLE,SUR 20,CALLE,ORIENTE 253,CALLE,ORIENTE 253,CALLE,SUR 20,NA,SN,NA,NA,NA,NA,COLONIA,AGRÍCOLA ORIENTAL,NA,NA,NA,08500,09,Ciudad de México,006,Iztacalco,0001,Iztacalco,0363,010,5514388818,NA,NA,Fijo,19.39051725,-99.06465654,2024-11
648339,09002713943000171001000000U5,CLASES KING BOXING,NA,713943,Centros de acondicionamiento físico del sector privado,0 a 5 personas,CALLE,TEPANTONGO,EJE VIAL,4 NORTE (ANTIGUA CALZADA DE GUADALUPE),EJE VIAL,4 NORTE (REFINERIA AZCAPOTZALCO),CALLE,ROCHA LUNA,122,B,NA,NA,NA,NA,COLONIA,REYNOSA TAMAULIPAS,NA,NA,NA,02200,09,Ciudad de México,002,Azcapotzalco,0001,Azcapotzalco,0218,004,NA,NA,NA,Fijo,19.49049516,-99.18630306,2010-07
10879727,09004713943000881000000000U5,CLASES SPINING SIN NOMBRE,NA,713943,Centros de acondicionamiento físico del sector privado,0 a 5 personas,CALLE,JESUS DEL MONTE,CALLE,FLORES,CALLE,MONTES DE LAS CRUCES,CALLE,MONTE SAN MIGUEL,269,NA,NA,NA,NA,NA,COLONIA,JESÚS DEL MONTE,NA,NA,NA,05260,09,Ciudad de México,004,Cuajimalpa de Morelos,0001,Cuajimalpa de Morelos,0072,021,NA,NA,NA,Fijo,19.3674817,-99.29248646,2024-11
7768121,09005713943003951000000000U0,CLIMBER TRAINING FITNESS,NA,713943,Centros de acondicionamiento físico del sector privado,0 a 5 personas,CALLE,SAN PEDRO,CALLE,SAN PEDRO,CALLE,JOSE GUADALUPE POSADA,CALLE,BRISAS,6,LT1,NA,NA,NA,NA,COLONIA,MALACATES,NA,NA,NA,07119,09,Ciudad de México,005,Gustavo A. Madero,0001,Gustavo A. Madero,3318,010,5565745026,NA,NA,Fijo,19.57521846,-99.13154308,2019-11
10715898,09004713943000891000000000U4,CLINICA DE FISIOTERAPIA STRECH & FLOW STUDIO,NA,713943,Centros de acondicionamiento físico del sector privado,0 a 5 personas,CALLE,PIRULES,AVENIDA,AVENIDA DE LOS AHUEHUETES NORTE,AVENIDA,AVENIDA DE LOS BOSQUES,PRIVADA,LABARO PATRIO,38,NA,NA,17,NA,NA,COLONIA,BOSQUES DE LAS LOMAS,CENTRO Y PLAZA COMERCIAL,PLAZA STIM,3-9,05129,09,Ciudad de México,004,Cuajimalpa de Morelos,0001,Cuajimalpa de Morelos,0176,038,5538824455,NA,NA,Fijo,19.39365471,-99.26015406,2024-11
1047004,09011713943000211000000000U0,CLUB AEROBICO QUEEN,NA,713943,Centros de acondicionamiento físico del sector privado,0 a 5 personas,CALLE,ANTONIO SIERRA,CALLE,PRIVADA MANUEL ALEMAN,CALLE,CARLOS BEJARAN,CALLE,MANUEL ALEMAN,9,L9 M52,NA,NA,NA,NA,COLONIA,LA CONCHITA,NA,NA,NA,13360,09,Ciudad de México,011,Tláhuac,0001,Tláhuac,065A,031,5540155640,NA,NA,Fijo,19.29071861,-99.03252331,2010-07
8584170,09003713943001891000000000U5,CLUB CROSSFITT SPARTANS,NA,713943,Centros de acondicionamiento físico del sector privado,0 a 5 personas,CALLE,TOTONACAS,AVENIDA,REY MOCTEZUMA,CALLE,REY NEZAHUALCOYOTL,CALLE,MIXTECAS,8,MZ106 LT 8 BIS,NA,NA,NA,NA,COLONIA,AJUSCO,NA,NA,NA,04300,09,Ciudad de México,003,Coyoacán,0001,Coyoacán,0658,004,5523713466,NA,NA,Fijo,19.32677053,-99.15532467,2019-11
8272500,09005323119004211010000000U7,CLUB DE ACONDICIONAMIENTO FISICO,NA,713943,Centros de acondicionamiento físico del sector privado,0 a 5 personas,EJE VIAL,1 ORIENTE AVENIDA FERROCARRIL HIDALGO,AVENIDA,JOYAS,CALLE,TESORO,CALLE,SARDONICA,418,NA,NA,NA,NA,NA,COLONIA,ESTRELLA,NA,NA,NA,07810,09,Ciudad de México,005,Gustavo A. Madero,0001,Gustavo A. Madero,1788,018,5520943067,GENARDGILL@YAHOO.COM,NA,Fijo,19.47342829,-99.11320232,2019-11
10003317,09013713943002051000000000U4,CLUB DE ACONDICONAMIENTO FISICO INOVA BEISBOL,NA,713943,Centros de acondicionamiento físico del sector privado,0 a 5 personas,CALLE,CANAL DEL RECODO,OTRO(ESPECIFIQUE),NINGUNO,CALLE,NINGUNO,OTRO(ESPECIFIQUE),CANAL,NA,SN,NA,NA,NA,NA,COLONIA,PISTA OLIMPICA VIRGILIO URIBE,NA,NA,NA,16036,09,Ciudad de México,013,Xochimilco,0001,Xochimilco,0052,001,5556717992,NA,NA,Fijo,19.29104273,-99.10617996,2024-11
9904827,09012713943002971000000000U5,CLUB DE BOX,NA,713943,Centros de acondicionamiento físico del sector privado,0 a 5 personas,CALLE,PASEO MARGARITAS,CALLE,PASEO JAZMIN,CALLE,PASEO TULIPAN,CALLE,PASEO PENSAMIENTO,4,19,NA,NA,NA,NA,COLONIA,PRIMAVERA,NA,NA,NA,14270,09,Ciudad de México,012,Tlalpan,0001,Tlalpan,1570,005,5573472944,NA,NA,Fijo,19.26809566,-99.20304689,2024-11
8276868,09005713944000201000000000U1,CLUB DE BOX MELENDEZ ALCALDIA GUSTAVO A MADERO,GOBIERNO DE LA CIUDAD DE MEXICO,713944,Centros de acondicionamiento físico del sector público,0 a 5 personas,EJE VIAL,3 ORIENTE AVENIDA INGENIERO EDUARDO MOLINA,AVENIDA,5 DE MAYO,CALLE,306,EJE VIAL,3 ORIENTE (AVENIDA INGENIERO EDUARDO MOLINA),NA,SN,NA,NA,NA,NA,COLONIA,VASCO DE QUIROGA,NA,NA,NA,07440,09,Ciudad de México,005,Gustavo A. Madero,0001,Gustavo A. Madero,1006,025,5517674657,NA,NA,Fijo,19.49529007,-99.0906345,2019-11
10859844,09006713943001511000000000U2,CLUB DE GIMNASIA LINCES IZTACALCO,NA,713943,Centros de acondicionamiento físico del sector privado,0 a 5 personas,CALLE,SUR 20,CALLE,ORIENTE 253,CALLE,ORIENTE 253,CALLE,SUR 20,NA,SN,NA,NA,NA,NA,COLONIA,AGRÍCOLA ORIENTAL,NA,NA,NA,08500,09,Ciudad de México,006,Iztacalco,0001,Iztacalco,0363,010,NA,NA,NA,Fijo,19.39052422,-99.06469509,2024-11
10578744,09008713943000891000000000U5,CLUB DE LA PELEA,NA,713943,Centros de acondicionamiento físico del sector privado,0 a 5 personas,CALLE,HUAYATLA,CALLE,GUADALUPE,CALLE,DEL ROSAL,AVENIDA,SAN JERONIMO,1,NA,NA,NA,NA,NA,COLONIA,NUEVO ALTO,NA,NA,NA,10640,09,Ciudad de México,008,La Magdalena Contreras,0001,La Magdalena Contreras,0300,023,5634729730,NA,NA,Fijo,19.30631629,-99.24773233,2024-11
9592325,09012713943003182000000000U8,CLUB DE PADEL 20 X 10,PADEL PEDREGAL,713943,Centros de acondicionamiento físico del sector privado,6 a 10 personas,CALLE,VERAPAZ,PRIVADA,AVENIDA DE LAS ESPUELAS,CALLE,ZACATEPETL,CALLE,PRIMERA CERRADA DE ALBORADA,305,NA,NA,NA,1,NA,COLONIA,PARQUE DEL PEDREGAL,NA,NA,NA,14010,09,Ciudad de México,012,Tlalpan,0001,Tlalpan,0074,005,NA,NA,NA,Fijo,19.29703302,-99.19537928,2024-11
1020755,09008713941000051010000000U0,CLUB DE TENIS RAQUET CUB,RAQUET CLUB DE MEXICO,713943,Centros de acondicionamiento físico del sector privado,0 a 5 personas,CALLE,BENITO JUAREZ,AVENIDA,SANTIAGO,CALLE,SAN JERONIMO,CALLE,MAGNOLIA,95,NA,NA,NA,NA,NA,COLONIA,SAN JERÓNIMO LÍDICE,NA,NA,NA,10200,09,Ciudad de México,008,La Magdalena Contreras,0001,La Magdalena Contreras,0118,001,NA,RAQUETCLUBMX@HOTMAIL.COM,NA,Fijo,19.32363004,-99.23352324,2010-07
9289696,09003713943002281001000000U8,CLUB DEPORTIVO ACTIVE CLUB,OPERADORA ACTIVE PH,713943,Centros de acondicionamiento físico del sector privado,11 a 30 personas,AVENIDA,UNIVERSIDAD,CALLE,OXTOPULCO,CALLE,CERRO TUERA,CALLE,CANTERAS DE OXTOPULCO,1883,NA,NA,NA,NA,NA,COLONIA,OXTOPULCO UNIVERSIDAD,NA,NA,NA,04318,09,Ciudad de México,003,Coyoacán,0001,Coyoacán,0234,003,5549046929,GERENCIA@ACTIVE-CLUB.MX,WWW.ACTIVE-CLUB.MX,Fijo,19.34231298,-99.18172027,2020-11
985872,09003713944000022001000000U6,CLUB DEPORTIVO CHEEROKES,CHEEROKES,713944,Centros de acondicionamiento físico del sector público,6 a 10 personas,CALLE,CANDELARIA PEREZ,CALZADA,CALZADA DE LAS BOMBAS,CALLE,NINGUNO,AVENIDA,CANAL NACIONAL,NA,SN,NA,NA,NA,NA,UNIDAD HABITACIONAL,CULHUACÁN CTM SECCIÓN VIII,NA,NA,NA,04909,09,Ciudad de México,003,Coyoacán,0001,Coyoacán,1463,021,NA,NA,NA,Fijo,19.31853124,-99.10045117,2010-07
849983,09012713943000482002000000U5,CLUB DEPORTIVO CRECE,NA,713943,Centros de acondicionamiento físico del sector privado,11 a 30 personas,CALLE,IZAMAL,CALLE,ACANCEH,CALLE,TIZIMIN,CALLE,AKIL,NA,SN,NA,NA,228,NA,COLONIA,LOMAS DE PADIERNA,NA,NA,NA,14240,09,Ciudad de México,012,Tlalpan,0001,Tlalpan,0642,007,5515570867,NA,NA,Fijo,19.29022661,-99.22292525,2010-07
957988,09015931210000721002000000U9,CLUB DEPORTIVO HACIENDA,SECRETARIA DE HACIENDA Y CREDITO PUBLICO,713944,Centros de acondicionamiento físico del sector público,31 a 50 personas,CALLE,TONALA,CALLE,HUATABAMPO,CALLE,JALAPA,CERRADA,JALAPA,321,NA,NA,NA,NA,NA,COLONIA,ROMA SUR,NA,NA,NA,06700,09,Ciudad de México,015,Cuauhtémoc,0001,Cuauhtémoc,138A,001,NA,NA,NA,Fijo,19.40766312,-99.15990494,2010-07
1060746,09009713943000301000000000U3,CLUB DEPORTIVO LA FINCA,NA,713943,Centros de acondicionamiento físico del sector privado,0 a 5 personas,CALLE,JOSEFA ORTIZ DE DOMINGUEZ BARRANCA SECA,OTRO(ESPECIFIQUE),NINGUNO,CALLE,PROLONGACION IGNACIO ZARAGOZA ORIENTE,PROLONGACION,RICARDO FLORES MAGON,NA,SN,NA,NA,NA,NA,PUEBLO,SAN ANTONIO TECOMITL,NA,NA,NA,12100,09,Ciudad de México,009,Milpa Alta,0011,San Antonio Tecómitl,0416,002,NA,NA,NA,Fijo,19.21836887,-98.98668837,2010-07
7631328,09011713943001431010000000U3,CLUB DEPORTIVO LIBERTAD,CLUB DEPORTIVO LIBERTAD,713944,Centros de acondicionamiento físico del sector público,0 a 5 personas,CALLE,ANTONIO BEJAR,CALLE,VICENTE CASTAÑEDA,AVENIDA,TLAHUAC,CALLE,RIOJA,NA,SN,NA,NA,NA,NA,COLONIA,EL TRIANGULO SELENE,NA,NA,NA,13460,09,Ciudad de México,011,Tláhuac,0001,Tláhuac,026A,017,5568063685,ANDOBIUS@HOTMAIL.COM,NA,Fijo,19.28663119,-99.01170613,2019-11
10627738,09005713943004903000000000U0,CLUB DEPORTIVO OLAM,JORGE TELLEZ,713943,Centros de acondicionamiento físico del sector privado,11 a 30 personas,CALLE,PUERTO ACAPULCO,CALLE,PUERTO DE MAZATLAN,CALLE,PUERTO TAMPICO,CALLE,PUERTO SAN JOSE DEL CABO,70,NA,NA,NA,NA,NA,COLONIA,AMPLIACIÓN CASAS ALEMÁN,NA,NA,NA,07580,09,Ciudad de México,005,Gustavo A. Madero,0001,Gustavo A. Madero,1909,014,5589702120,ACUATICAOLAM@GMAIL.COM,NA,Fijo,19.47724254,-99.08429381,2024-11
11604163,09007713943007521000000000U3,CLUB DEPORTIVO SIN NOMBRE,NA,713943,Centros de acondicionamiento físico del sector privado,0 a 5 personas,AVENIDA,1 PONIENTE,CALLE,2,CALLE,1,AVENIDA,1 PONIENTE,NA,SN,NA,NA,NA,NA,COLONIA,RENOVACIÓN,NA,NA,NA,09209,09,Ciudad de México,007,Iztapalapa,0001,Iztapalapa,5200,024,NA,NA,NA,Fijo,19.36441337,-99.05021071,2024-11
8326587,09015713941000282000038494S6,CLUB DEPORTIVO SMART FIT ROMA NORTE,LATAMGYM,713943,Centros de acondicionamiento físico del sector privado,6 a 10 personas,CALLE,PUEBLA,EJE VIAL,3 PONIENTE (SALAMANCA),CALLE,COZUMEL,CALLE,SINALOA,326,NA,NA,NA,NA,NA,COLONIA,ROMA NORTE,NA,NA,NA,06700,09,Ciudad de México,015,Cuauhtémoc,0001,Cuauhtémoc,0998,017,NA,LIZETH.GARCICIA@SMARTFIT.COM,WWW.SMARTFIT.COM.MX,Fijo,19.42065724,-99.17110754,2019-11
859916,09012713943000911000000000U3,CLUB DEPORTIVO TERNI,NA,713943,Centros de acondicionamiento físico del sector privado,0 a 5 personas,CALZADA,VIADUCTO TLALPAN,CALLE,CALLEJON SAN FRANCISCO,PRIVADA,SAN CARLOS,CALLE,CALLEJON SAN FRANCISCO,1012,C,NA,NA,NA,NA,COLONIA,SAN LORENZO HUIPULCO,NA,NA,NA,14370,09,Ciudad de México,012,Tlalpan,0001,Tlalpan,045A,004,NA,NA,NA,Fijo,19.29855092,-99.14506276,2010-07
7613071,09011713941000121010000000U5,CLUB DEPORTIVO TLAHUAC,ABRAHAM CARAM,713943,Centros de acondicionamiento físico del sector privado,0 a 5 personas,CALLE,SAN RAFAEL ATLIXCO,CALLE,NINGUNO,CERRADA,NINGUNO,CALLE,MIGUEL NEGRETE,NA,SN,NA,NA,NA,NA,COLONIA,SANTIAGO ZAPOTITLAN,NA,NA,NA,13300,09,Ciudad de México,011,Tláhuac,0001,Tláhuac,0039,050,5589482383,NA,NA,Fijo,19.30345813,-99.03856821,2019-11
962028,09011713998000021000000000U7,CLUB DIVINO ATARDECER,JOSE ANTONIO CASTAÑEDA HERNANDEZ,713944,Centros de acondicionamiento físico del sector público,0 a 5 personas,CALLE,JUVENTINO ROSAS,AVENIDA,AGUSTIN LARA,CALLE,GUADALUPE TRIGO,CALLE,FAROLITO (SUR 7),NA,SN,NA,NA,NA,NA,COLONIA,SAN JOSE,NA,NA,NA,13020,09,Ciudad de México,011,Tláhuac,0001,Tláhuac,040A,007,5634198373,NA,NA,Fijo,19.27611122,-98.99627227,2010-07
10894236,09013713943001951000000000U6,CLUB FIT INDOMITO,NA,713943,Centros de acondicionamiento físico del sector privado,0 a 5 personas,CALLE,EMILIANO ZAPATA,CALLE,NUEVA,AVENIDA,CARRETERA XOCHIMILCO-SAN PABLO-TOPILEJO,AVENIDA,CARRETERA XOCHIMILCO-SAN PABLO-TOPILEJO,4,NA,NA,NA,NA,NA,PUEBLO,SANTIAGO TEPALCATLALPAN,NA,NA,NA,16200,09,Ciudad de México,013,Xochimilco,0001,Xochimilco,0387,002,5539018885,NA,NA,Fijo,19.24914103,-99.11906381,2024-11
10235793,09007713943007801000000000U9,CLUB FITNESS,MARLENE ESPINOZA,713943,Centros de acondicionamiento físico del sector privado,0 a 5 personas,CALLE,ESPARRAGO,AVENIDA,MEXICO,CALLE,ARMERIA,CALLE,DIEGOS,20,MZ 526,NA,NA,NA,NA,COLONIA,SAN MIGUEL TEOTONGO SECCIÓN ACORRALADO,NA,NA,NA,09630,09,Ciudad de México,007,Iztapalapa,0001,Iztapalapa,2935,020,NA,NA,NA,Fijo,19.34511612,-98.99519603,2024-11
10803099,09005713943005251000000000U3,CLUB FITNESS LINDAVISTA,NA,713943,Centros de acondicionamiento físico del sector privado,0 a 5 personas,AVENIDA,INSURGENTES NORTE,CALLE,PONIENTE 116,CALLE,PONIENTE 112,CALLE,NORTE 16,1210,NA,NA,NA,NA,NA,COLONIA,CAPULTITLÁN,NA,NA,NA,07370,09,Ciudad de México,005,Gustavo A. Madero,0001,Gustavo A. Madero,1400,004,NA,NA,NA,Fijo,19.47686508,-99.13330104,2024-11
10309931,09008713943000791000000000U7,CLUB FITNESS NAEMM,NA,713943,Centros de acondicionamiento físico del sector privado,0 a 5 personas,CALLE,CERRO TEMAMATLA,CALLE,CERRO ZEHUILOYA,ANDADOR,ZEHUILOYA,CALLE,CERRO ZEHUILOYA,NA,SN,NA,NA,NA,NA,COLONIA,EL OCOTAL,NA,NA,NA,10630,09,Ciudad de México,008,La Magdalena Contreras,0001,La Magdalena Contreras,057A,009,NA,FITNNESNAEMRO2@GMAIL.COM,NA,Fijo,19.30445848,-99.26061039,2024-11
10812108,09007713943006541000000000U2,CLUB FITNESS SONI,NA,713943,Centros de acondicionamiento físico del sector privado,0 a 5 personas,CALLE,RIO AZUL,CALLE,RIO NILO,CALLE,RIO MISSISSIPI,CALLE,RIO TUXPAN,10,MZ4 LT,NA,NA,NA,NA,COLONIA,VALLE DE SAN LORENZO,NA,NA,NA,09970,09,Ciudad de México,007,Iztapalapa,0001,Iztapalapa,351A,028,5525722372,NA,NA,Fijo,19.2993461,-99.07662702,2024-11
674954,09005713943002572000000000U5,CLUB GYM VIP,NA,713943,Centros de acondicionamiento físico del sector privado,6 a 10 personas,CALLE,AVENIDA FERNANDO AMILPA,CALLE,ATILANO MORALES,AVENIDA,FERNANDO AMILPA,AVENIDA,RICARDO FLORES MAGON,80,NA,NA,NA,2,NA,COLONIA,CTM ATZACOALCO,NA,NA,NA,07090,09,Ciudad de México,005,Gustavo A. Madero,0001,Gustavo A. Madero,263A,022,NA,NA,NA,Fijo,19.51085999,-99.10049878,2014-12
10763717,09007713943007381000000000U2,CLUB LUNA FITNES,NA,713943,Centros de acondicionamiento físico del sector privado,0 a 5 personas,CALLE,GENERAL LUCIO BLANCO,CALLE,5 DE MAYO,CALLE,MACLOVIO HERRERA,CALLE,RODOLFO FIERRO,NA,SN,NA,NA,NA,NA,COLONIA,FRANCISCO VILLA,NA,NA,NA,09720,09,Ciudad de México,007,Iztapalapa,0001,Iztapalapa,1636,002,NA,NA,NA,Fijo,19.33969448,-99.05801623,2024-11
644656,09002713943000731000000000U6,CLUB MANY GIM,NA,713943,Centros de acondicionamiento físico del sector privado,0 a 5 personas,CALLE,TOCHTLI,AVENIDA,FERROCARRILES NACIONALES,EJE VIAL,3 NORTE (SANTA APOLONIA),AVENIDA,FERROCARRILES NACIONALES,NA,SN,NA,NA,155,NA,COLONIA,SANTA APOLONIA,NA,NA,NA,02790,09,Ciudad de México,002,Azcapotzalco,0001,Azcapotzalco,1023,027,5553535242,NA,NA,Fijo,19.47758761,-99.19031996,2010-07
677287,09005713943002473000000000U6,CLUB MARA SPORT,MARA SPORT,713943,Centros de acondicionamiento físico del sector privado,11 a 30 personas,EJE VIAL,1 ORIENTE AVENIDA FERROCARRIL HIDALGO,CALLE,GOLONDRINAS,EJE VIAL,2 ORIENTE (HONORABLE CONGRESO DE LA UNION),EJE VIAL,2 ORIENTE (HONORABLE CONGRESO DE LA UNION),NA,SN,NA,NA,1359,NA,COLONIA,AMPLIACIÓN SAN JUAN DE ARAGÓN,NA,NA,NA,07460,09,Ciudad de México,005,Gustavo A. Madero,0001,Gustavo A. Madero,1453,012,5555772699,CLUB.MARASPORT@HOTMAIL.COM,WWW.CLUBMARASPORT.COM,Fijo,19.47971452,-99.10787859,2014-12
916980,09012713943000702001000000U6,CLUB MG,NA,713943,Centros de acondicionamiento físico del sector privado,11 a 30 personas,CALLE,5 DE MAYO,CERRADA,SEGUNDA 5 DE MAYO,CERRADA,PRIMERA 5 DE MAYO,CALLE,5 DE MAYO,NA,SN,NA,NA,NA,NA,PUEBLO,SAN PEDRO MÁRTIR,NA,NA,NA,14650,09,Ciudad de México,012,Tlalpan,0001,Tlalpan,2009,024,5544307754,76OSCAR76@GMAIL.COM,NA,Fijo,19.2669023,-99.17148106,2014-12
711890,09007713943002232001000000U2,CLUB NICK GIMNASIO,NA,713943,Centros de acondicionamiento físico del sector privado,0 a 5 personas,AVENIDA,EMILIO CARRANZA,CALLE,TARENTO,AVENIDA,PRESIDENTE PLUTARCO ELIAS CALLES,CALLE,BRETAÑA,1566,NA,NA,NA,166,NA,COLONIA,ZACAHUITZCO,NA,NA,NA,09440,09,Ciudad de México,007,Iztapalapa,0001,Iztapalapa,0498,014,NA,C.JAIME88@HOTMAIL.COM,NA,Fijo,19.37162841,-99.13627271,2014-12
11771616,09016713943002011000000000U1,CLUB PEDEL,NA,713943,Centros de acondicionamiento físico del sector privado,0 a 5 personas,CALLE,LAGO LADOGA,CALLE,Lago Bolsena,CALLE,Laguna de Términos,CALLE,Lago Onega,210,NA,NA,NA,NA,NA,COLONIA,MODELO PENSIL,NA,NA,NA,11450,09,Ciudad de México,016,Miguel Hidalgo,0001,Miguel Hidalgo,0393,019,NA,NA,NA,Fijo,19.44617945,-99.19035741,2025-04
652043,09005713941000191001000000U0,CLUB SQUASH Y CAFETERIA CAFFE HOUSE LINDAVISTA,NA,713943,Centros de acondicionamiento físico del sector privado,6 a 10 personas,CALLE,RIOBAMBA,CALZADA,TICOMAN,CALLE,SIERRAVISTA,CALLE,LATACUNGA,942,NA,NA,NA,NA,NA,COLONIA,LINDAVISTA NORTE,NA,NA,NA,07300,09,Ciudad de México,005,Gustavo A. Madero,0001,Gustavo A. Madero,0741,002,5560994270,JBF-ACADEMY@HOTMAIL.COM,NA,Fijo,19.49550588,-99.12332083,2010-07
8670520,09007713943005621000000000U3,CLUB ZUMBA ENERGY DANCE,NA,713943,Centros de acondicionamiento físico del sector privado,0 a 5 personas,CALLE,LEONARDO DA VINCI,CALLE,LAS FLORES,AVENIDA,DE LAS ROCAS,CALLE,LAS FLORES,98,MZ45,NA,NA,NA,NA,COLONIA,CITLALLI,NA,NA,NA,09660,09,Ciudad de México,007,Iztapalapa,0001,Iztapalapa,5554,012,5511427597,NA,NA,Fijo,19.33688062,-99.02464609,2019-11
8522519,09007722519011421010000000U7,CLUD DE CROSSFIT,NA,713943,Centros de acondicionamiento físico del sector privado,0 a 5 personas,CALLE,ATLIXCO,CALLE,ATLIXCO,CALLE,ATLIXCO,PROLONGACION,BENITO JUAREZ,NA,SN,NA,NA,NA,NA,COLONIA,LA POLVORILLA,NA,NA,NA,09760,09,Ciudad de México,007,Iztapalapa,0001,Iztapalapa,4749,005,5536125809,NA,NA,Fijo,19.32321366,-99.05002826,2019-11
7338566,09007713943006141000000000U1,CM GIM,NA,713943,Centros de acondicionamiento físico del sector privado,0 a 5 personas,CALLE,SUR 101,CALLE,ATANASIO G. SARABIA,CALLE,JORGE ENCISO,CALLE,SUR 101-A,307,NA,NA,NA,NA,NA,COLONIA,HÉROES DE CHURUBUSCO,NA,NA,NA,09090,09,Ciudad de México,007,Iztapalapa,0001,Iztapalapa,0939,017,NA,NA,WWW.CMGYM.COM,Fijo,19.36008955,-99.1215535,2019-11
1052191,09010713943000341000000000U7,CMORFIT,DIEGO MONTES,713943,Centros de acondicionamiento físico del sector privado,0 a 5 personas,CALLE,ALPINA,CALLE,INDEPENDENCIA,CALLE,CUAUHTEMOC,CALLE,INDEPENDENCIA,22,A,NA,NA,NA,NA,COLONIA,TIZAPAN,NA,NA,NA,01090,09,Ciudad de México,010,Álvaro Obregón,0001,Álvaro Obregón,1241,018,NA,NA,NA,Fijo,19.33973063,-99.19732653,2010-07
11393738,09015713943003121000000000U9,COBRAS CROSSTRAINING,NA,713943,Centros de acondicionamiento físico del sector privado,0 a 5 personas,CALLE,REPUBLICA DE COLOMBIA,CALLE,REPUBLICA DE BRASIL,CALLE,REPUBLICA DE ARGENTINA,CALLE,REPUBLICA DE BOLIVIA,10,NA,NA,1,NA,NA,COLONIA,CENTRO,CENTRO Y PLAZA COMERCIAL,PLAZA COLOMBIA,27,06010,09,Ciudad de México,015,Cuauhtémoc,0001,Cuauhtémoc,0644,004,NA,ABRAHAMMENDEZKM@OUTLOOK.COM,NA,Fijo,19.43847591,-99.13270589,2024-11
11234079,09010713943002511000000000U3,CODE FITNESS,NA,713943,Centros de acondicionamiento físico del sector privado,0 a 5 personas,CALLE,CENTENARIO,CALLE,CENTENARIO,CALLE,LA CRUZ,CALLE,SAN FELIPE DE JESUS,3,NA,NA,NA,NA,NA,PUEBLO,SANTA ROSA XOCHIAC,NA,NA,NA,01830,09,Ciudad de México,010,Álvaro Obregón,0001,Álvaro Obregón,135A,002,5531483478,NA,NA,Fijo,19.32684206,-99.28428612,2024-11
893259,09015713943000621000000000U1,COLOSIO GYM,NA,713943,Centros de acondicionamiento físico del sector privado,6 a 10 personas,AVENIDA,RIBERA DE SAN COSME,CALLE,CEDRO,CALLE,NOGAL,CALLE,AMADO NERVO,135,NA,NA,NA,NA,NA,COLONIA,SANTA MARÍA LA RIBERA,NA,NA,NA,06400,09,Ciudad de México,015,Cuauhtémoc,0001,Cuauhtémoc,0593,006,NA,COLOSOGUYSANCOSME@HOTMAIL.COM,NA,Fijo,19.44309033,-99.16430482,2014-12
9432466,09015812410012881011000000U7,COMANDD0,BENGALA VALET,713943,Centros de acondicionamiento físico del sector privado,6 a 10 personas,AVENIDA,SONORA,AVENIDA,MEXICO,AVENIDA,AMSTERDAM,CALLE,CELAYA,180,NA,NA,NA,NA,NA,COLONIA,HIPÓDROMO,NA,NA,NA,06100,09,Ciudad de México,015,Cuauhtémoc,0001,Cuauhtémoc,120A,004,NA,NA,NA,Fijo,19.41316145,-99.16765893,2023-11
11168941,09014713943002142000000000U9,COMBAO FITNES,COMBAO FITNES,713943,Centros de acondicionamiento físico del sector privado,6 a 10 personas,CIRCUITO,INTERIOR AVENIDA REVOLUCION,CIRCUITO,INTERIOR (AVENIDA PATRIOTISMO),PEATONAL,GOYA,CIRCUITO,INTERIOR (AVENIDA PATRIOTISMO),918,NA,3ER PISO,19,NA,NA,COLONIA,INSURGENTES MIXCOAC,NA,NA,NA,03910,09,Ciudad de México,014,Benito Juárez,0001,Benito Juárez,069A,012,NA,NA,NA,Fijo,19.37312546,-99.187765,2024-11
8126821,09005713943003732001000000U4,COMICS GYM,COMICS GYM,713943,Centros de acondicionamiento físico del sector privado,0 a 5 personas,CALLE,NORTE 5,EJE VIAL,3 NORTE (CUITLAHUAC),CALLE,PONIENTE 106,CALLE,NORTE 5A,4510,A,NA,NA,NA,NA,COLONIA,GUADALUPE VICTORIA,NA,NA,NA,07790,09,Ciudad de México,005,Gustavo A. Madero,0001,Gustavo A. Madero,1720,017,NA,NA,NA,Fijo,19.4729875,-99.14386998,2019-11
11507787,09016713943001836000000000U2,COMMANDO,FITNESS VENTURES,713943,Centros de acondicionamiento físico del sector privado,101 a 250 personas,AVENIDA,HOMERO,CALLE,PLINIO,CALLE,SOFOCLES,AVENIDA,HORACIO,1500,NA,CENTRAL POLANCO,12,2,NA,COLONIA,POLANCO II SECCIÓN,NA,NA,NA,11530,09,Ciudad de México,016,Miguel Hidalgo,0001,Miguel Hidalgo,0637,006,NA,NA,WWW.COMMANCOSTUDIO.COM,Fijo,19.43610671,-99.20515326,2024-11
904406,09014713944000036000000000U3,COMPLEJO OLIMPICO MEXICO 68,GOBIERNO DEL DISTRITO FEDERAL,713944,Centros de acondicionamiento físico del sector público,101 a 250 personas,AVENIDA,DIVISION DEL NORTE,CIRCUITO,INTERIOR (AVENIDA RIO CHURUBUSCO),EJE VIAL,8 SUR (AVENIDA POPOCATEPETL),EJE VIAL,8 SUR (AVENIDA POPOCATEPETL),2333,NA,NA,NA,NA,NA,COLONIA,GENERAL PEDRO MARÍA ANAYA,NA,NA,NA,03340,09,Ciudad de México,014,Benito Juárez,0001,Benito Juárez,0986,003,5591833016,NA,NA,Fijo,19.35833973,-99.15349623,2014-12
9791281,09008713943000831000000000U1,CONQUER GYM,NA,713943,Centros de acondicionamiento físico del sector privado,0 a 5 personas,CALLE,ALVARO OBREGON,CALLE,ALUMNOS,CALLE,EMILIANO ZAPATA,CALLE,GUERRERO,NA,SN,NA,18,NA,NA,COLONIA,SAN BERNABÉ OCOTEPEC,CENTRO Y PLAZA COMERCIAL,SIN NOMBRE,13,10300,09,Ciudad de México,008,La Magdalena Contreras,0001,La Magdalena Contreras,0550,014,4451109217,NA,NA,Fijo,19.31341385,-99.2568201,2024-11
9590711,09012713943002951000000000U7,CONSTANTIN FITNESS CLUB,NA,713943,Centros de acondicionamiento físico del sector privado,0 a 5 personas,PRIVADA,CANTERA,CALLE,VOLCAN KISKA,CALLE,LAS TORRES,OTRO(ESPECIFIQUE),BARDA,NA,SN,NA,NA,NA,NA,COLONIA,SAN JUAN TEPEXIMILPA,NA,NA,NA,14427,09,Ciudad de México,012,Tlalpan,0001,Tlalpan,1424,054,5517017573,DIEGO_LEE@HOTMAIL.COM,NA,Fijo,19.26998231,-99.19052375,2024-11
662220,09016713943000422000000000U2,CONTROL ROOM PILATES & BARREE,NA,713943,Centros de acondicionamiento físico del sector privado,6 a 10 personas,AVENIDA,HORACIO,CALLE,SCHILLER,CALLE,LOPE DE VEGA,AVENIDA,PRESIDENTE MASARYK,330,NA,NA,NA,6,NA,COLONIA,POLANCO V SECCIÓN,NA,NA,NA,11560,09,Ciudad de México,016,Miguel Hidalgo,0001,Miguel Hidalgo,0675,004,5632981810,CONTACTO@CONTROLROOMPOLANCO.COM.MX,WWW.CONTRLOROOMPOLANCO.COM.MX,Fijo,19.43315558,-99.18681641,2010-07
10140106,09007713943006931000000000U5,COYOTE GYM,NA,713943,Centros de acondicionamiento físico del sector privado,0 a 5 personas,PRIVADA,VENUS,CALLE,OSA MENOR,CALLE,SATELITE,CALLE,SATELITE,82,MZ38,NA,NA,NA,NA,COLONIA,LOMAS DE LA ESTANCIA,NA,NA,NA,09640,09,Ciudad de México,007,Iztapalapa,0001,Iztapalapa,3100,034,5526750054,COYOTEGYM31@GMAIL.COM,NA,Fijo,19.3382339,-99.00767223,2024-11
909296,09003713943001541000000000U6,COYOTES GYM,NA,713943,Centros de acondicionamiento físico del sector privado,0 a 5 personas,EJE VIAL,2 ORIENTE HEROICA ESCUELA NAVAL MILITAR,CALLE,VIRGILIO URIBE,CALZADA,CALZADA DE LA VIRGEN,EJE VIAL,3 ORIENTE (AVENIDA ARMADA DE MEXICO),NA,SN,NA,NA,NA,NA,COLONIA,EX-EJIDO DE SAN PABLO TEPETLAPA,NA,NA,NA,04900,09,Ciudad de México,003,Coyoacán,0001,Coyoacán,0906,045,NA,NA,NA,Fijo,19.31993446,-99.12454072,2014-12
10895724,09007713943007331000000000U7,CR8,CHITIAN,713943,Centros de acondicionamiento físico del sector privado,0 a 5 personas,CALLE,LIBORIO CRESPO,CALLE,FRANCISCO FLORES,CALLE,MANUEL GANDARA,CALLE,JOSE MARIA FACHA,35,MZ 13 LT 35,NA,NA,NA,NA,COLONIA,SANTA MARTHA ACATITLA SUR,NA,NA,NA,09510,09,Ciudad de México,007,Iztapalapa,0001,Iztapalapa,0835,006,NA,NA,NA,Fijo,19.36414148,-99.02297738,2024-11
11842873,09012713943003261000000000U0,CREATING REALITY DANCE ESTUDIO,CREATING REALITY DANCE ESTUDIO,713943,Centros de acondicionamiento físico del sector privado,0 a 5 personas,CALLE,SANTA CRUZ,CALLE,Ninguno,CERRADA,Cerrada Santa Cruz,CALLE,Xaxalco,57,SN,NA,NA,NA,NA,PUEBLO,SAN MIGUEL TOPILEJO,NA,NA,NA,14500,09,Ciudad de México,012,Tlalpan,0027,San Miguel Topilejo,1797,019,NA,NA,NA,Fijo,19.19558135,-99.14316045,2025-04
7729017,09012713943001962000000000U5,CRECE FIGHT&CLUB,CRECE FIGHT&CLUB,713943,Centros de acondicionamiento físico del sector privado,6 a 10 personas,CALZADA,CALZADA DE TLALPAN,CALLE,HUIPULCO,CALLE,MEXICO-XOCHIMILCO,CALLE,MEXICO-XOCHIMILCO,4358,NA,NA,NA,NA,NA,COLONIA,SAN LORENZO HUIPULCO,NA,NA,NA,14050,09,Ciudad de México,012,Tlalpan,0001,Tlalpan,0430,001,NA,NA,NA,Fijo,19.29732658,-99.15230054,2019-11
9912386,09007713943006641000000000U0,CRONOS GYM,NA,713943,Centros de acondicionamiento físico del sector privado,0 a 5 personas,CALLE,VILLA FRANQUEZA,CALLE,MANUEL CAÑAS (VILLA BRAZ),CALLE,VILLA CORTA,CALLE,VILLA FIGUEROA,21,MZ35E,NA,NA,NA,MZ 35 LT 22,COLONIA,DESARROLLO URBANO QUETZALCOATL,NA,NA,NA,09700,09,Ciudad de México,007,Iztapalapa,0001,Iztapalapa,3295,039,NA,NA,NA,Fijo,19.32552688,-99.04470679,2024-11
11645826,09017713943001791000000000U7,CROOSFIT,NA,713943,Centros de acondicionamiento físico del sector privado,0 a 5 personas,AVENIDA,GENERAL FRANCISCO MORAZAN,CALLE,11,CALLE,13,AVENIDA,10,69,C,NA,NA,NA,NA,COLONIA,GENERAL IGNACIO ZARAGOZA,NA,NA,NA,15000,09,Ciudad de México,017,Venustiano Carranza,0001,Venustiano Carranza,1172,001,NA,NA,NA,Fijo,19.4153431,-99.09548388,2024-11
11347364,09002713943001461000000000U9,CROOSS FIT,BFAPPARELCF,713943,Centros de acondicionamiento físico del sector privado,0 a 5 personas,CALLE,IGNACIO ALLENDE,CALLE,BEGONIAS,CALLE,EGIPTO,CALLE,NORTE 81,107,A,NA,NA,NA,NA,COLONIA,CLAVERÍA,NA,NA,NA,02080,09,Ciudad de México,002,Azcapotzalco,0001,Azcapotzalco,0701,019,NA,NA,NA,Fijo,19.46302444,-99.17941578,2024-11
10865859,09005713943004361000000000U1,CROS FITNESS GUERREROS DE MICLAN,NA,713943,Centros de acondicionamiento físico del sector privado,0 a 5 personas,CALLE,28,CALLE,26,CALLE,25,CALLE,28,NA,SN,NA,NA,NA,NA,COLONIA,GUADALUPE PROLETARIA,NA,NA,NA,07600,09,Ciudad de México,005,Gustavo A. Madero,0001,Gustavo A. Madero,3290,007,NA,NA,NA,Fijo,19.51809139,-99.15256761,2024-11
11163997,09007713943006751000000000U7,CROSS FIT FUSSION GYM,NA,713943,Centros de acondicionamiento físico del sector privado,0 a 5 personas,CALLE,EMILIO N ACOSTA,CALLE,CUTBERTO AROCHE,CALLE,ELISSA ACUÑA Y ROSSETI,CALLE,ENRIQUE ADAME MACIAS,NA,SN,NA,NA,NA,NA,COLONIA,SANTA MARTHA ACATITLA NORTE,NA,NA,NA,09140,09,Ciudad de México,007,Iztapalapa,0001,Iztapalapa,0479,007,5565098837,NA,NA,Fijo,19.380261140000002,-99.02154697,2024-11
10361934,09005713943005011000000000U1,CROSS FIT GO CRAZY,MIRIAM LOVIS,713943,Centros de acondicionamiento físico del sector privado,0 a 5 personas,OTRO(ESPECIFIQUE),MANZANA O EDIFICACION CONTIGUA,CALLE,AVENIDA 555,CALLE,AVENIDA 557,AVENIDA,504,117,NA,NA,NA,NA,NA,COLONIA,SAN JUAN DE ARAGÓN II SECCIÓN,NA,NA,NA,07969,09,Ciudad de México,005,Gustavo A. Madero,0001,Gustavo A. Madero,2324,013,5521963132,NA,NA,Fijo,19.45241856,-99.08511294,2024-11
9065222,09011713943001941000000000U1,CROSS FIT KRATOS,NA,713943,Centros de acondicionamiento físico del sector privado,0 a 5 personas,AVENIDA,ADALBERTO TEJEDA,CALLE,COCODRILO,CALLE,LAS AGUILAS,CALLE,ESCALARIO,4,NA,NA,NA,NA,NA,COLONIA,OLIVOS,NA,NA,NA,13210,09,Ciudad de México,011,Tláhuac,0001,Tláhuac,0058,010,5545558643,NA,NA,Fijo,19.29987202,-99.06025355,2019-11
9675280,09014713943002131000000000U2,CROSS FIT VULTUR,CROSSFITVUTUR,713943,Centros de acondicionamiento físico del sector privado,0 a 5 personas,CIRCUITO,INTERIOR AVENIDA REVOLUCION,CIRCUITO,INTERIOR (AVENIDA PATRIOTISMO),PEATONAL,GOYA,CIRCUITO,INTERIOR (AVENIDA PATRIOTISMO),918,NA,2DO PISO,18,NA,NA,COLONIA,INSURGENTES MIXCOAC,NA,NA,NA,03910,09,Ciudad de México,014,Benito Juárez,0001,Benito Juárez,069A,012,NA,NA,WWW.CROSSFITVULTUR,Fijo,19.37312546,-99.187765,2024-11
10920933,09017713943001641000000000U4,CROSS JAGUAR,NA,713943,Centros de acondicionamiento físico del sector privado,0 a 5 personas,CALLE,HORTELANOS,CALLE,SERICULTURA,CALLE,ROTOGRABADO,CALLE,HERREROS,143,NA,NA,NA,NA,NA,COLONIA,VENUSTIANO CARRANZA,NA,NA,NA,15300,09,Ciudad de México,017,Venustiano Carranza,0001,Venustiano Carranza,0386,007,NA,NA,NA,Fijo,19.44036759,-99.11180342,2024-11
784307,09006713943000681000000000U4,CROSS TRAINING GIMNASIO,NA,713943,Centros de acondicionamiento físico del sector privado,0 a 5 personas,CALLE,CARLOS PEREYRA,CALZADA,SANTA ANITA,AVENIDA,CORUÑA,CALLE,JOSE MARIANO BERISTAIN DE SOUZA,57,NA,NA,NA,1,NA,COLONIA,VIADUCTO PIEDAD,NA,NA,NA,08200,09,Ciudad de México,006,Iztacalco,0001,Iztacalco,0221,007,NA,NA,NA,Fijo,19.40123028,-99.13502319,2010-07
11137744,09007713943007081000000000U8,CROSSFIT,NA,713943,Centros de acondicionamiento físico del sector privado,0 a 5 personas,CALLE,3,CALLE,AVILA CAMACHO,CALLE,17,CALLE,2,NA,SN,NA,NA,NA,NA,COLONIA,JOSÉ LÓPEZ PORTILLO,NA,NA,NA,09910,09,Ciudad de México,007,Iztapalapa,0001,Iztapalapa,2085,022,NA,NA,NA,Fijo,19.31097282,-99.08060204,2024-11
10109358,09013713943002141000000000U3,CROSSFIT CERBERUS,NA,713943,Centros de acondicionamiento físico del sector privado,0 a 5 personas,CERRADA,SEGUNDA MELCHOR OCAMPO,CALLE,MELCHOR OCAMPO,CALLE,LOS ANGELES,CERRADA,SEGUNDA LOS ANGELES,11,NA,NA,NA,NA,NA,COLONIA,CRISTO REY,NA,NA,NA,16700,09,Ciudad de México,013,Xochimilco,0001,Xochimilco,0550,022,5510179809,NA,NA,Fijo,19.25170393,-99.01411287,2024-11
9501189,09015713943003201000000000U9,CROSSFIT CONCEPTO N,NA,713943,Centros de acondicionamiento físico del sector privado,0 a 5 personas,CALZADA,CALZADA DE LA VIGA,CALLE,ORIENTE 80,PROLONGACION,JOSE TOMAS CUELLAR,CALLE,SUR 79,313,NA,NA,NA,NA,NA,COLONIA,AMPLIACIÓN ASTURIAS,NA,NA,NA,06870,09,Ciudad de México,015,Cuauhtémoc,0001,Cuauhtémoc,152A,015,NA,NA,NA,Fijo,19.40794276,-99.12669816,2024-11
9424441,09015713943002533000000000U6,CROSSFIT CONDESA,FITNESS 4 COMMUNITY,713943,Centros de acondicionamiento físico del sector privado,11 a 30 personas,CALLE,CHILPANCINGO,CALLE,AGUASCALIENTES,CALLE,TLAXCALA,AVENIDA,INSURGENTES SUR,62,NA,NA,NA,NA,NA,COLONIA,HIPÓDROMO,NA,NA,NA,06100,09,Ciudad de México,015,Cuauhtémoc,0001,Cuauhtémoc,1341,003,NA,NA,WWW.CROSSFITCONDESA.COM,Fijo,19.40723874,-99.16957367,2023-11
11155129,09011713943002261000000000U3,CROSSFIT KRAKEN FITNESS,NA,713943,Centros de acondicionamiento físico del sector privado,0 a 5 personas,CALLE,PROLONGACION ROSA,CALLE,FELIPE JARDINES,CALLE,PROLONGACION EJIDO,CALLE,PROLONGACION HORTENSIA,NA,SN,NA,NA,NA,NA,COLONIA,QUIAHUATLA,NA,NA,NA,13090,09,Ciudad de México,011,Tláhuac,0001,Tláhuac,0950,004,NA,NA,NA,Fijo,19.26030947,-99.00448716,2024-11
9794015,09007713943006951000000000U3,CROSSFIT LIONS COMMUNITY,NA,713943,Centros de acondicionamiento físico del sector privado,0 a 5 personas,CALLE,12,CALLE,20,CALLE,21,CALLE,11,21,MANZANA 53,NA,NA,NA,NA,COLONIA,JOSÉ LÓPEZ PORTILLO,NA,NA,NA,09920,09,Ciudad de México,007,Iztapalapa,0001,Iztapalapa,2070,006,5517281439,NA,NA,Fijo,19.30524321,-99.08073888,2024-11
10185182,09005713943004691000000000U1,CROSSFIT LYNCES ATHLETIC,NA,713943,Centros de acondicionamiento físico del sector privado,0 a 5 personas,CALLE,MIGUEL ALEMAN,CALLE,VENUSTIANO CARRANZA,PRIVADA,CERRADA CASTILLO DE MALAGA,CALLE,RUIZ CORTINES,30,B,NA,NA,NA,NA,COLONIA,BENITO JUÁREZ,NA,NA,NA,07250,09,Ciudad de México,005,Gustavo A. Madero,0001,Gustavo A. Madero,0258,004,5517551025,NA,NA,Fijo,19.53324196,-99.14024761,2024-11
10286854,09017713943001861000000000U8,CROSSFIT PARABELLUM,NA,713943,Centros de acondicionamiento físico del sector privado,0 a 5 personas,CALLE,GUERRA Y MARINA,CALLE,TRABAJO Y PREVISION SOCIAL,AVENIDA,ECONOMIA,CALLE,ESTABLECIMIENTOS FABRILES,68,A,NA,NA,NA,NA,COLONIA,FEDERAL,NA,NA,NA,15700,09,Ciudad de México,017,Venustiano Carranza,0001,Venustiano Carranza,1026,024,5567627129,PARABELLUMCROSSFIT@GMAIL.COM,NA,Fijo,19.41815387,-99.08493901,2024-11
9972429,09014713943001961000000000U3,CROSSFIT RANKING TRAINING CENTER,CARLOS ZAMARRON,713943,Centros de acondicionamiento físico del sector privado,0 a 5 personas,CALLE,CADIZ,CALLE,ARAGON,CALZADA,CALZADA DE TLALPAN,CALLE,SORIA,213,NA,NA,NA,NA,NA,COLONIA,ALAMOS,NA,NA,NA,03400,09,Ciudad de México,014,Benito Juárez,0001,Benito Juárez,0115,021,NA,NA,NA,Fijo,19.39843254,-99.13781879,2024-11
11839757,09010713943002791000000000U1,CROSSFIT RECKLESS COMMUNITY,CROSSFIT RECKLESS COMUNITY,713943,Centros de acondicionamiento físico del sector privado,0 a 5 personas,AVENIDA,RÓMULO OFARRIL,CALLE,Transmisiones,CALLE,Don Manuelito,CALLE,Toluca,298,NA,NA,NA,3,NA,COLONIA,OLIVAR DE LOS PADRES,NA,NA,NA,01780,09,Ciudad de México,010,Álvaro Obregón,0001,Álvaro Obregón,1186,004,5519105363,NA,NA,Fijo,19.33791595,-99.21322104,2025-04
7760952,09003713943002081000000000U2,CROSSFIT VOLTIO COAPA,DAMARA CANO,713943,Centros de acondicionamiento físico del sector privado,0 a 5 personas,EJE VIAL,1 ORIENTE AVENIDA CANAL DE MIRAMONTES,CALLE,ESTRELLA BINARIA,CALLE,ESTRELLA CEFEIDA,CALLE,ESTRELLA BINARIA,20,NA,NA,NA,NA,NA,COLONIA,PRADOS DE COYOACÁN,NA,NA,NA,04810,09,Ciudad de México,003,Coyoacán,0001,Coyoacán,086A,018,NA,NA,NA,Fijo,19.32001118,-99.13228764,2019-11
940534,09013713943001191000000000U9,CROSSTRAINING FEÑIX GIMNASIO,NA,713943,Centros de acondicionamiento físico del sector privado,0 a 5 personas,CALLE,NEZAHUALCOYOTL,CALLE,16 DE SEPTIEMBRE,CALLE,5 DE MAYO,CALLE,FRANCISCO I. MADERO,44,BIS,NA,NA,NA,NA,BARRIO,BELÉN,NA,NA,NA,16070,09,Ciudad de México,013,Xochimilco,0001,Xochimilco,0245,014,5561644358,NA,NA,Fijo,19.26010471,-99.10387275,2014-12
11578030,09012713943002781000000000U8,CULTURA FITNES,NA,713943,Centros de acondicionamiento físico del sector privado,0 a 5 personas,CALLE,TEKIT,CALLE,HALACHO,CALLE,TIZIMIN,CALLE,BEKAL,NA,SN,NA,NA,NA,NA,COLONIA,HÉROES DE PADIERNA,NA,NA,NA,14200,09,Ciudad de México,012,Tlalpan,0001,Tlalpan,0638,006,NA,NA,NA,Fijo,19.28789741,-99.2258567,2024-11
8726012,09017713943001301000000000U5,CURVES JARDIN BALBUENA,NA,713943,Centros de acondicionamiento físico del sector privado,0 a 5 personas,AVENIDA,GENARO GARCIA,CALLE,FERNANDO IGLESIAS CALDERON,ANDADOR,RETORNO 29 DE GENARO GARCIA,CALLE,RETORNO 4 DE FERNANDO IGLESIAS CALDERON,189,NA,NA,NA,NA,NA,COLONIA,JARDÍN BALBUENA,NA,NA,NA,15900,09,Ciudad de México,017,Venustiano Carranza,0001,Venustiano Carranza,137A,021,5573607081,CURVEJARDINBALBUENA@COM.MX,NA,Fijo,19.41473962,-99.10356736,2019-11
961832,09014713943000382002000000U3,CURVES NARVARTE,NA,713943,Centros de acondicionamiento físico del sector privado,6 a 10 personas,CALLE,CONCEPCION BEISTEGUI,CALLE,UXMAL,AVENIDA,UNIVERSIDAD,AVENIDA,UNIVERSIDAD,1563,NA,NA,1,NA,NA,COLONIA,NARVARTE PONIENTE,EDIFICIO COMERCIAL Y DE SERVICIOS,EDIFICIO CON LOCALES,A,03020,09,Ciudad de México,014,Benito Juárez,0001,Benito Juárez,0420,019,NA,NARVARTE@CURVESLATIONAMERICA.COM,WWW.NARVARTE.CURVES.COM.MX,Fijo,19.38690772,-99.15488465,2010-07
704650,09006713943000561001000000U8,CURVES PLUTARCO,NA,713943,Centros de acondicionamiento físico del sector privado,6 a 10 personas,AVENIDA,PRESIDENTE PLUTARCO ELIAS CALLES,CALLE,PLAYA ICACOS,CALLE,PLAYA CALETILLA,CALLE,PLAYA HORNOS,1002,NA,NA,NA,NA,NA,COLONIA,REFORMA IZTACCIHUATL NORTE,NA,NA,NA,08810,09,Ciudad de México,006,Iztacalco,0001,Iztacalco,0749,013,NA,CURVESPLUTARCO@GMAIL.COM,WWW.CURVESPLUTARCO.COM.MX,Fijo,19.38923236,-99.13258791,2014-12
10453764,09017713943001831000000000U1,CYCLING AND MUSIC,NA,713943,Centros de acondicionamiento físico del sector privado,0 a 5 personas,CALLE,45,AVENIDA,GENERAL FRANCISCO MORAZAN,AVENIDA,10,CALLE,43,91,NA,NA,NA,NA,NA,COLONIA,GENERAL IGNACIO ZARAGOZA,NA,NA,NA,15000,09,Ciudad de México,017,Venustiano Carranza,0001,Venustiano Carranza,1242,005,NA,NA,NA,Fijo,19.41157557,-99.08935754,2024-11
10931460,09003713943002491000000000U3,D FASHION FITNESS,NA,713943,Centros de acondicionamiento físico del sector privado,0 a 5 personas,CALLE,DOLORES GUERRERO,PRIVADA,2 DOLORES GUERRERO,ANDADOR,12 DOLORES GUERRERO,ANDADOR,1 ROSARIO CASTELLANOS,209,B,NA,NA,NA,NA,COLONIA,CULHUACÁN CTM SECCIÓN VIII,NA,NA,NA,04909,09,Ciudad de México,003,Coyoacán,0001,Coyoacán,1478,032,5564907192,NA,NA,Fijo,19.314971,-99.10507229,2024-11
799095,09007713943002531000000000U7,D&N GYM FITNESS CENTER,NA,713943,Centros de acondicionamiento físico del sector privado,0 a 5 personas,CALLE,NINGUNO,CALLE,1,AVENIDA,SANTA CRUZ MEYEHUALCO,CALLE,NINGUNO,16,MZ 2,NA,NA,NA,NA,COLONIA,SANTA CRUZ MEYEHUALCO,NA,NA,NA,09290,09,Ciudad de México,007,Iztapalapa,0001,Iztapalapa,1693,035,NA,NA,NA,Fijo,19.34461541,-99.03318175,2010-07
11805903,09010713943002801000000000U8,DADO PILATES,DIEGO DIAZ,713943,Centros de acondicionamiento físico del sector privado,0 a 5 personas,CALLE,BERNARDO QUINTANA,CALLE,Enrique Rivero B.,CERRADA,Ninguno,CERRADA,Ninguno,80,8,NA,NA,NA,NA,COLONIA,SANTA FE LA LOMA,NA,NA,NA,01376,09,Ciudad de México,010,Álvaro Obregón,0001,Álvaro Obregón,2339,011,5561566992,NA,DADOPILATES.COM,Fijo,19.37285141,-99.24637804,2025-04
7612660,09011713943001811000000000U6,DANCE SPORT ZUMBA,NA,713943,Centros de acondicionamiento físico del sector privado,0 a 5 personas,CALLE,TEOFILO NORE,CALLE,RODRIGO VALDEZ,CALLE,SANTO DOMINGO,AVENIDA,TLAHUAC,19,NA,NA,NA,NA,NA,COLONIA,SANTA ANA SUR,NA,NA,NA,13360,09,Ciudad de México,011,Tláhuac,0001,Tláhuac,0113,001,5558664666,NA,NA,Fijo,19.29321178,-99.03959688,2019-11
9189554,09017713943001572100000000U1,DANCE ZUMBA FIT,NA,713943,Centros de acondicionamiento físico del sector privado,6 a 10 personas,AVENIDA,CIRCUNVALACION,CALLE,HORTELANOS,CALLE,TABIQUEROS,CALLE,ZAPATERIA,9,NA,NA,NA,NA,NA,COLONIA,AMPLIACIÓN 20 DE NOVIEMBRE,NA,NA,NA,15260,09,Ciudad de México,017,Venustiano Carranza,0001,Venustiano Carranza,0244,014,NA,NA,NA,Fijo,19.44080106,-99.11410026,2019-11
901522,09014713943001053001000000U9,DANS SATT,NA,713943,Centros de acondicionamiento físico del sector privado,0 a 5 personas,CALLE,SORIA,CALLE,5 DE FEBRERO,CALLE,ASTURIAS,CALLE,TOLEDO,155,NA,NA,NA,NA,NA,COLONIA,ALAMOS,NA,NA,NA,03400,09,Ciudad de México,014,Benito Juárez,0001,Benito Juárez,0134,009,5528636434,NA,WWW.ACADEMIADANSSATT.COM.MX,Fijo,19.39722845,-99.13964864,2014-12
11592945,09005713943005262000000000U0,DANSE,NA,713943,Centros de acondicionamiento físico del sector privado,6 a 10 personas,AVENIDA,ADOLFO LOPEZ MATEOS,CALLE,MANUEL M. PONCE,CALLE,A. SANCHEZ MOLINA,AVENIDA,TECNOLOGICO,NA,SN,NA,NA,NA,NA,COLONIA,ZONA ESCOLAR,NA,NA,NA,07230,09,Ciudad de México,005,Gustavo A. Madero,0001,Gustavo A. Madero,0224,004,5561454929,NA,NA,Fijo,19.53688149,-99.14978722,2024-11
7631056,09011713943001421000000000U4,DANTER,NA,713943,Centros de acondicionamiento físico del sector privado,0 a 5 personas,CALLE,ERNESTINA HEVIA DEL PUERTO,CALLE,FELIPE PEÑA PALACIOS,CALLE,DOMINGO M. RICALDE,CALLE,ALFREDO TAMAYO MARIN,3,NA,NA,NA,NA,NA,COLONIA,SANTA CECILIA,NA,NA,NA,13010,09,Ciudad de México,011,Tláhuac,0001,Tláhuac,0359,012,NA,NA,NA,Fijo,19.27802925,-99.0041919,2019-11
801607,09005713943000591000000000U7,DANY S GYM,NA,713943,Centros de acondicionamiento físico del sector privado,0 a 5 personas,AVENIDA,503,AVENIDA,508,CALLE,CUARTA 503,CALLE,AVENIDA 505,271,NA,NA,NA,NA,NA,COLONIA,SAN JUAN DE ARAGÓN I SECCIÓN,NA,NA,NA,07969,09,Ciudad de México,005,Gustavo A. Madero,0001,Gustavo A. Madero,2146,017,NA,NA,NA,Fijo,19.4627765,-99.09451255,2010-07
10194077,09016713943001861000000000U0,DANZA,NA,713943,Centros de acondicionamiento físico del sector privado,0 a 5 personas,AVENIDA,GENERAL MARIANO ESCOBEDO,CALLE,EUCKEN,CALLE,GUTENBERG,CALLE,HERSCHEL,494,NA,NA,NA,NA,NA,COLONIA,ANZURES,NA,NA,NA,11590,09,Ciudad de México,016,Miguel Hidalgo,0001,Miguel Hidalgo,068A,002,NA,NA,NA,Fijo,19.43229148,-99.18138865,2024-11
10844108,09007713943008031000000000U2,DANZA AEREA,NA,713943,Centros de acondicionamiento físico del sector privado,0 a 5 personas,CALLE,PLAYA CONDESA,CALLE,PLAYA COPACABANA,CALLE,PLAYA COPACABANA,CALLE,PUERTO MARQUES,11,NA,NA,NA,NA,NA,COLONIA,LA POLVORILLA,NA,NA,NA,09750,09,Ciudad de México,007,Iztapalapa,0001,Iztapalapa,4749,006,5611341245,NA,NA,Fijo,19.32183624,-99.04839518,2024-11
841490,09007713943003611000000000U6,DARA VALLE,NA,713943,Centros de acondicionamiento físico del sector privado,0 a 5 personas,CALLE,RIO AZUL,CALLE,RIO NILO,CALLE,RIO MISSISSIPI,CALLE,RIO ATOYAC,10,M54,NA,NA,NA,NA,COLONIA,VALLE DE SAN LORENZO,NA,NA,NA,09970,09,Ciudad de México,007,Iztapalapa,0001,Iztapalapa,3505,031,NA,NA,NA,Fijo,19.29959701,-99.07647875,2010-07
951612,09014713943000171001000000U0,DEL VALLE GYM,NA,713943,Centros de acondicionamiento físico del sector privado,0 a 5 personas,CALLE,PATRICIO SANZ,CALLE,UVAS,CALLE,PORFIRIO DIAZ,CALLE,RAFAEL ALDUCIN,1205,B,NA,NA,NA,NA,COLONIA,DEL VALLE CENTRO,NA,NA,NA,03100,09,Ciudad de México,014,Benito Juárez,0001,Benito Juárez,0596,007,NA,NA,NA,Fijo,19.38101099,-99.17286283,2010-07
7254895,09014713943001311001000000U1,DEL VALLE TRAINING ACADEMIC & BARBELL CLUB,NA,713943,Centros de acondicionamiento físico del sector privado,6 a 10 personas,AVENIDA,DIVISION DEL NORTE,AVENIDA,SAN FRANCISCO,CALLE,PATRICIO SANZ,EJE VIAL,4 SUR (XOLA),112,NA,NA,NA,NA,NA,COLONIA,DEL VALLE NORTE,NA,NA,NA,03103,09,Ciudad de México,014,Benito Juárez,0001,Benito Juárez,0045,005,5521297175,RICOCEDENOG@LIVE.COM.MX,NA,Fijo,19.39708827,-99.16945784,2019-11
857688,09012713943000341001000000U3,DELFINES GYM,NA,713943,Centros de acondicionamiento físico del sector privado,6 a 10 personas,CALLE,3 PONIENTE,CALLE,PRIMERA NORTE,CALLE,FRANCISCO VILLA,CALLE,2 PONIENTE,90,NA,NA,NA,NA,NA,COLONIA,ISIDRO FABELA,NA,NA,NA,14030,09,Ciudad de México,012,Tlalpan,0001,Tlalpan,0125,003,5556668713,MARI816@HOTMAIL.COM,WWW.DELFINESGYM.COM,Fijo,19.29947701,-99.17648686,2010-07
10499390,09005713943004521000000000U0,DEMON BOXING,NA,713943,Centros de acondicionamiento físico del sector privado,0 a 5 personas,AVENIDA,RICARDO FLORES MAGON,CALLE,ATILANO MORALES,AVENIDA,FERNANDO AMILPA,CALLE,AVENIDA FERNANDO AMILPA,80,NA,NA,NA,NA,NA,COLONIA,CTM ATZACOALCO,NA,NA,NA,07090,09,Ciudad de México,005,Gustavo A. Madero,0001,Gustavo A. Madero,263A,022,5613574537,NA,NA,Fijo,19.5091426,-99.10026707,2024-11
11029066,09013713943002151000000000U2,DEMON GYM,NA,713943,Centros de acondicionamiento físico del sector privado,0 a 5 personas,CALLEJON,EXOTITLAN,CALLE,CERRADA EXOTITLA,CALLE,XOCHITEPETL,CALLE,SAN JOSE,38,NA,NA,NA,NA,NA,BARRIO,LA GUADALUPANA,NA,NA,NA,16610,09,Ciudad de México,013,Xochimilco,0001,Xochimilco,0692,033,NA,NA,NA,Fijo,19.25119536,-99.0349494,2024-11
690590,09016713943000621000000000U9,DEPORTE CANCHAS DE SQUASH,PRO SQUASH INVICTA SPORTS,713943,Centros de acondicionamiento físico del sector privado,0 a 5 personas,AVENIDA,GENERAL MARIANO ESCOBEDO,CALLE,EUCKEN,CALLE,GUTENBERG,CALLE,HERSCHEL,476,B,NA,NA,494,NA,COLONIA,ANZURES,NA,NA,NA,11590,09,Ciudad de México,016,Miguel Hidalgo,0001,Miguel Hidalgo,068A,002,NA,CONTACTO@PROSQUASHPOLANCO.COM,NA,Fijo,19.43322844,-99.18176997,2014-12
781604,09005813120000122012000000U5,DEPORTIVO 18 DE MARZO,SINDICATO UNICO DE TRABAJADORES DEL GOBIERNO DE CDMX,713943,Centros de acondicionamiento físico del sector privado,11 a 30 personas,CALLE,HABANA,CALLE,RICARTE,CALLE,MONTIEL,AVENIDA,INSURGENTES NORTE,NA,SN,NA,NA,NA,NA,COLONIA,TEPEYAC INSURGENTES,NA,NA,NA,7020,09,Ciudad de México,005,Gustavo A. Madero,0001,Gustavo A. Madero,1260,023,NA,RODRIGUEZLAU.10@HOTMAIL.COM,NA,Fijo,19.48467722,-99.12243042,2010-07
683070,09016713112000044012000000U6,DEPORTIVO 18 DE MARZO,ALCALDIA MIGUEL HIDALGO,713944,Centros de acondicionamiento físico del sector público,11 a 30 personas,AVENIDA,5 DE MAYO,AVENIDA,F.F. C.C. NACIONALES,PEATONAL,NINGUNO,AVENIDA,F.F. C.C. NACIONALES,NA,SN,NA,NA,NA,NA,COLONIA,SAN LORENZO TLALTENANGO,NA,NA,NA,11290,09,Ciudad de México,016,Miguel Hidalgo,0001,Miguel Hidalgo,0016,001,NA,NA,NA,Fijo,19.4726421,-99.19883102,2014-12
1060111,09015931210002204000000000U4,DEPORTIVO 5 DE MAYO,DELEGACION CUAUHTEMOC,713944,Centros de acondicionamiento físico del sector público,31 a 50 personas,PEATONAL,NINGUNO,PEATONAL,NINGUNO,PEATONAL,NINGUNO,OTRO(ESPECIFIQUE),MANZANA O EDIFICACION CONTIGUA,286,NA,NA,NA,NA,NA,COLONIA,NONOALCO TLATELOLCO,NA,NA,NA,06900,09,Ciudad de México,015,Cuauhtémoc,0001,Cuauhtémoc,0254,002,5583961416,NA,NA,Fijo,19.45395554,-99.14292587,2010-07
10922265,09003713944000142000000000U2,DEPORTIVO ADOLFO RUIZ CORTINES,ALCALDIA COYOACAN,713944,Centros de acondicionamiento físico del sector público,6 a 10 personas,CALLE,CALPULLI,CALLE,ITZCUINA,CALLE,CIHUACALLI,CALLE,TEOCALLI,NA,SN,NA,NA,NA,NA,COLONIA,ADOLFO RUIZ CORTINES,NA,NA,NA,04630,09,Ciudad de México,003,Coyoacán,0001,Coyoacán,0821,011,NA,NA,NA,Fijo,19.31766187,-99.15833879,2024-11
652847,09007713941000221012000000U1,DEPORTIVO ALIANZA DE TRANVIARIOS DE MEXICO,DEPORTIVO ALIANZA DE TRANVIARIOS DE MEXICO,713944,Centros de acondicionamiento físico del sector público,0 a 5 personas,EJE VIAL,7 SUR MUNICIPIO LIBRE,CALLE,SUR 69,CALLE,SUR 73,CALLE,ORIENTE 166,NA,SN,NA,NA,NA,NA,COLONIA,JUSTO SIERRA,NA,NA,NA,09460,09,Ciudad de México,007,Iztapalapa,0001,Iztapalapa,0642,004,5556741444,NA,NA,Fijo,19.36661051,-99.13354234,2010-07
765163,09016713999000023012000000U0,DEPORTIVO ANAHUAC,DE LA ALCALDIA,713944,Centros de acondicionamiento físico del sector público,0 a 5 personas,CALLE,TLALOC,CALLE,ATZAYACATL,CALLE,TIZOC,CALLE,TONATZIN,NA,SN,NA,NA,NA,NA,COLONIA,TLAXPANA,NA,NA,NA,11370,09,Ciudad de México,016,Miguel Hidalgo,0001,Miguel Hidalgo,050A,001,NA,NA,NA,Fijo,19.43962282,-99.17010531,2010-07
12283486,09011713944000121000000000U9,DEPORTIVO AÑO INTERNACIONAL DE LA JUVENTUD,DIRECCION GENERAL DE SERVICIOS URBANOS,713944,Centros de acondicionamiento físico del sector público,0 a 5 personas,CALLE,GITANA,CALLE,RICARDO MONGES LOPEZ,AVENIDA,ADALBERTO TEJEDA,CALLE,CISNE,158,NA,NA,NA,0,SN,COLONIA,LA NOPALERA,NA,NA,NA,13320,09,Ciudad de México,011,Tláhuac,0001,Tláhuac,1253,001,NA,NA,NA,Fijo,19.29730102,-99.05576376,2026-04
1020770,09008713941000021010000000U3,DEPORTIVO AURORA MARTINEZ,CLUBES UNIDOS,713944,Centros de acondicionamiento físico del sector público,0 a 5 personas,AVENIDA,SAN BERNABE,CALLE,CALLEJON CAPITAN JUAN JOSE DE VERTIZ,CALLE,LOMAS QUEBRADAS,CALLE,CALLEJON CAPITAN JUAN JOSE DE VERTIZ,NA,SN,NA,NA,NA,NA,COLONIA,LA MALINCHE,NA,NA,NA,10010,09,Ciudad de México,008,La Magdalena Contreras,0001,La Magdalena Contreras,0160,020,5585285362,NA,NA,Fijo,19.32333417,-99.23780939,2010-07
692290,09016713943000483001000000U4,DEPORTIVO AVIERTO,DEPORTIVO AVIERTO,713943,Centros de acondicionamiento físico del sector privado,0 a 5 personas,CALLE,CERRADA LA PAZ,CALLE,AVENIDA PROGRESO,CALLE,JOSE MARTI,CALLE,CARLOS B. ZETINA,10,NA,NA,NA,NA,NA,COLONIA,ESCANDÓN I SECCIÓN,NA,NA,NA,11800,09,Ciudad de México,016,Miguel Hidalgo,0001,Miguel Hidalgo,118A,020,NA,AD.AVIERTO@GMAIL.COM,AVIERTO.COM.MX,Fijo,19.40508042,-99.18221576,2014-12
10483538,09008713944000162000000000U9,DEPORTIVO BARROS SIERRA,NA,713944,Centros de acondicionamiento físico del sector público,6 a 10 personas,AVENIDA,SAN BERNABE,CALLE,CALLE DE LAS TORRES,CERRADA,CERRADA DE LAS TORRES,CALLE,5 DE MAYO,NA,SN,NA,NA,NA,NA,COLONIA,BARROS SIERRA,NA,NA,NA,10380,09,Ciudad de México,008,La Magdalena Contreras,0001,La Magdalena Contreras,0207,028,5578872048,NA,NA,Fijo,19.3171608,-99.24860712,2024-11
8458835,09015713944000074001000000U1,DEPORTIVO BICENTENARIO,GOBIERNO DE LA CIUDAD DE MEXICO,713944,Centros de acondicionamiento físico del sector público,11 a 30 personas,EJE VIAL,3 SUR DOCTOR IGNACIO MORONES PRIETO,CALLE,RENACIMIENTO,CALLE,DOCTOR BARRAGAN,CALLE,DOCTOR GILBERTO BOLAÑOS CACHO,56,NA,NA,NA,NA,NA,COLONIA,BUENOS AIRES,NA,NA,NA,06780,09,Ciudad de México,015,Cuauhtémoc,0001,Cuauhtémoc,1483,010,NA,DEPORTIVOBICENTENARIO@0UTLOOK.COM,ALCADIACUAUHTEMOC.COM,Fijo,19.40689164,-99.14738342,2019-11
631943,09005713944000131000000000U0,DEPORTIVO BINGUIÑEROS,ALCALDIA GUSTAVO A. MADERO,713944,Centros de acondicionamiento físico del sector público,0 a 5 personas,CALLE,BINGUINEROS,AVENIDA,AVENIDA SAN MIGUEL,CERRADA,SEGUNDA BINGUINEROS,OTRO(ESPECIFIQUE),CERRO,NA,SN,NA,NA,NA,NA,BARRIO,AMPLIACION MALACATES,NA,NA,NA,07119,09,Ciudad de México,005,Gustavo A. Madero,0001,Gustavo A. Madero,3430,029,NA,NA,NA,Fijo,19.57928341,-99.13024242,2010-07
796580,09005713944000032001000000U0,DEPORTIVO BONDOJITO,ALCALDIA GUSTAVO A MADERO,713944,Centros de acondicionamiento físico del sector público,11 a 30 personas,CALLE,NORTE 74 A,CALLE,HENRY FORD,AVENIDA,ORIENTE 107,CALLE,NORTE 72-A,NA,SN,NA,NA,NA,NA,COLONIA,AMPLIACIÓN EMILIANO ZAPATA,NA,NA,NA,07858,09,Ciudad de México,005,Gustavo A. Madero,0001,Gustavo A. Madero,1862,013,5554962376,NA,NA,Fijo,19.46435023,-99.10571352,2010-07
636051,09005713999000043011000000U1,DEPORTIVO CARMEN SERDAN,GOBIERNO DE LA CIUDAD DE MEXICO,713944,Centros de acondicionamiento físico del sector público,11 a 30 personas,CALLE,ESTADO DE MEXICO,CALLE,MORELOS,CALLE,NINGUNO,CALLE,MORELOS,200,NA,NA,NA,NA,NA,COLONIA,LOMA LA PALMA,NA,NA,NA,07160,09,Ciudad de México,005,Gustavo A. Madero,0001,Gustavo A. Madero,0101,027,5515359847,NA,NA,Fijo,19.55074219,-99.14826187,2010-07
832970,09007713999000011002000000U4,DEPORTIVO CHAVOS BANDA,BANDA UNIDA IZTAPALAPA,713943,Centros de acondicionamiento físico del sector privado,0 a 5 personas,AVENIDA,JOSE LOPEZ PORTILLO,CALLE,EMILIANO ZAPATA (MORELOS),CALLE,IGNACIO ALLENDE,CALLE,ARROYO FRIO,1,NA,NA,NA,NA,NA,COLONIA,CONSEJO AGRARISTA MEXICANO,NA,NA,NA,09760,09,Ciudad de México,007,Iztapalapa,0001,Iztapalapa,3327,012,NA,NA,NA,Fijo,19.32377027,-99.05643962,2010-07
922112,09004713944000052001000000U1,DEPORTIVO CHIMALPA,GOBIERNO DE LA CIUDAD DE MEXICO,713944,Centros de acondicionamiento físico del sector público,51 a 100 personas,CALLE,CALZADA DEL TECNOLOGICO,CERRADA,NINGUNO,AVENIDA,PUERTO MEXICO,AVENIDA,PUERTO MEXICO,NA,SN,NA,NA,NA,NA,COLONIA,SAN PABLO CHIMALPA,NA,NA,NA,05050,09,Ciudad de México,004,Cuajimalpa de Morelos,0001,Cuajimalpa de Morelos,0227,050,NA,NA,NA,Fijo,19.3512835,-99.3156589,2014-12
771542,09016713944000032001000000U7,DEPORTIVO CONSTITUYENTES,DELEGACION MIGUEL HIDALGO,713944,Centros de acondicionamiento físico del sector público,11 a 30 personas,CALLE,GOBERNADOR GENERAL JOSE MORAN,CALLE,GENERAL MANUEL M. ECHEGARAY,AVENIDA,CONSTITUYENTES,CALLE,GOBERNADOR JOSE CEBALLOS,NA,SN,NA,NA,NA,NA,COLONIA,AMPLIACIÓN DANIEL GARZA,NA,NA,NA,11840,09,Ciudad de México,016,Miguel Hidalgo,0001,Miguel Hidalgo,1122,007,NA,NA,NA,Fijo,19.40904222,-99.19606368,2014-12
8764682,09012713942000021010000000U3,DEPORTIVO CRUZ DEL FAROL,GOBIERNO,713944,Centros de acondicionamiento físico del sector público,0 a 5 personas,CALLE,MAGUEY,CALLE,SAUS TOSTADO,CALLE,CERRO NEGRO,CALLE,MAGUEY,NA,SN,NA,NA,NA,SN,COLONIA,CRUZ DEL FAROL,NA,NA,NA,14248,09,Ciudad de México,012,Tlalpan,0001,Tlalpan,1462,032,NA,NA,NA,Fijo,19.26839157,-99.21214371,2019-11
877536,09015611622000011021000000U8,DEPORTIVO CUAUHTEMOC,GOBIERNO DEL DISTRITO FEDERAL DELEGACION CUAUHTEMOC,713944,Centros de acondicionamiento físico del sector público,31 a 50 personas,CALLE,LUIS DONALDO COLOSIO,CALLE,JESUS GARCIA,CALLE,JUAN ALDAMA,CALLE,CARLOS J. MENESES,NA,SN,NA,NA,NA,NA,COLONIA,BUENAVISTA,NA,NA,NA,06350,09,Ciudad de México,015,Cuauhtémoc,0001,Cuauhtémoc,049A,009,NA,NA,NA,Fijo,19.44236488,-99.15143405,2010-07
7232850,09014713944000064001000000U5,DEPORTIVO DE LA ALCALDIA BENITO JUAREZ,DEPORTIVO DE LA ALCALDIA BENITO JUAREZ,713944,Centros de acondicionamiento físico del sector público,51 a 100 personas,CALLE,UXMAL,CALLE,MIGUEL LAURENT,EJE VIAL,7 SUR (MUNICIPIO LIBRE),EJE VIAL,1 PONIENTE (AVENIDA CUAUHTEMOC),811,NA,NA,NA,NA,NA,COLONIA,SANTA CRUZ ATOYAC,NA,NA,NA,03310,09,Ciudad de México,014,Benito Juárez,0001,Benito Juárez,076A,003,NA,MIGUEL.GUEVARA@ALCALDIABJ.GOB.MX,WWW.ALCALDIABENITOJUAREZ.GOB.MX,Fijo,19.37270042,-99.15831938,2019-11
875484,09009931310000011012000000U6,DEPORTIVO DE SANTA ANA TLACOTENCO,ALCALDIA MILPA ALTA,713944,Centros de acondicionamiento físico del sector público,11 a 30 personas,CALLE,NIÑOS HEROES,CALLE,GUADALUPE VICTORIA SUR,AVENIDA,BENITO JUAREZ,CALLEJON,GUADALUPE VICTORIA,NA,SN,NA,NA,NA,NA,PUEBLO,SANTA ANA TLACOTENCO,NA,NA,NA,12900,09,Ciudad de México,009,Milpa Alta,0036,Santa Ana Tlacotenco,0238,051,NA,NA,NA,Fijo,19.17379931,-98.99939248,2010-07
7728598,09012713944000191000000000U0,DEPORTIVO DEL PEDREGAL DE SAN NICOLAS,GOBIERNO DE LA CIUDAD DE MEXICO,713944,Centros de acondicionamiento físico del sector público,0 a 5 personas,CALLE,SINANCHE,CALLE,KOPOMA,PRIVADA,SINANCHE,CALLE,CHICXULUM,NA,SN,NA,NA,NA,NA,COLONIA,PEDREGAL DE SAN NICOLÁS PRIMERA SECCIÓN,NA,NA,NA,14100,09,Ciudad de México,012,Tlalpan,0001,Tlalpan,0515,017,NA,NA,NA,Fijo,19.29231801,-99.23699842,2019-11
9055494,09003713944000102001000000U6,DEPORTIVO DURANGO,ALCALDIA COYOACAN,713944,Centros de acondicionamiento físico del sector público,11 a 30 personas,CALLE,CALPULLI,CALLE,ITZCUINA,CALLE,CIHUACALLI,CALLE,TEOCALLI,NA,SN,NA,NA,NA,NA,COLONIA,ADOLFO RUIZ CORTINES,NA,NA,NA,04630,09,Ciudad de México,003,Coyoacán,0001,Coyoacán,0821,011,NA,NA,NA,Fijo,19.31765462,-99.15840583,2019-11
8038454,09012713944000141000000000U5,DEPORTIVO ECOLOGICO MIXTECO,GOBIERNO,713944,Centros de acondicionamiento físico del sector público,0 a 5 personas,CERRADA,CAMINO REAL DE SAN ANDRES,CERRADA,PRIMAVERA,CALLE,SIERRA SAN JUAN,CALLE,ENCINOS,NA,SN,NA,NA,NA,SN,COLONIA,TLALPUENTE,NA,NA,NA,14460,09,Ciudad de México,012,Tlalpan,0001,Tlalpan,1585,016,NA,NA,NA,Fijo,19.25558842,-99.18596888,2019-11
827710,09007931210000301021000000U7,DEPORTIVO EJIDAL DE SAN SIMON CULHUACAN,LEONARDO BUSTAMENTE,713944,Centros de acondicionamiento físico del sector público,0 a 5 personas,CALLE,GOBERNACION,CALLE,VICENTE GUERRERO,CALLE,MARINA NACIONAL,CALLE,SAMUEL F. B. MORSE,11,NA,NA,NA,NA,NA,COLONIA,ESTRELLA CULHUACAN,NA,NA,NA,09800,09,Ciudad de México,007,Iztapalapa,0001,Iztapalapa,1833,009,NA,NA,NA,Fijo,19.33387171,-99.10755201,2010-07
672963,09005713943002661010000000U6,DEPORTIVO EJIDAL VICENTE GUERRERO,EJIDATARIOS DE ZACATENCO,713944,Centros de acondicionamiento físico del sector público,0 a 5 personas,CALLE,LA RIOJA,CALLE,SAN JUAN DE PUERTO RICO,CALLE,SALAVERRY,CALLE,ROSARIO,NA,SN,NA,NA,NA,NA,COLONIA,RESIDENCIAL ZACATENCO,NA,NA,NA,07369,09,Ciudad de México,005,Gustavo A. Madero,0001,Gustavo A. Madero,060A,006,5551196086,NA,NA,Fijo,19.50549261,-99.12627508,2014-12
11432746,09010713944000231000000000U8,DEPORTIVO EL CAPULIN,GOBIERNO DE LA CIUDAD DE MEXICO,713944,Centros de acondicionamiento físico del sector público,0 a 5 personas,CALLE,PROLONGACION ARTIFICIOS,CALLE,CAPULIN,CALLE,TULIPANES,CALLE,PRESA TACUBAYA,225,NA,NA,NA,NA,NA,COLONIA,EL CAPULÍN,NA,NA,NA,01110,09,Ciudad de México,010,Álvaro Obregón,0001,Álvaro Obregón,0099,018,NA,NA,CIDEMFUTBOL.COM.MX,Fijo,19.39655866,-99.21168656,2024-11
8848257,09013713944000141000000000U3,DEPORTIVO EL ESCONDIDO,GOBIERNO DE LA CIUDAD DE MEXICO,713944,Centros de acondicionamiento físico del sector público,0 a 5 personas,CERRADA,LAZARO CARDENAS,CERRADA,NINGUNO,CERRADA,LAZARO CARDENAS,CALLE,CAMELIA,NA,SN,NA,NA,NA,NA,PUEBLO,SAN LUIS TLAXIALTEMALCO,NA,NA,NA,16610,09,Ciudad de México,013,Xochimilco,0001,Xochimilco,0527,027,NA,NA,NA,Fijo,19.25841023,-99.0405156,2019-11
10065412,09005713944000301000000000U9,DEPORTIVO EL PEREGRINO,ALCALDIA GUSTAVO A MADERO,713944,Centros de acondicionamiento físico del sector público,0 a 5 personas,CALLE,FRANCISCO MORENO,CALLE,FFCC MEXICANO,CERRADA,M. DOMINGUEZ,EJE VIAL,5 NORTE (CALZADA SAN JUAN DE ARAGON),NA,SN,NA,NA,NA,NA,COLONIA,VILLA GUSTAVO A. MADERO,NA,NA,NA,07070,09,Ciudad de México,005,Gustavo A. Madero,0001,Gustavo A. Madero,1453,018,NA,NA,NA,Fijo,19.48191831,-99.11087092,2024-11
1007183,09003713941000011001000000U5,DEPORTIVO EMILIANO ZAPATA,GOBIERNO DE LA CIUDAD DE MEAXICO ALCALDIA COYOACAN,713944,Centros de acondicionamiento físico del sector público,6 a 10 personas,CALLE,SAN RAUL,CALLE,SAN LEON,CALLE,SAN CASTULO,CALLE,SAN ALBERTO,NA,SN,NA,NA,NA,NA,COLONIA,PEDREGAL DE SANTA ÚRSULA,NA,NA,NA,04600,09,Ciudad de México,003,Coyoacán,0001,Coyoacán,0982,020,NA,DEPORTIVOZAPATACOYOACAN@GMAIL.COM,NA,Fijo,19.31276143,-99.14883799,2010-07
8584024,09003713942000043010000000U6,DEPORTIVO ESPARTACO,DIRECCION DEL DEPORTE DE LA ALCALDIA DE COYOACAN,713944,Centros de acondicionamiento físico del sector público,11 a 30 personas,CALLE,8,CALLE,11,CALLE,7,CALLE,4,NA,SN,NA,NA,NA,NA,COLONIA,ESPARTACO,NA,NA,NA,04870,09,Ciudad de México,003,Coyoacán,0001,Coyoacán,1726,007,NA,NA,NA,Fijo,19.31774373,-99.13492485,2019-11
9941337,09002713943001341000000000U3,DEPORTIVO FERROCARRILERO PANTACO,SINDICATO DE TRABAJADORES FERROCARRILEROS DE LA REPUBLICA MEXICANA,713943,Centros de acondicionamiento físico del sector privado,0 a 5 personas,AVENIDA,CEYLAN,EJE VIAL,4 NORTE (CALZADA AZCAPOTZALCO-LA VILLA),EJE VIAL,5 NORTE (PONIENTE 140),OTRO(ESPECIFIQUE),NINGUNO,NA,SN,NA,NA,NA,NA,COLONIA,ESTACIÓN PANTACO,NA,NA,NA,02300,09,Ciudad de México,002,Azcapotzalco,0001,Azcapotzalco,0877,028,NA,NA,NA,Fijo,19.49789979,-99.17174139,2024-11
756571,09007713944000126000000000U6,DEPORTIVO FRANCISCO I MADERO,JUD DE ATENCION A UNIDADES DEPORTIVAS,713944,Centros de acondicionamiento físico del sector público,101 a 250 personas,AVENIDA,TELECOMUNICACIONES,CALLE,PLUTARCO ELIAS CALLES,CALLE,TELECOMUNICACIONES,CERRADA,NINGUNO,NA,SN,NA,NA,NA,NA,COLONIA,CHINAMPAC DE JUÁREZ,NA,NA,NA,09227,09,Ciudad de México,007,Iztapalapa,0001,Iztapalapa,3596,033,NA,NA,NA,Fijo,19.38429255,-99.04915283,2010-07
11449274,09003713944000121000000000U6,DEPORTIVO FRANCISCO J MUJICA,DEPORTIVO FRANCISCO J MUJICA,713944,Centros de acondicionamiento físico del sector público,0 a 5 personas,CALZADA,CALZADA DE LA VIRGEN,CALLE,CANDELARIA PEREZ,AVENIDA,CANAL NACIONAL,CALZADA,CALZADA DE LA VIRGEN,NA,SN,NA,NA,NA,NA,COLONIA,CULHUACÁN CTM SECCIÓN VIII,NA,NA,NA,04909,09,Ciudad de México,003,Coyoacán,0001,Coyoacán,1463,014,NA,NA,NA,Fijo,19.32274724,-99.10132922,2024-11
805183,09005931210000923001000000U2,DEPORTIVO FRANCISCO ZARCO,GOBIERNO DEL DISTRITO FEDERAL,713944,Centros de acondicionamiento físico del sector público,11 a 30 personas,AVENIDA,503,EJE VIAL,3 NORTE (ANGEL ALBINO CORZO-ORIENTE 101),EJE VIAL,4 NORTE (AVENIDA 510),AVENIDA,503,NA,SN,NA,NA,NA,NA,CIUDAD,SAN JUAN DE ARAGÓN I SECCIÓN,NA,NA,NA,07969,09,Ciudad de México,005,Gustavo A. Madero,0001,Gustavo A. Madero,2112,001,NA,NA,NA,Fijo,19.46301596,-99.09478041,2010-07
8210513,09005713943003392001000000U7,DEPORTIVO FUT 7 LINDAVISTA,NA,713943,Centros de acondicionamiento físico del sector privado,0 a 5 personas,CALLE,LA RIOJA,CALLE,SAN JUAN DE PUERTO RICO,CALLE,SALAVERRY,CALLE,ROSARIO,91,NA,NA,NA,NA,NA,COLONIA,RESIDENCIAL ZACATENCO,NA,NA,NA,07369,09,Ciudad de México,005,Gustavo A. Madero,0001,Gustavo A. Madero,060A,006,NA,NA,NA,Fijo,19.50556528,-99.12664585,2019-11
737124,09007713943001883002000000U3,DEPORTIVO FUT 7 NACE,NA,713943,Centros de acondicionamiento físico del sector privado,6 a 10 personas,AVENIDA,SAN FRANCISCO TLALTENCO,CALLE,MANUEL CAÑAS (VILLA BRAZ),CALLE,YATZABETH,CALLE,VILLA INFERIOR,710,NA,NA,NA,NA,NA,COLONIA,DESARROLLO URBANO QUETZALCOATL,NA,NA,NA,09700,09,Ciudad de México,007,Iztapalapa,0001,Iztapalapa,5732,001,5549311449,NA,NA,Fijo,19.3215295,-99.04696815,2014-12
6199780,09007713943001873000000000U4,DEPORTIVO GALLEGO,CENTRO GALLEGO DE MEXICO,713943,Centros de acondicionamiento físico del sector privado,11 a 30 personas,AVENIDA,CANAL DE CHALCO LEANDRO VALLE,OTRO(ESPECIFIQUE),MANZANA O EDIFICACION CONTIGUA,CALLE,DIAGONAL OLIVOS,OTRO(ESPECIFIQUE),MANZANA O EDIFICACION CONTIGUA,5200,NA,NA,NA,NA,NA,COLONIA,CELOALLIOTLI,NA,NA,NA,09960,09,Ciudad de México,007,Iztapalapa,0001,Iztapalapa,4344,047,NA,DEPORTIVO_GALLEGO@HOTMAIL.COM,NA,Fijo,19.29235844,-99.07681275,2010-07
1054559,09010931210000191001000000U6,DEPORTIVO GOLONDRINAS,CULTURA Y DEPORTE DE ALVALDIA ALVARO OBREGON,713944,Centros de acondicionamiento físico del sector público,0 a 5 personas,AVENIDA,LOMAS DE CAPULA,CALLE,GOLONDRINA MUDA,CALLE,GOLONDRINA VIAJERA,CALLE,GOLONDRINA BLANCA,NA,SN,NA,NA,NA,NA,COLONIA,GOLONDRINAS PRIMERA SECCIÓN,NA,NA,NA,01270,09,Ciudad de México,010,Álvaro Obregón,0001,Álvaro Obregón,1523,021,NA,NA,NA,Fijo,19.38024239,-99.2109792,2010-07
751142,09016713944000043002000000U4,DEPORTIVO GRAN LIBERTADOR DE AMERICA SIMON BOLIVAR,DELEGACION MIGUEL HIDALGO,713944,Centros de acondicionamiento físico del sector público,11 a 30 personas,CALZADA,RETORNO SEGUNDO INGENIEROS MILITARES,AVENIDA,RIO SAN JOAQUIN,CALLE,RETORNO SEGUNDO INGENIEROS MILITARES,AVENIDA,INGENIEROS MILITARES,NA,SN,SN,1,NA,NA,COLONIA,LOMAS DE SOTELO,NA,NA,NA,11200,09,Ciudad de México,016,Miguel Hidalgo,0001,Miguel Hidalgo,0228,002,5553955472,NA,NA,Fijo,19.45057099,-99.21643364,2014-12
851799,09012713944000091000000000U2,DEPORTIVO GUAYACANES,MODULO DEPORTIVO GUAYACANES,713944,Centros de acondicionamiento físico del sector público,0 a 5 personas,CALLE,BOSQUES,AVENIDA,BOSQUES,CALLE,JACARANDAS,CALLE,JACARANDAS,NA,SN,NA,NA,NA,SN,COLONIA,BOSQUES DEL PEDREGAL,NA,NA,NA,14738,09,Ciudad de México,012,Tlalpan,0001,Tlalpan,1509,038,5516771282,NA,NA,Fijo,19.27043025,-99.23786981,2010-07
981021,09015713999000026010000000U6,DEPORTIVO GUELATAO,NA,713944,Centros de acondicionamiento físico del sector público,101 a 250 personas,CALLE,REPUBLICA DE HONDURAS,CALLE,PLAZA COMONFORT,CALLE,PLAZA COMONFORT,CALLE,PLAZA COMONFORT,NA,SN,NA,1,NA,NA,COLONIA,CENTRO,OTRO,GUELATAO,SN,06010,09,Ciudad de México,015,Cuauhtémoc,0001,Cuauhtémoc,0536,012,5541901413,NA,NA,Fijo,19.44082942,-99.13575211,2010-07
966278,09014713944000012022000000U4,DEPORTIVO GUMERCINDO ROMERO,DELEGACION BENITO JUAREZ,713944,Centros de acondicionamiento físico del sector público,0 a 5 personas,CALLE,MONTE ALBAN,CALLE,CUICUILCO,CALLE,PILARES,CALLE,MOTOZINTLA,636,NA,NA,NA,NA,NA,COLONIA,LETRÁN VALLE,NA,NA,NA,03620,09,Ciudad de México,014,Benito Juárez,0001,Benito Juárez,0632,023,NA,GUMERCINDOROMEROVELASQUEZ@GMAIL.COM,NA,Fijo,19.37537885,-99.15331845,2010-07
10114295,09005713944000312000000000U6,DEPORTIVO HEBERTO CASTILLO,ALCALDIA GUSTAVO A MADERO,713944,Centros de acondicionamiento físico del sector público,6 a 10 personas,AVENIDA,5 DE MAYO,EJE VIAL,EJE 3 ORIENTE (AVENIDA INGENIERO EDUARDO MOLINA),EJE VIAL,EJE 3 ORIENTE (AVENIDA INGENIERO EDUARDO MOLINA),CALLE,NORTE 74-A,NA,SN,NA,NA,NA,NA,COLONIA,DEL OBRERO,NA,NA,NA,07420,09,Ciudad de México,005,Gustavo A. Madero,0001,Gustavo A. Madero,0845,031,5555652279,NA,NA,Fijo,19.49773858,-99.08993496,2024-11
668026,09002713943000453001000000U7,DEPORTIVO INCLAN,NA,713943,Centros de acondicionamiento físico del sector privado,11 a 30 personas,CALLE,SAN LUCAS,CALLE,TEBAS,CALLE,NUBIA,CALLE,HERALDO,129,NA,NA,NA,NA,NA,COLONIA,DEL RECREO,NA,NA,NA,02070,09,Ciudad de México,002,Azcapotzalco,0001,Azcapotzalco,067A,007,NA,DEPORTIVOINCLAN@GMAIL.COM,WWW.DEPORTIVOINCLAN.COM.MX,Fijo,19.47143747,-99.18313846,2010-07
934640,09014713944000044001000000U7,DEPORTIVO JOAQUIN CAPILLA,DEPORTIVO JOAQUIN CAPILLA DELEGACION BENITO JUAREZ,713944,Centros de acondicionamiento físico del sector público,51 a 100 personas,CALLE,SANTIAGO REBULL,CALLE,NATAL PESADO,CALLE,MIGUEL CABRERA,CALLE,CHARCO AZUL,50,A,NA,NA,NA,NA,COLONIA,MIXCOAC,NA,NA,NA,03910,09,Ciudad de México,014,Benito Juárez,0001,Benito Juárez,0882,019,NA,DEPORTIVO.JOAQUIN.CAPILLA.BJ@GMAIL.COM,WWW.ALCALDIABENITOJUAREZ.MX,Fijo,19.37004911,-99.19044151,2014-12
979481,09003713944000033001000000U3,DEPORTIVO JOSE DE JESUS CLARK FLORES,GOBIERNO,713944,Centros de acondicionamiento físico del sector público,11 a 30 personas,AVENIDA,SANTA ANA,CALZADA,CALZADA DE LA VIRGEN,CALLE,PIEDRA DEL SOL,CALZADA,CALZADA DE LA VIRGEN,15,NA,NA,NA,0,SN,COLONIA,AVANTE,NA,NA,NA,04460,09,Ciudad de México,003,Coyoacán,0001,Coyoacán,0713,028,NA,NA,NA,Fijo,19.33012014,-99.13621993,2014-12
688035,09016713944000074001000000U9,DEPORTIVO JOSE MARIA MORELOS Y PAVON,DELEGACION MIGUEL HIDALGO,713944,Centros de acondicionamiento físico del sector público,51 a 100 personas,CALLE,LAGO TRASIMENO,CALLE,LAGO ERNE,CALLE,LAGO WETTER,CALLE,CERRADA LAGO ERNE,NA,SN,NA,NA,NA,NA,COLONIA,REFORMA PENSIL,NA,NA,NA,11430,09,Ciudad de México,016,Miguel Hidalgo,0001,Miguel Hidalgo,1349,006,NA,NA,NA,Fijo,19.44876862,-99.19413543,2014-12
883535,09015713944000054001000000U3,DEPORTIVO JOSE MARIA MORELOS Y PAVON,ALCALDIA CUAUHTEMOC,713944,Centros de acondicionamiento físico del sector público,11 a 30 personas,CALLE,RIVERO,AVENIDA,PERALVILLO,CALLE,JESUS CARRANZA,CALLE,MATAMOROS,21,NA,NA,NA,NA,NA,COLONIA,MORELOS,NA,NA,NA,06200,09,Ciudad de México,015,Cuauhtémoc,0001,Cuauhtémoc,0339,009,NA,NA,NA,Fijo,19.44848215,-99.13154863,2010-07
6722570,09005713998000011011000000U0,DEPORTIVO JUVENTINO ROSAS,GOBIERNO,713944,Centros de acondicionamiento físico del sector público,11 a 30 personas,CALLE,ESCUELA SECUNDARIA 160,AVENIDA,JUVENTINO ROSAS (VENUSTIANO CARRANZA),CALLE,PEÑA GORDA,AVENIDA,JUVENTINO ROSAS (VENUSTIANO CARRANZA),NA,SN,NA,NA,NA,NA,COLONIA,VALLE DE MADERO,NA,NA,NA,07190,09,Ciudad de México,005,Gustavo A. Madero,0001,Gustavo A. Madero,3089,013,NA,NA,NA,Fijo,19.55126739,-99.13707367,2016-01
1015353,09003713942000013012000000U9,DEPORTIVO LA FRAGATA,GOBIERNO DEL DF COYOACAN,713944,Centros de acondicionamiento físico del sector público,11 a 30 personas,CALLE,ABASOLO,CALLE,PARIS,CALLE,LONDRES,CALLE,GOMEZ FARIAS,123,NA,NA,NA,NA,NA,COLONIA,DEL CARMEN,NA,NA,NA,04100,09,Ciudad de México,003,Coyoacán,0001,Coyoacán,0037,002,NA,NA,NA,Fijo,19.35496733,-99.16108654,2010-07
10371135,09002713944000081000000000U4,DEPORTIVO LA HORMIGUITA,ALCALDIA AZCAPOTZALCO,713944,Centros de acondicionamiento físico del sector público,0 a 5 personas,CALLE,PONIENTE 146,AVENIDA,CEYLAN,CALLE,PONIENTE 146,OTRO(ESPECIFIQUE),NINGUNO,924,NA,NA,NA,NA,NA,COLONIA,INDUSTRIAL VALLEJO,NA,NA,NA,02300,09,Ciudad de México,002,Azcapotzalco,0001,Azcapotzalco,1165,013,NA,NA,NA,Fijo,19.50297715,-99.17288853,2024-11
1009911,09012931210000583001000000U0,DEPORTIVO LA JOYA ADMINSITACION,ALCALDIA DE TLALPAN,713944,Centros de acondicionamiento físico del sector público,11 a 30 personas,AVENIDA,INSURGENTES SUR,CALLE,INSURGENTES SUR,CALLE,TLALCOLIGIA,CALLE,INSURGENTES SUR,NA,SN,NA,NA,NA,NA,COLONIA,LA JOYA,NA,NA,NA,14430,09,Ciudad de México,012,Tlalpan,0001,Tlalpan,1104,020,5554854410,NA,NA,Fijo,19.27839851,-99.1674812,2010-07
804227,09007713944000083001000000U9,DEPORTIVO LA PURISIMA,GOBIERNO DEL DISTRITO FEDERAL,713944,Centros de acondicionamiento físico del sector público,0 a 5 personas,CALLE,SAN FELIPE DE JESUS,AVENIDA,LUIS HIDALGO MONROY,CALLE,SAN RAFAEL ATLIXCO,CALLE,LUIS J. JIMENEZ,NA,SN,NA,NA,NA,NA,COLONIA,SAN MIGUEL,NA,NA,NA,09360,09,Ciudad de México,007,Iztapalapa,0001,Iztapalapa,1246,009,NA,NA,NA,Fijo,19.35443952,-99.07273579,2010-07
8392338,09004713943000511000000000U8,DEPORTIVO LA RAZA,JESUS LOPEZ,713943,Centros de acondicionamiento físico del sector privado,0 a 5 personas,CALLE,LICENCIADO CASTILLO LEDON,PROLONGACION,HIDALGO,CERRADA,PROLONGACION LICENCIADO CASTILLO LEDON,PRIVADA,MEXICO,240,NA,NA,NA,NA,NA,COLONIA,SAN PEDRO,NA,NA,NA,05000,09,Ciudad de México,004,Cuajimalpa de Morelos,0001,Cuajimalpa de Morelos,0299,001,NA,NA,NA,Fijo,19.36366131,-99.29808858,2019-11
8561697,09004713943000681000000000U9,DEPORTIVO LA RAZA DE CUAJIMALPA,JESUS LOPEZ,713943,Centros de acondicionamiento físico del sector privado,0 a 5 personas,CALLE,SEGUNDA CERRADA ADOLFO LOPEZ MATEOS,CALLE,LEOPOLDO ROMANO,PROLONGACION,HIDALGO,CALLE,LEOPOLDO ROMANO,76,NA,NA,NA,NA,NA,COLONIA,ADOLFO LÓPEZ MATEOS,NA,NA,NA,05280,09,Ciudad de México,004,Cuajimalpa de Morelos,0001,Cuajimalpa de Morelos,0301,038,NA,NA,NA,Fijo,19.36466682,-99.29552138,2019-11
745912,09017713944000042000000000U4,DEPORTIVO LAZARO CARDENAS TRABAJADORES DE LIMPIA Y TRANSPORTE DEL GOBIERNO DEL DISTRITO FEDERAL,GOBIERNO DEL DISTRITO FEDERAL,713944,Centros de acondicionamiento físico del sector público,6 a 10 personas,EJE VIAL,2 ORIENTE HONORABLE CONGRESO DE LA UNION,EJE VIAL,2 SUR (AVENIDA DEL TALLER),CALLE,NIVEL,CALLE,1910,312,NA,NA,NA,NA,NA,COLONIA,DEL PARQUE,NA,NA,NA,15960,09,Ciudad de México,017,Venustiano Carranza,0001,Venustiano Carranza,1064,021,NA,NA,NA,Fijo,19.41488889,-99.12130331,2010-07
848300,09012713944000031000000000U8,DEPORTIVO LOMAS DE BALANCAN,GOBIERNO DE LA CIUDAD DE MEXICO,713944,Centros de acondicionamiento físico del sector público,0 a 5 personas,CALLE,BALANCAN,CALLE,TUMALAN,OTRO(ESPECIFIQUE),NINGUNO,CALLE,MACUZPANA,NA,SN,NA,NA,NA,NA,COLONIA,LOMAS DE PADIERNA,NA,NA,NA,14240,09,Ciudad de México,012,Tlalpan,0001,Tlalpan,2066,037,NA,NA,NA,Fijo,19.29584599,-99.21989031,2010-07
801493,09005713941000031010000000U8,DEPORTIVO LOS CEDROS,NA,713943,Centros de acondicionamiento físico del sector privado,0 a 5 personas,CALLE,IGNACIO ALLENDE,CALLE,EMILIANO ZAPATA,EJE VIAL,4 NORTE (AVENIDA 510),PRIVADA,ISAIAS CABRERA,37,NA,NA,NA,NA,NA,PUEBLO,SAN JUAN DE ARAGÓN,NA,NA,NA,07950,09,Ciudad de México,005,Gustavo A. Madero,0001,Gustavo A. Madero,2127,014,NA,NA,NA,Fijo,19.46717698,-99.08834045,2010-07
9075260,09007713944000332000000000U0,DEPORTIVO LOS REYES CULHUACAN,NA,713944,Centros de acondicionamiento físico del sector público,6 a 10 personas,CALLE,MOCTEZUMA,CALLE,TETEPANQUETZALZIN,CALLE,TONATIUH,CALLE,CUITLAHUAC,NA,SN,NA,NA,NA,NA,COLONIA,AMPLIACIÓN LOS REYES,NA,NA,NA,09840,09,Ciudad de México,007,Iztapalapa,0001,Iztapalapa,1388,042,5567816567,NA,NA,Fijo,19.34347446,-99.10261419,2019-11
919346,09004713943000371010000000U7,DEPORTIVO LOTE 88,UNION DE COLONOS GRANJAS DE PALO ALTO,713944,Centros de acondicionamiento físico del sector público,0 a 5 personas,ANDADOR,NINGUNO,CALLE,NINGUNO,CALLE,NINGUNO,CALLE,PASEO DE LOS TAMARINDOS,158,NA,NA,NA,NA,NA,COLONIA,GRANJAS PALO ALTO,NA,NA,NA,05110,09,Ciudad de México,004,Cuajimalpa de Morelos,0001,Cuajimalpa de Morelos,0195,017,5578133640,NA,NA,Fijo,19.38433573,-99.25585964,2014-12
880857,09015713941000152012000000U1,DEPORTIVO LUIS VILLANUENA,DEPORTIVO LUIS VILLANUEVA,713943,Centros de acondicionamiento físico del sector privado,6 a 10 personas,CALLE,TENOCHTITLAN,CALLE,PEÑON,CALLE,RIVERO,CALLE,TOLTECAS,77,NA,NA,NA,NA,NA,COLONIA,MORELOS,NA,NA,NA,06200,09,Ciudad de México,015,Cuauhtémoc,0001,Cuauhtémoc,0343,002,NA,NA,NA,Fijo,19.44818069,-99.12887736,2010-07
744753,09005713942000022011000000U5,DEPORTIVO MANUEL M PONCE,ROSAURA GARCIA,713944,Centros de acondicionamiento físico del sector público,0 a 5 personas,CALLE,SANTIAGO DE CHILE,CALLE,PUERTO BARACOS,CALLE,VIÑA DEL MAR,CALLE,MANIZALES,NA,SN,NA,NA,NA,NA,COLONIA,SAN PEDRO ZACATENCO,NA,NA,NA,07360,09,Ciudad de México,005,Gustavo A. Madero,0001,Gustavo A. Madero,0582,020,5592403633,NA,WWWMMPONCE.GOB,Fijo,19.50702701,-99.123189,2010-07
662532,09005713944000043000000000U7,DEPORTIVO MARGARITA MAZA DE JUAREZ,DELEGACION GUSTAVO A MADERO,713944,Centros de acondicionamiento físico del sector público,11 a 30 personas,CALLE,MARGARITA MAZA DE JUAREZ,CALLE,NINGUNO,CALLE,NINGUNO,CALLE,MARGARITA MAZA DE JUAREZ,NA,SN,NA,NA,NA,NA,COLONIA,NUEVA INDUSTRIAL VALLEJO,NA,NA,NA,07700,09,Ciudad de México,005,Gustavo A. Madero,0001,Gustavo A. Madero,0506,001,5553897202,NA,NA,Fijo,19.50707547,-99.15483078,2010-07
740732,09005713942000011012000000U8,DEPORTIVO MIGUEL ALEMAN,DELEGACION GUSTAVO A MADERO,713944,Centros de acondicionamiento físico del sector público,11 a 30 personas,CALLE,LINDAVISTA,CALLE,LIMA,CALLE,MATANZAS,CALLE,BUENAVISTA,NA,SN,NA,NA,NA,NA,COLONIA,LINDAVISTA NORTE,NA,NA,NA,07300,09,Ciudad de México,005,Gustavo A. Madero,0001,Gustavo A. Madero,0737,005,NA,NA,NA,Fijo,19.49414486,-99.12761913,2010-07
983475,09004713944000033002000000U1,DEPORTIVO MORELOS,ALCALDIA CUAJIMALPA DE MORELOS,713944,Centros de acondicionamiento físico del sector público,11 a 30 personas,AVENIDA,JOSE MARIA CASTORENA,CALLE,ALCANFORES,CALLE,SAN JOSE DE LOS CEDROS,CALLE,SAN JOSE DE LOS CEDROS,46,NA,NA,NA,NA,NA,COLONIA,SAN JOSÉ DE LOS CEDROS,NA,NA,NA,05200,09,Ciudad de México,004,Cuajimalpa de Morelos,0001,Cuajimalpa de Morelos,0354,008,NA,NA,NA,Fijo,19.36447309,-99.28452696,2010-07
691403,09016931810000811012000000U3,DEPORTIVO NAVAL NORTE,ARMADA DE MEXICO LA MARINA,713944,Centros de acondicionamiento físico del sector público,51 a 100 personas,AVENIDA,FERNANDO ALENCASTRE,CALLE,ALICAMA,CALLE,FERROCARRIL DE CUERNAVACA,CALLE,MONTE CASINO,300,NA,NA,NA,NA,NA,COLONIA,BOSQUE DE CHAPULTEPEC,NA,NA,NA,11100,09,Ciudad de México,016,Miguel Hidalgo,0001,Miguel Hidalgo,1014,027,NA,CLUBNAVALNORTE01@GMAIL.COM,NA,Fijo,19.42104108,-99.20015088,2014-12
770337,09007713943003691000000000U8,DEPORTIVO NEW CAMP,DEPORTIVO NEW CAMP,713943,Centros de acondicionamiento físico del sector privado,0 a 5 personas,CALLE,GAVIRE M ABSALON PEREZ,CALLE,CUTBERTO AROCHE,CALLE,FRANCISCO C. MORALES,CALLE,ERNESTO AGUIRRE COLORADO,15,MZ 158 LOTE 15,NA,NA,NA,NA,COLONIA,SANTA MARTHA ACATITLA NORTE,NA,NA,NA,09140,09,Ciudad de México,007,Iztapalapa,0001,Iztapalapa,0318,013,NA,NA,NA,Fijo,19.38153203,-99.02303767,2014-12
749249,09005713944000151002000000U8,DEPORTIVO NICOLAS BRAVO,GOBIERNO DE LA CIUDAD DE MEXICO,713944,Centros de acondicionamiento físico del sector público,0 a 5 personas,CALLE,ARTES,CALLE,GENERAL ANASTACIO BUSTAMANTE,CALLE,JUAN DIEGO,ANDADOR,LOPEZ MATEOS,NA,SN,NA,NA,NA,NA,COLONIA,TRIUNFO DE LA REPÚBLICA,NA,NA,NA,07069,09,Ciudad de México,005,Gustavo A. Madero,0001,Gustavo A. Madero,1148,002,5532620100,NA,NA,Fijo,19.49142656,-99.10652431,2010-07
750746,09016713944000021001000000U0,DEPORTIVO NUEVA ARGENTINA,ALCALDIA MIGUEL HIDALGO,713944,Centros de acondicionamiento físico del sector público,11 a 30 personas,CALZADA,MEXICO TACUBA,CALLE,RIO URUGUAY,CALLE,SANCTORUM,CALZADA,MEXICO-TACUBA,1325,NA,NA,NA,NA,NA,COLONIA,ARGENTINA PONIENTE,NA,NA,NA,11230,09,Ciudad de México,016,Miguel Hidalgo,0001,Miguel Hidalgo,0105,012,NA,OFICINAALCALDE@MIGUELHIDALGO.GOM.MX,NA,Fijo,19.45645154,-99.20716437,2010-07
1025746,09008713944000043002000000U1,DEPORTIVO OASIS,LA ALCALDIA LA MAGDALENA CONTRERAS,713944,Centros de acondicionamiento físico del sector público,11 a 30 personas,CALLE,CERRADA SOLEDAD,CERRADA,NOGAL,AVENIDA,SAN JERONIMO,CALLE,PRADERA,NA,SN,NA,NA,NA,SN,COLONIA,SAN BERNABÉ OCOTEPEC,NA,NA,NA,10300,09,Ciudad de México,008,La Magdalena Contreras,0001,La Magdalena Contreras,0550,026,NA,NA,NA,Fijo,19.3088617,-99.25765592,2010-07
1024950,09010713999000011000000000U8,DEPORTIVO PARAISO,GOBIERNO FEDERAL,713944,Centros de acondicionamiento físico del sector público,0 a 5 personas,CALLE,POLVORA,CALLE,ALEMANES,CALLE,AUSTRIACOS,CALLE,PARAISO,NA,SN,NA,NA,NA,NA,COLONIA,PARAÍSO,NA,NA,NA,01130,09,Ciudad de México,010,Álvaro Obregón,0001,Álvaro Obregón,014A,002,5526149257,NA,NA,Fijo,19.39224531,-99.21251106,2010-07
782634,09007713944000073002000000U0,DEPORTIVO PARKEELEKTRA EJIDAL 10,ALCALDIA IZTAPALAPA,713944,Centros de acondicionamiento físico del sector público,6 a 10 personas,AVENIDA,GUERRA DE REFORMA,CALLE,BATALLA DE LOMA ALTA,CALLE,BATALLA DE CASABLANCA,CALLE,24 DE ABRIL DE 1860,NA,SN,NA,NA,NA,NA,COLONIA,LEYES DE REFORMA TERCERA SECCIÓN,NA,NA,NA,09310,09,Ciudad de México,007,Iztapalapa,0001,Iztapalapa,0411,008,NA,NA,NA,Fijo,19.38055112,-99.0693247,2010-07
772310,09016713944000053001000000U3,DEPORTIVO PARQUE LIRA,GOBIERNO DE LA CIUDAD DE MEXICO,713944,Centros de acondicionamiento físico del sector público,31 a 50 personas,AVENIDA,PARQUE LIRA,AVENIDA,OBSERVATORIO,CALLE,GOBERNADOR AGUSTIN VICENTE EGUIA,CALLE,GENERAL FUERO,128,NA,NA,NA,NA,NA,COLONIA,OBSERVATORIO,NA,NA,NA,11860,09,Ciudad de México,016,Miguel Hidalgo,0001,Miguel Hidalgo,1156,014,NA,NA,WWW.MIGUELHIDALGO.GOB.MX,Fijo,19.40534658,-99.18852189,2010-07
7728647,09012713944000201000000000U7,DEPORTIVO PEDREGAL DE SAN NICOLAS,NA,713944,Centros de acondicionamiento físico del sector público,0 a 5 personas,PRIVADA,SINANCHE,AVENIDA,MANI,CALLE,KOPOMA,CALLE,CHICXULUM,NA,SN,NA,NA,NA,NA,COLONIA,PEDREGAL DE SAN NICOLÁS PRIMERA SECCIÓN,NA,NA,NA,14100,09,Ciudad de México,012,Tlalpan,0001,Tlalpan,0515,017,NA,NA,NA,Fijo,19.2924692,-99.23750711,2019-11
850844,09015931810000483000000000U3,DEPORTIVO PEÑOLES,GOBIERNO DE LA CUIDAD DE MEXICO ALCALDIA CUAUHTEMOC,713944,Centros de acondicionamiento físico del sector público,11 a 30 personas,CALZADA,CALZADA DE GUADALUPE,CALLE,PLOMO,PEATONAL,TELURO,CALLE,PEÑOLES,125,NA,NA,NA,NA,NA,COLONIA,VALLE GÓMEZ,NA,NA,NA,06240,09,Ciudad de México,015,Cuauhtémoc,0001,Cuauhtémoc,0127,006,5543358000,NA,NA,Fijo,19.45865191,-99.12723278,2011-03
7628490,09013713944000171000000000U0,DEPORTIVO POLPULAR SANTA CRUZ XOCHITEPEC,ALCALDIA XOCHIMILCO,713944,Centros de acondicionamiento físico del sector público,0 a 5 personas,CALLE,CALLE DEL CAMPO DEPORTIVO,CALLE,CAMINO A SANTIAGO TEPALCATLALPAN,CERRADA,ZAPOCO,CALLE,CALLE DEL CAMPO DEPORTIVO,NA,SN,NA,NA,NA,NA,PUEBLO,SANTA CRUZ XOCHITEPEC,NA,NA,NA,16200,09,Ciudad de México,013,Xochimilco,0001,Xochimilco,0372,030,NA,NA,NA,Fijo,19.25409313,-99.13040931,2019-11
858899,09012713999000041000000000U1,DEPORTIVO POPULAR,GOBIERNO DEL DISTRITO FEDERAL,713944,Centros de acondicionamiento físico del sector público,0 a 5 personas,CALLE,AYUNTAMIENTO,CALLE,BELISARIO DOMINGUEZ,CALLE,INDEPENDENCIA,CALLE,LAS FLORES,NA,SN,NA,NA,NA,NA,COLONIA,TLALPAN,NA,NA,NA,14000,09,Ciudad de México,012,Tlalpan,0001,Tlalpan,0375,004,5539590039,NA,NA,Fijo,19.29381793,-99.17817911,2010-07
859140,09012713999000011001000000U4,DEPORTIVO POPULAR BARRIO NIÑO JESUS,EL GOBIERNO DEL DISTRITO FEDERAL,713944,Centros de acondicionamiento físico del sector público,6 a 10 personas,CALLE,JOSE MARIA MORELOS,CALZADA,CALZADA DE TLALPAN,CALLE,NIÑO JESUS,CALLE,MIGUEL HIDALGO,18,NA,NA,NA,NA,NA,COLONIA,DEL NIÑO JESÚS,NA,NA,NA,14080,09,Ciudad de México,012,Tlalpan,0001,Tlalpan,0962,006,NA,NA,NA,Fijo,19.28648049,-99.16264258,2010-07
8681027,09013713942000012010000000U0,DEPORTIVO POPULAR DE SANTA MARIA TEPEPAN,JOSE ANGEL VAZQUEZ ROMERO CDMX,713944,Centros de acondicionamiento físico del sector público,6 a 10 personas,CALLE,CUAUHTEMOC,CERRADA,PANTEON,CALLE,IGNACIO ALDAMA,CALLE,MARIANO ABASOLO,NA,SN,NA,NA,NA,NA,PUEBLO,SANTA MARÍA TEPEPAN,NA,NA,NA,16020,09,Ciudad de México,013,Xochimilco,0001,Xochimilco,0014,022,5530140304,NA,NA,Fijo,19.27521715,-99.13820434,2019-11
1035906,09013713944000071000000000U2,DEPORTIVO POPULAR SAN GREGORIO ATLAPULCO,DELEGACION XOCHIMILCO,713944,Centros de acondicionamiento físico del sector público,0 a 5 personas,AVENIDA,NUEVO LEON,AVENIDA,CHAPULTEPEC,PRIVADA,NINGUNO,CALLE,MOYOTEPEC,NA,SN,NA,NA,NA,NA,COLONIA,SAN JUAN MOYOTEPEC,NA,NA,NA,16630,09,Ciudad de México,013,Xochimilco,0001,Xochimilco,1366,016,NA,NA,NA,Fijo,19.25516204,-99.06687742,2010-07
882628,09011713941000081000000000U1,DEPORTIVO POPULAR TECOMITL,ALCALDIA MILPA ALTA,713944,Centros de acondicionamiento físico del sector público,0 a 5 personas,CALLE,SUR DEL COMERCIO,BOULEVARD,HIDALGO,CALLE,NINGUNO,BOULEVARD,HIDALGO,NA,SN,NA,NA,NA,SN,PUEBLO,SAN ANTONIO TECOMITL,NA,NA,NA,12100,09,Ciudad de México,011,Tláhuac,0021,San Juan Ixtayopan,0787,013,NA,NA,NA,Fijo,19.22939945,-98.99407565,2010-07
1011168,09008713941000103002000000U9,DEPORTIVO PRIMERO DE MAYO,ALCALDIA LA MAGDALENA CONTRERAS,713944,Centros de acondicionamiento físico del sector público,6 a 10 personas,CALLE,NOGALES,CALLE,NOGALES,CERRADA,NOGALES,CERRADA,NOGALES,NA,SN,NA,NA,NA,NA,COLONIA,DE SAN NICOLÁS TOTOLAPAN,NA,NA,NA,10900,09,Ciudad de México,008,La Magdalena Contreras,0001,La Magdalena Contreras,0353,027,NA,NA,NA,Fijo,19.30240486,-99.23785323,2010-07
662095,09017713944000061002000000U4,DEPORTIVO RAFAEL OZUNA,INSTITUTO DEL DEPORTE DE LA CIUDAD DE MEXICO,713944,Centros de acondicionamiento físico del sector público,0 a 5 personas,CALLE,INTERIOR BOULEVARD PUERTO AEREO,CALLE,ORIENTE 182,CALLE,NORTE 21,CALLE,NORTE 21,274,NA,NA,NA,NA,NA,COLONIA,MOCTEZUMA SEGUNDA SECCIÓN,NA,NA,NA,15530,09,Ciudad de México,017,Venustiano Carranza,0001,Venustiano Carranza,0668,016,NA,NA,NA,Fijo,19.42793876,-99.09251487,2010-07
11158207,09017713944000123000000000U2,DEPORTIVO RAMON LOPEZ VELARDE,GOBIERNO DE LA CUIDAD DE MEXICO,713944,Centros de acondicionamiento físico del sector público,11 a 30 personas,EJE VIAL,1 ORIENTE AVENIDA DEL TRABAJO,CALLE,CARPINTERIA,CALLE,MECANICOS,CALLE,JARCIERIA,NA,SN,NA,NA,NA,NA,COLONIA,MORELOS,NA,NA,NA,15270,09,Ciudad de México,017,Venustiano Carranza,0001,Venustiano Carranza,0210,018,NA,NA,NA,Semifijo,19.44320397,-99.1233068,2024-11
641220,09002713944000032001000000U7,DEPORTIVO RENOVACION NACIONAL,ALCALDIA AZCAPOTZALCO,713944,Centros de acondicionamiento físico del sector público,11 a 30 personas,CALLE,FRANCISCO SARABIA,AVENIDA,CALZADA DE LAS ARMAS,AVENIDA,MANUEL SALAZAR,CALLE,GENERAL LUCIO BLANCO,NA,SN,NA,NA,NA,NA,COLONIA,PROVIDENCIA,NA,NA,NA,02440,09,Ciudad de México,002,Azcapotzalco,0001,Azcapotzalco,0237,015,NA,NA,NA,Fijo,19.49078475,-99.21283851,2010-07
638917,09002931210000923000000000U9,DEPORTIVO REYNOSA,DEPORTIVO REYNOSA,713944,Centros de acondicionamiento físico del sector público,31 a 50 personas,AVENIDA,SAN PABLO XALPA,EJE VIAL,5 NORTE (DEPORTIVO REYNOSA),CALLE,ROSARIO,AVENIDA,SAN PABLO XALPA,NA,SN,NA,NA,NA,NA,PUEBLO,SANTA BÁRBARA,NA,NA,NA,02230,09,Ciudad de México,002,Azcapotzalco,0001,Azcapotzalco,0129,009,NA,NA,NA,Fijo,19.50147285,-99.1836475,2010-07
8401777,09013713944000163001000000U7,DEPORTIVO SAN ANDRES,ALCALDIA DE XOCHIMILCO,713944,Centros de acondicionamiento físico del sector público,0 a 5 personas,CALLE,BENITO JUAREZ,CALLE,NICOLAS BRAVO,PRIVADA,ANDRES,CALLE,CAMINO REAL A SAN ANDRES,NA,SN,NA,NA,NA,NA,PUEBLO,SAN ANDRÉS AHUAYUCAN,NA,NA,NA,16810,09,Ciudad de México,013,Xochimilco,0001,Xochimilco,0758,006,NA,NA,NA,Fijo,19.22843548,-99.10753875,2019-11
1017199,09012713944000073002000000U0,DEPORTIVO SAN ANDRES TOTOLTEPEC,NA,713944,Centros de acondicionamiento físico del sector público,6 a 10 personas,CALLE,PALMA,CALLE,CAMINO VIEJO A XICALCO,PRIVADA,PRIVADA DE PALMA,PRIVADA,TIZANTITLA,NA,SN,NA,NA,NA,NA,PUEBLO,SAN ANDRÉS TOTOLTEPEC,NA,NA,NA,14400,09,Ciudad de México,012,Tlalpan,0001,Tlalpan,1621,020,5565146832,NA,NA,Fijo,19.25015873,-99.1671074,2010-07
930027,09008713944000091000000000U0,DEPORTIVO SAN BERNABE,ALCALDIA LA MAGDALENA CONTRERAS,713944,Centros de acondicionamiento físico del sector público,0 a 5 personas,CALLE,EMILIANO ZAPATA,CERRADA,PRIVADA AHUATONGO,CALLE,ALVARO OBREGON,CALLE,BARRANCA,NA,SN,NA,NA,NA,NA,COLONIA,SAN BERNABÉ OCOTEPEC,NA,NA,NA,10300,09,Ciudad de México,008,La Magdalena Contreras,0001,La Magdalena Contreras,0550,002,NA,NA,NA,Fijo,19.31118144,-99.25371417,2014-12
750107,09016713944000011001000000U1,DEPORTIVO SAN LORENZO TLALTENGO,ALCALDIA MIGUEL HIDALGO,713944,Centros de acondicionamiento físico del sector público,6 a 10 personas,PRIVADA,PEPE ORTIZ,CALLE,CARLOS ARRUZA,ANDADOR,PRIMER DE CARLOS ARRUZA,ANDADOR,SEGUNDO DE CARLOS ARRUZA,NA,SN,NA,NA,NA,NA,COLONIA,SAN LORENZO TLALTENANGO,NA,NA,NA,02750,09,Ciudad de México,016,Miguel Hidalgo,0001,Miguel Hidalgo,0020,002,5553581704,NA,NA,Fijo,19.46737144,-99.21002374,2010-07
935743,09012713944000053002000000U2,DEPORTIVO SAN NICOLAS TOLENTINO,DEPORTIVO SAN NICOLAS TOLENTINO,713944,Centros de acondicionamiento físico del sector público,6 a 10 personas,CALLE,TRIPOLI,CALLE,NINGUNO,CALLE,HACIENDA SAN NICOLAS TOLENTINO,CALLE,TRIPOLI,NA,SN,NA,NA,NA,NA,COLONIA,PRADO COAPA TERCERA SECCIÓN,NA,NA,NA,14376,09,Ciudad de México,012,Tlalpan,0001,Tlalpan,0568,013,NA,NA,NA,Fijo,19.29156817,-99.13487775,2014-12
789573,09006713941000084011000000U5,DEPORTIVO SAN PEDRO,ALCALDIA IZTACALCO,713944,Centros de acondicionamiento físico del sector público,6 a 10 personas,AVENIDA,AMACUZAC,CALLE,JESUS URUETA,CALLE,RAMON Y CAJAL,CALLE,CUAUHTEMOC,NA,SN,NA,NA,NA,NA,BARRIO,SAN PEDRO,NA,NA,NA,08220,09,Ciudad de México,006,Iztacalco,0001,Iztacalco,0382,007,NA,NA,NA,Fijo,19.39304923,-99.12695706,2010-07
853565,09012611622000033012000000U9,DEPORTIVO SANCHEZ TABOADA,GOBIERNO DEL DISTRITO FEDERAL,713944,Centros de acondicionamiento físico del sector público,11 a 30 personas,CALLE,YOBAIN,CALLE,MUNA,CALLE,PISTE,CALLE,IZAMAL,NA,SN,NA,NA,NA,NA,COLONIA,HÉROES DE PADIERNA,NA,NA,NA,14200,09,Ciudad de México,012,Tlalpan,0001,Tlalpan,0820,002,NA,NA,NA,Fijo,19.28333567,-99.22360317,2010-07
1055262,09011713942000021010000000U5,DEPORTIVO SANTA CATARINA,DIRECCION GENERAL DE SERVICIOS URBANOS DE LA ALCALDIA TLAHUAC,713944,Centros de acondicionamiento físico del sector público,0 a 5 personas,CALLE,EL PIPILA,AVENIDA,CONCEPCION,CALLE,LUCIANO NAVARRETE,CALLE,ANTONIO ALDAMA,NA,SN,NA,NA,NA,NA,BARRIO,LA CONCEPCION,NA,NA,NA,13150,09,Ciudad de México,011,Tláhuac,0026,Santa Catarina Yecahuitzotl,0965,026,NA,NA,NA,Fijo,19.31226861,-98.965123,2010-07
804662,09007713944000203001000000U3,DEPORTIVO SANTA MARTHA,DELEGACION IZTAPALAPA,713944,Centros de acondicionamiento físico del sector público,0 a 5 personas,CALLE,FRANCISCO SARABIA,CALLE,CELIO GARCIA,CALLE,RAFAEL REYES,CALLE,JOSE INDELICATO,NA,SN,NA,NA,NA,NA,PUEBLO,SANTA MARTHA ACATITLA,NA,NA,NA,09510,09,Ciudad de México,007,Iztapalapa,0001,Iztapalapa,1138,007,5530510977,NA,NA,Fijo,19.36046909,-99.0051483,2010-07
8612758,09007713944000273000000000U6,DEPORTIVO SANTA MARTHA ACATITLA,NA,713944,Centros de acondicionamiento físico del sector público,11 a 30 personas,CALLE,RAFAEL REYES,CALLE,FRANCISCO SARABIA,CALLE,JOSE INDELICATO,CALLE,CELIO GARCIA,NA,SN,NA,NA,NA,NA,PUEBLO,SANTA MARTHA ACATITLA,NA,NA,NA,09510,09,Ciudad de México,007,Iztapalapa,0001,Iztapalapa,1138,007,NA,NA,NA,Fijo,19.36009154,-99.00281619,2019-11
1026983,09009713943000103000000000U3,DEPORTIVO STANISLAO GALICIA,GOBIERNO DE LA CIUDAD DE MEXICO,713944,Centros de acondicionamiento físico del sector público,11 a 30 personas,CALLE,IGNACIO ALDAMA,CALLE,JOSE MARIA MORELOS,CERRADA,NINGUNO,CALLE,TEPECUENTECH,NA,SN,NA,NA,NA,NA,PUEBLO,SAN SALVADOR CUAUHTENCO,NA,NA,NA,12300,09,Ciudad de México,009,Milpa Alta,0033,San Salvador Cuauhtenco,0346,015,5558624717,NA,NA,Fijo,19.19570122,-99.09364797,2010-07
1058476,09015713944000042002000000U8,DEPORTIVO TEPITO,CENTRO SOCIAL DEPORTIVO TEPITO GIMNASIO FRAY BARTOLOME DE LAS CASAS,713944,Centros de acondicionamiento físico del sector público,6 a 10 personas,CALLE,TOLTECAS,CALLE,CARIDAD,CALLE,LA RINCONADA,CALLE,TOLTECAS,3,NA,NA,NA,NA,NA,COLONIA,MORELOS,NA,NA,NA,06200,09,Ciudad de México,015,Cuauhtémoc,0001,Cuauhtémoc,0358,004,NA,NA,NA,Fijo,19.44562493,-99.12788251,2010-07
871199,09014713942000013011000000U6,DEPORTIVO TIRSO HERNANDEZ,GOBIERNO DEL DISTRITO FEDERAL,713944,Centros de acondicionamiento físico del sector público,0 a 5 personas,CALLE,RIO BECERRA,CALLE,11 DE ABRIL,CALLE,LA BAYONETA,CALLE,11 DE ABRIL,NA,SN,NA,NA,NA,NA,COLONIA,8 DE AGOSTO,NA,NA,NA,03820,09,Ciudad de México,014,Benito Juárez,0001,Benito Juárez,0187,022,5583056768,NA,NA,Fijo,19.39490125,-99.18783707,2010-07
8711607,09011713944000081000000000U5,DEPORTIVO TLALTENCO,ALCALDIA TLAHUAC,713944,Centros de acondicionamiento físico del sector público,0 a 5 personas,CALLE,PASEO NUEVO,CALLE,OJO DE AGUA,CALLE,ESTEBAN CHAVERO,CALLE,ALVARO OBREGON,NA,SN,NA,NA,NA,NA,COLONIA,OJO DE AGUA,NA,NA,NA,13450,09,Ciudad de México,011,Tláhuac,0001,Tláhuac,0240,006,5558661829,NA,NA,Fijo,19.2900091,-99.01491275,2019-11
8183054,09005713944000221000000000U9,DEPORTIVO TOKIO,ALCALDIA GUSTAVO A. MADERO,713944,Centros de acondicionamiento físico del sector público,0 a 5 personas,CALLE,SAN ANGEL,OTRO(ESPECIFIQUE),BARDA,CALLE,TOKIO,CALLE,PRIMAVERA,NA,SN,NA,NA,NA,NA,COLONIA,MALACATES,NA,NA,NA,07119,09,Ciudad de México,005,Gustavo A. Madero,0001,Gustavo A. Madero,3322,023,NA,NA,NA,Fijo,19.57628155,-99.13482961,2019-11
1038139,09013713998000011000000000U4,DEPORTIVO TULYEHUALCO BASQUETBOL,GOBIERNO DE LA CIUDAD DE MEXICO,713944,Centros de acondicionamiento físico del sector público,0 a 5 personas,CALLE,FRANCISCO I MADERO,CALLE,AMARANTO,CALLE,LAS ANIMAS,AVENIDA,AQUILES SERDAN,NA,SN,NA,NA,NA,NA,PUEBLO,GUADALUPITA,NA,NA,NA,16700,09,Ciudad de México,013,Xochimilco,0001,Xochimilco,1313,001,5554662632,NA,NA,Fijo,19.2560432,-99.02012144,2010-07
653621,09007713944000171000000000U2,DEPORTIVO UNIDAD MODELO,GOBIERNO,713944,Centros de acondicionamiento físico del sector público,0 a 5 personas,CALLE,TERCER RETORNO EMILIANO ZAPATA,CALLE,RETORNO 302,CALLE,RETORNO 301,CALLE,CENTRAL UNIDAD MODELO,NA,SN,NA,NA,NA,NA,COLONIA,UNIDAD MODELO,NA,NA,NA,09089,09,Ciudad de México,007,Iztapalapa,0001,Iztapalapa,0820,040,NA,NA,NA,Fijo,19.36315984,-99.12383903,2010-07
1052775,09010713999000021010000000U7,DEPORTIVO VALENTIN GOMEZ FARIAS,ALCALDIA ALVARO OBREGON DE LA CIUDAD DE MEXICO,713944,Centros de acondicionamiento físico del sector público,0 a 5 personas,CALLE,RIO MIXCOAC ORIENTE,CERRADA,NINGUNO,OTRO(ESPECIFIQUE),MANZANA O EDIFICACION CONTIGUA,ANDADOR,MANZANA O EDIFICACION CONTIGUA,NA,SN,NA,NA,NA,NA,COLONIA,LOMAS DE PLATEROS,NA,NA,NA,01480,09,Ciudad de México,010,Álvaro Obregón,0001,Álvaro Obregón,0722,016,NA,NA,NA,Fijo,19.36805457,-99.20686562,2010-07
693104,09016713944000062001000000U4,DEPORTIVO VALLE ESCANDON,DELEGACION MIGUEL HIDALGO,713944,Centros de acondicionamiento físico del sector público,11 a 30 personas,CALLE,CALLE DE LA CONSTITUCION,CALLE,GENERAL SALVADOR ALVARADO,CALLE,CIENCIAS,CALLE,JOSE MARTI,NA,SN,NA,NA,NA,NA,COLONIA,ESCANDÓN I SECCIÓN,NA,NA,NA,11800,09,Ciudad de México,016,Miguel Hidalgo,0001,Miguel Hidalgo,1207,014,NA,NA,NA,Fijo,19.40231814,-99.18069305,2014-12
948276,09011713943001191010000000U3,DEPORTIVO VENTURA MEDINA,PATRONATO,713944,Centros de acondicionamiento físico del sector público,0 a 5 personas,CALLE,EMILIANO ZAPATA,CALLE,NINGUNO,CALLE,MORELOS,CALLE,EJIDO (LAZARO CARDENAS),NA,SN,NA,NA,NA,NA,BARRIO,LA ASUNCION,NA,NA,NA,13510,09,Ciudad de México,011,Tláhuac,0021,San Juan Ixtayopan,1018,021,NA,NA,NA,Fijo,19.2423694,-98.99263462,2014-12
8539341,09014713944000075001000000U1,DEPORTIVO VICENTE SALDIVAR,ALCALDIA BENITO JUAREZ,713944,Centros de acondicionamiento físico del sector público,31 a 50 personas,CALLE,FERNANDO MONTES DE OCA,CALLE,ANTONIO RODRIGUEZ,CALLE,SAN SIMON,CALLE,MARIO ROJAS AVENDAÑO,286,NA,NA,NA,NA,NA,COLONIA,SAN SIMÓN TICUMAC,NA,NA,NA,03660,09,Ciudad de México,014,Benito Juárez,0001,Benito Juárez,0651,037,NA,NA,WWW.ALCALDIABENITOJUAREZ,Fijo,19.37561383,-99.14412581,2019-11
11180084,09005713943005071000000000U5,DIAMOND STUDIO,NA,713943,Centros de acondicionamiento físico del sector privado,0 a 5 personas,CALLE,MATAGALPA,CALLE,MOYOBAMBA,CALZADA,TICOMAN,CALLE,MANIZALES,1008,NA,NA,NA,NA,NA,COLONIA,RESIDENCIAL ZACATENCO,NA,NA,NA,07369,09,Ciudad de México,005,Gustavo A. Madero,0001,Gustavo A. Madero,0633,004,NA,NA,NA,Fijo,19.50049953,-99.12560694,2024-11
11317959,09017713943001612000000000U5,DIAMOND.BUNKER,NA,713943,Centros de acondicionamiento físico del sector privado,6 a 10 personas,CALLE,LABRADORES,CALLE,HOJALATERIA,AVENIDA,FERROCARRIL DE CINTURA,CALLE,MECANICOS,50,NA,NA,NA,NA,NA,COLONIA,MORELOS,NA,NA,NA,15270,09,Ciudad de México,017,Venustiano Carranza,0001,Venustiano Carranza,0225,005,5535555260,NA,NA,Fijo,19.44344948,-99.1204503,2024-11
896397,09015713943001631010000000U9,DIMITROVA GYMNASTICS,NA,713943,Centros de acondicionamiento físico del sector privado,0 a 5 personas,CALLE,AGUASCALIENTES,CALLE,CHILPANCINGO,CALLE,IZTACCIHUATL,CALLE,CAMPECHE,155,NA,NA,NA,NA,C,COLONIA,HIPÓDROMO,NA,NA,NA,06100,09,Ciudad de México,015,Cuauhtémoc,0001,Cuauhtémoc,1341,002,NA,DIMITROVGYMNASTIC@GMAIL.COM,WWW.DIMITROVGYMNASTIC.COM,Fijo,19.40793963,-99.1690221,2014-12
8528541,09010713943001362001000000U2,DISEÑO Y ARTE EN SU JARDIN,NA,713943,Centros de acondicionamiento físico del sector privado,0 a 5 personas,CALLE,CARRETERA SAN MATEO TLALTENANGO SANTA ROSA XOCHIAC,CERRADA,NINGUNO,CERRADA,NINGUNO,CERRADA,NINGUNO,18,NA,NA,NA,NA,NA,PUEBLO,SANTA ROSA XOCHIAC,NA,NA,NA,01830,09,Ciudad de México,010,Álvaro Obregón,0001,Álvaro Obregón,1769,058,NA,NA,NA,Fijo,19.33326638,-99.28639162,2019-11
10954872,09012713943002741000000000U2,DOIT FITNESS,DOIT FITNESS,713943,Centros de acondicionamiento físico del sector privado,0 a 5 personas,CALLE,LA ACEQUIA,AVENIDA,PROLONGACION DIVISION DEL NORTE,CALZADA,ACOXPA,CALLE,HACIENDA COACALCO,75,B,NA,NA,NA,NA,COLONIA,PRADO COAPA TERCERA SECCIÓN,NA,NA,NA,14357,09,Ciudad de México,012,Tlalpan,0001,Tlalpan,0708,028,5613844020,NA,NA,Fijo,19.29169355,-99.13038836,2024-11
8192657,09007713943004261000000000U9,DONT STOP THE MUSIC,DANIEL CARDENAS,713943,Centros de acondicionamiento físico del sector privado,0 a 5 personas,CALLE,ZARAGOZA,CALLE,MIGUEL HIDALGO,CALLE,CUAUHTEMOC,CALLE,MOCTEZUMA,NA,SN,NA,NA,NA,NA,PUEBLO,SANTIAGO ACAHUALTEPEC,NA,NA,NA,09600,09,Ciudad de México,007,Iztapalapa,0001,Iztapalapa,2564,012,5561659948,NA,NA,Fijo,19.35408404,-99.00397194,2019-11
8616386,09004713944000062001000000U0,DOPORTIVO TINAJAS,ALCALDIA DE CUAJIMALPA,713944,Centros de acondicionamiento físico del sector público,11 a 30 personas,CALLE,PROLONGACION JUAREZ,CALLE,CALLEJON DE LA VIA,CALLE,PINO SUAREZ,CALLE,CALLEJON JUSTO SIERRA,NA,SN,NA,NA,NA,NA,COLONIA,CONTADERO,NA,NA,NA,05370,09,Ciudad de México,004,Cuajimalpa de Morelos,0001,Cuajimalpa de Morelos,0123,017,NA,NA,NA,Fijo,19.35186577,-99.28630916,2019-11
9825690,09003713943002611000000000U6,DOYANG SUPERKICK,VICTOR FLORES,713943,Centros de acondicionamiento físico del sector privado,0 a 5 personas,AVENIDA,ESCUINAPA,CALLE,AMATL,CALLE,PASCLE,CALLE,COYAMEL,NA,SN,NA,NA,NA,NA,COLONIA,PEDREGAL DE SANTO DOMINGO,NA,NA,NA,04369,09,Ciudad de México,003,Coyoacán,0001,Coyoacán,1162,004,5545841223,NA,NA,Fijo,19.33059501,-99.16507106,2024-11
794528,09005611621000782002000000U7,EAGLES GYM,SPORT LIFE GIM,713943,Centros de acondicionamiento físico del sector privado,0 a 5 personas,EJE VIAL,3 ORIENTE AVENIDA INGENIERO EDUARDO MOLINA,CALLE,ORIENTE 87,CALLE,ORIENTE 85,CALLE,NORTE 78-A,4435,NA,NA,NA,NA,NA,COLONIA,NUEVA TENOCHTITLÁN,NA,NA,NA,07890,09,Ciudad de México,005,Gustavo A. Madero,0001,Gustavo A. Madero,2288,044,5539955516,NA,NA,Fijo,19.45589703,-99.10727593,2010-07
6429534,09002713943000021000000000U2,EDER GYM GIMNASIO,NA,713943,Centros de acondicionamiento físico del sector privado,0 a 5 personas,CALLE,CERRADA SOFIA EUGENIA,CALLE,ANGELES,CALLE,ROSARIO,CERRADA,CERRADA DEL DEPORTIVO,11,NA,NA,NA,NA,NA,PUEBLO,SANTA BÁRBARA,NA,NA,NA,02230,09,Ciudad de México,002,Azcapotzalco,0001,Azcapotzalco,0133,009,5553827955,NA,NA,Fijo,19.49773063,-99.18272395,2010-07
9436626,09014713943001883001000000U9,E-E GYM,E-E GYM,713943,Centros de acondicionamiento físico del sector privado,6 a 10 personas,EJE VIAL,1 PONIENTE AVENIDA CUAUHTEMOC,EJE VIAL,7-A SUR (GENERAL EMILIANO ZAPATA),CALLE,SANTISIMA,CALLE,PROLONGACION YACATAS,1396,NA,NA,NA,NA,NA,COLONIA,SANTA CRUZ ATOYAC,NA,NA,NA,03310,09,Ciudad de México,014,Benito Juárez,0001,Benito Juárez,0844,025,NA,NA,NA,Fijo,19.3674671,-99.16190532,2023-11
7261827,09010713943001841001000000U5,EFECTO FITNESS GYM,NA,713943,Centros de acondicionamiento físico del sector privado,6 a 10 personas,CALLE,10,CALLE,TOLTECAS,AVENIDA,CENTRAL,CALLE,16,83,NA,NA,17,NA,NA,COLONIA,SAN PEDRO DE LOS PINOS,CENTRO Y PLAZA COMERCIAL,PLAZA TOLTECA,40,01280,09,Ciudad de México,010,Álvaro Obregón,0001,Álvaro Obregón,0135,004,NA,NA,NA,Fijo,19.38972126,-99.19267974,2019-11
10453478,09016713943001741000000000U4,EGO GYM ACADEMIA,EGO GYM ACADEMIA,713943,Centros de acondicionamiento físico del sector privado,0 a 5 personas,CALLE,LAGO MAYOR,CALLE,LAGO GARDA,AVENIDA,MARINA NACIONAL,CALLE,LAGO MASK,38,NA,NA,NA,NA,NA,COLONIA,LOS MANZANOS,NA,NA,NA,11460,09,Ciudad de México,016,Miguel Hidalgo,0001,Miguel Hidalgo,0177,030,NA,NA,NA,Fijo,19.45036619,-99.18533669,2024-11
876294,09014713943000452001000000U4,EGOS GYM,OGIMSA,713943,Centros de acondicionamiento físico del sector privado,0 a 5 personas,EJE VIAL,5 SUR AVENIDA SAN ANTONIO,CALLE,AUGUSTO RODIN,CALLE,JOSE CLEMENTE OROZCO,CALLE,PLAZA JOSE CLEMENTE OROZCO,200,NA,NA,NA,NA,NA,COLONIA,CIUDAD DE LOS DEPORTES,NA,NA,NA,03710,09,Ciudad de México,014,Benito Juárez,0001,Benito Juárez,0562,017,5591165266,LIUS.JUAREZ@BREVA.BIZ,NA,Fijo,19.38511544,-99.18171803,2010-07
10536735,09007713943006901000000000U8,EGOS GYM,NA,713943,Centros de acondicionamiento físico del sector privado,0 a 5 personas,CALLE,ESTADO DE VERACRUZ,CALLE,GRECIA,CALLE,VILLA FRANQUEZA,CALLE,JOSE MARIA MORELOS Y PAVON,18,NA,NA,NA,NA,NA,COLONIA,SAN JOSÉ BUENAVISTA,NA,NA,NA,09700,09,Ciudad de México,007,Iztapalapa,0001,Iztapalapa,4109,028,NA,NA,NA,Fijo,19.32334569,-99.03390076,2024-11
835190,09007811111003351000000000U3,EJERCICIOS FUNCIONALES,FIT LLOVET,713943,Centros de acondicionamiento físico del sector privado,0 a 5 personas,CALLE,FLOR DE LIRIO,AVENIDA,4,AVENIDA,DEL ARBOL,CALLE,FLOR DE DALIA,2,MANZANA 52,NA,NA,NA,NA,COLONIA,LOMAS DE SAN LORENZO,NA,NA,NA,09780,09,Ciudad de México,007,Iztapalapa,0001,Iztapalapa,2051,008,5572674475,NA,NA,Fijo,19.31651362,-99.05968531,2010-07
11278285,09014713943002001000000000U7,EL BARRIO FITNES,PATRICIA CANO,713943,Centros de acondicionamiento físico del sector privado,0 a 5 personas,AVENIDA,DOCTOR JOSE MARIA VERTIZ,CALLE,ISABEL LOZANO VIUDA DE BETTY,CALLE,BARTOLOME R SALIDO,AVENIDA,DOCTOR JOSE MARIA VERTIZ,1054,NA,NA,NA,NA,A,COLONIA,VÉRTIZ NARVARTE,NA,NA,NA,03600,09,Ciudad de México,014,Benito Juárez,0001,Benito Juárez,0454,007,NA,NA,NA,Fijo,19.38298442,-99.15247455,2024-11
9651823,09012713943002732000000000U1,EL CLUB,NA,713943,Centros de acondicionamiento físico del sector privado,6 a 10 personas,CALZADA,ACOXPA,RETORNO,1 DE ACOXPA,CALLE,EL BORDO,OTRO(ESPECIFIQUE),AREA VERDE,295,NA,NA,NA,NA,NA,COLONIA,VILLA LÁZARO CÁRDENAS,NA,NA,NA,14370,09,Ciudad de México,012,Tlalpan,0001,Tlalpan,045A,026,5563408618,ELCLUB.ST@GMAIL.COM,NA,Fijo,19.29934151,-99.14239936,2024-11
10589455,09012713943002961000000000U6,EL CLUB FITS,NA,713943,Centros de acondicionamiento físico del sector privado,0 a 5 personas,CERRADA,CEDRO,AVENIDA,CRUZ BLANCA,CERRADA,COLORINES,CALLE,TEJOCOTES,NA,SN,NA,NA,NA,NA,PUEBLO,SAN MIGUEL TOPILEJO,NA,NA,NA,14500,09,Ciudad de México,012,Tlalpan,0027,San Miguel Topilejo,1763,042,NA,NA,NA,Fijo,19.20044836,-99.15012183,2024-11
10742663,09007713943007881000000000U1,EL FIT DEL MUNDO,NA,713943,Centros de acondicionamiento físico del sector privado,0 a 5 personas,CALLE,PINO SUAREZ,CALLE,CARRIL,CALLE,PRIMERO DE MAYO,CALLE,GASTON SANTOS,8,MZ21,NA,NA,NA,NA,COLONIA,SAN MIGUEL TEOTONGO SECCIÓN GUADALUPE,NA,NA,NA,09630,09,Ciudad de México,007,Iztapalapa,0001,Iztapalapa,2954,008,5513406198,NA,NA,Fijo,19.34223682,-98.98525543,2024-11
9642514,09015713943002701000000000U9,EL RINCON DEL BOXEO,NA,713943,Centros de acondicionamiento físico del sector privado,0 a 5 personas,CALLE,SANTA CRUZ ACATLAN,CALLE,CERRADA FRAY SERVANDO,CALLE,AGUSTIN DELGADO,CALLE,CERRADA FRAY SERVANDO,3,B,NA,NA,NA,NA,COLONIA,TRÁNSITO,NA,NA,NA,06820,09,Ciudad de México,015,Cuauhtémoc,0001,Cuauhtémoc,106A,005,NA,NA,NA,Fijo,19.42044917,-99.13302727,2024-11
8117358,09002713944000051001000000U7,EL TRIANGULO DE LA OBRERO POPULAR,GOBIERNO DE LA CIUDAD DE MEXICO ALCALDIA AZCAPOZALCO,713944,Centros de acondicionamiento físico del sector público,6 a 10 personas,CALLE,NORTE 67,CALLE,NINGUNO,CERRADA,NORTE 67,AVENIDA,CALZADA CAMARONES,NA,SN,NA,NA,NA,NA,MANZANA,OBRERO POPULAR,NA,NA,NA,02840,09,Ciudad de México,002,Azcapotzalco,0001,Azcapotzalco,0716,001,NA,NA,NA,Fijo,19.46487908,-99.17357403,2019-11
8882008,09015713943001842001000000U2,ELIT CENTER GYM,RODRIGO BOTELLO,713943,Centros de acondicionamiento físico del sector privado,0 a 5 personas,VIADUCTO,PRESIDENTE MIGUEL ALEMAN,CALLE,MANZANILLO,CALLE,PUERTO MEXICO,CALLE,BAJIO,155,NA,NA,NA,NA,NA,COLONIA,ROMA SUR,NA,NA,NA,06760,09,Ciudad de México,015,Cuauhtémoc,0001,Cuauhtémoc,145A,003,5570526807,GYMCFIT@GMAIL.COM,NA,Fijo,19.40209007,-99.16411061,2019-11
9007190,09013713943001842001000000U7,ELIT TEAM PRO GYM,ELIT TEAM PRO GYM,713943,Centros de acondicionamiento físico del sector privado,0 a 5 personas,CALLE,FRANCISCO I MADERO,CALLE,AMARANTO,CALLE,LICENCIADO MARIO ANTONIO GALERA,CALLE,AÑO DE JUAREZ,341,NA,NA,NA,NA,NA,COLONIA,QUIRINO MENDOZA,NA,NA,NA,16776,09,Ciudad de México,013,Xochimilco,0001,Xochimilco,1313,005,5532319149,NA,NA,Fijo,19.25704974,-99.02313437,2019-11
10113001,09016713943001921000000000U2,ELITE FITNES,NA,713943,Centros de acondicionamiento físico del sector privado,0 a 5 personas,CALZADA,MEXICO TACUBA,CALLE,MAR ARABIGO,CALLE,MAR OKHOTSK,CALLE,MAR MEDITERRANEO,737,NA,NA,NA,NA,NA,COLONIA,TACUBA,NA,NA,NA,11410,09,Ciudad de México,016,Miguel Hidalgo,0001,Miguel Hidalgo,0054,003,NA,NA,NA,Fijo,19.45891396,-99.18606292,2024-11
677491,09005713943001751000000000U6,ELITE FITNESS,NA,713943,Centros de acondicionamiento físico del sector privado,0 a 5 personas,CALLE,HENRY FORD,CALLE,NORTE 70-A,CALLE,NORTE 72,AVENIDA,ORIENTE 107,3617,NA,NA,NA,NA,NA,COLONIA,BONDOJITO,NA,NA,NA,07850,09,Ciudad de México,005,Gustavo A. Madero,0001,Gustavo A. Madero,1862,015,5520797444,NA,NA,Fijo,19.46576265,-99.1067912,2014-12
10265378,09013713943002211000000000U4,ELITE TEAM PRO,NA,713943,Centros de acondicionamiento físico del sector privado,0 a 5 personas,CALLE,AÑO DE JUAREZ,CALLE,HERMENEGILDO GALEANA,CERRADA,NINGUNO,CERRADA,RETORNO DEL BOSQUE,NA,SN,NA,NA,NA,NA,COLONIA,QUIRINO MENDOZA,NA,NA,NA,16710,09,Ciudad de México,013,Xochimilco,0001,Xochimilco,0692,001,5532319149,NA,NA,Fijo,19.25925896,-99.02711196,2024-11
10961445,09013713943002241000000000U1,ELITE TEAM PRO SANTIAGO,NA,713943,Centros de acondicionamiento físico del sector privado,0 a 5 personas,CALLE,REDENCION,CALLE,MAIZ,CALLE,ACUEDUCTO,CALLE,MAIZ,150,NA,NA,1,9,NA,COLONIA,SANTIAGO TEPALCATLALPAN,CENTRO Y PLAZA COMERCIAL,PLAZA XOCHIMILCO,SN,16200,09,Ciudad de México,013,Xochimilco,0001,Xochimilco,0404,001,NA,NA,NA,Fijo,19.25419772,-99.11486459,2024-11
884487,09014713943000902000000000U8,ENERGIA TOTAL,NA,713943,Centros de acondicionamiento físico del sector privado,6 a 10 personas,CALLE,EMPRESA,CIRCUITO,INTERIOR (AVENIDA PATRIOTISMO),CALLE,POUSSIN,EJE VIAL,7 SUR (EXTREMADURA),21,NA,NA,NA,1,NA,COLONIA,INSURGENTES MIXCOAC,NA,NA,NA,03920,09,Ciudad de México,014,Benito Juárez,0001,Benito Juárez,0702,021,5562782739,NA,NA,Fijo,19.37602216,-99.18640215,2012-06
9230061,09014713943001833001037998M4,ENERGY FITNESS CORPORATIVO,NEW EVOLUTION FITNESS MEXICO,713943,Centros de acondicionamiento físico del sector privado,31 a 50 personas,CALLE,DAKOTA,CALLE,ALTADENA,CALLE,ARIZONA,CALLE,CHICAGO,95,NA,NA,NA,0,SN,COLONIA,NÁPOLES,EDIFICIO COMERCIAL Y DE SERVICIOS,DAKOTA 95,17,3810,09,Ciudad de México,014,Benito Juárez,0001,Benito Juárez,0204,010,NA,JJIMENEZ@NEV.COM,ENERGYFITNESS.COM.MX,Fijo,19.39492935,-99.17486277,2020-04
9229612,09010713943002063000037998S5,ENERGY FITNESS PARQUES POLANCO,NEW EVOLUTION FITNESS MEXICO,713943,Centros de acondicionamiento físico del sector privado,31 a 50 personas,CALLE,LAGO ALBERTO,CALLE,LAGO MAYOR,AVENIDA,GENERAL MARIANO ESCOBEDO,CALLE,LAGUNA DE MAYRAN,320,NA,NA,1,3,NA,COLONIA,GRANADA,CENTRO Y PLAZA COMERCIAL,PARQUES POLANCO,3,11320,09,Ciudad de México,016,Miguel Hidalgo,0001,Miguel Hidalgo,0478,003,NA,JJIMENEZ@NEV.COM,ENERGYFITNESS.COM.MX,Fijo,19.43991325,-99.18478515,2020-04
9230675,09016713943001503001037998S8,ENERGY FITNESS SAMARA,NEW EVOLUTION FITNESS MEXICO,713943,Centros de acondicionamiento físico del sector privado,11 a 30 personas,CALLE,ANTONIO DOVALÍ JAIME,AVENIDA,JAVIER BARROS SIERRA,CALLE,PROLONGACIÓN AVENIDA SANTA FE,OTRO(ESPECIFIQUE),NINGUNO,70,NA,NA,NA,NA,NA,COLONIA,SANTA FE,CENTRO Y PLAZA COMERCIAL,SAMARA,2,1210,09,Ciudad de México,010,Álvaro Obregón,0001,Álvaro Obregón,1542,053,NA,JJIMENEZ@NEV.MX,ENERGYFITNESS.COM.MX,Fijo,19.36720336,-99.25936657,2020-04
6738243,09002713943000834002037998S8,ENERGY FITNESS VALLEJO,NEW EVOLUTION FITNESS MEXICO,713943,Centros de acondicionamiento físico del sector privado,31 a 50 personas,EJE VIAL,1 PONIENTE (CALZADA VALLEJO),EJE VIAL,4 NORTE (PONIENTE 128),CALLE,PONIENTE 122,CALLE,NORTE 35,1090,NA,CENTRO Y PLAZA COMERCIAL,18,208,A,COLONIA,INDUSTRIAL VALLEJO,CENTRO Y PLAZA COMERCIAL,PARQUE VIA VALLEJO,A 208 Y A 308,2340,09,Ciudad de México,002,Azcapotzalco,0001,Azcapotzalco,0877,027,NA,RECEPCIONVALLEJO@ENERGYFITNESS.COM.MX,WWW.ENERGYFITNESS.COM.MX2007,Fijo,19.48749487,-99.15154021,2016-10
9230060,09014713943001823000037998S5,ENERGY FITNESS WTC,NEW EVOLUTION FITNESS MEXICO,713943,Centros de acondicionamiento físico del sector privado,51 a 100 personas,CALLE,DAKOTA,CALLE,ALTADENA,CALLE,ARIZONA,AVENIDA,AVENIDA DEL PARQUE,95,NA,NA,NA,NA,NA,COLONIA,NÁPOLES,NA,NA,NA,3810,09,Ciudad de México,014,Benito Juárez,0001,Benito Juárez,0204,010,NA,JJIMENEZ@NEV.COM,ENERGYFITNESS.COM.MX,Fijo,19.39538965,-99.17456554,2020-04
959635,09014713943000081002000000U1,ENERGYM,NA,713943,Centros de acondicionamiento físico del sector privado,0 a 5 personas,CALLE,PITAGORAS,AVENIDA,DIAGONAL SAN ANTONIO,EJE VIAL,4 SUR (XOLA),CALLE,PESTALOZZI,1115,NA,NA,NA,NA,NA,COLONIA,NARVARTE PONIENTE,NA,NA,NA,03020,09,Ciudad de México,014,Benito Juárez,0001,Benito Juárez,0064,016,NA,NA,NA,Fijo,19.39584001,-99.15762645,2010-07
928293,09010713943001151000000000U9,ENERGYM,NA,713943,Centros de acondicionamiento físico del sector privado,0 a 5 personas,CALLE,LUIS ECHEVERRIA,CERRADA,FLOR DE SAN JUAN,AVENIDA,29 DE OCTUBRE,CALLE,GLORIA,3,NA,NA,NA,NA,NA,COLONIA,TORRES DE POTRERO,NA,NA,NA,01840,09,Ciudad de México,010,Álvaro Obregón,0001,Álvaro Obregón,1684,020,NA,NA,NA,Fijo,19.32883783,-99.25536236,2014-12
684760,09002713943000542002000000U7,ENERGYM,NA,713943,Centros de acondicionamiento físico del sector privado,6 a 10 personas,EJE VIAL,3 NORTE CUITLAHUAC,CALLE,16,CALLE,PINO,CALLE,OLEODUCTO,1142,NA,NA,NA,NA,NA,COLONIA,LIBERACIÓN,NA,NA,NA,02930,09,Ciudad de México,002,Azcapotzalco,0001,Azcapotzalco,0561,021,5554131643,RENE_REYESM@HOTMAIL.COM,NA,Fijo,19.47303865,-99.15243468,2014-12
10226152,09013713943002101000000000U7,ENERGYM XOCHIMILCO,CLAUDIA GUZMAN,713943,Centros de acondicionamiento físico del sector privado,0 a 5 personas,CALLE,BOMBAS,CALLE,ANTIGUO CAMINO A SAN MATEO,CALLE,ANTIGUO CAMINO A SANTIAGO,CALLE,ANTIGUO CAMINO A SAN MATEO,3,NA,NA,NA,NA,NA,PUEBLO,SAN LUCAS XOCHIMANCA,NA,NA,NA,16300,09,Ciudad de México,013,Xochimilco,0001,Xochimilco,0391,002,5572754765,NA,NA,Fijo,19.24601441,-99.11678254,2024-11
9942639,09010713943002521000000000U2,ENTERLINE,GABRIELA MORALES,713943,Centros de acondicionamiento físico del sector privado,0 a 5 personas,AVENIDA,REVOLUCION,CALLE,DOCTOR GALVEZ,CALLE,MADERO,CALLE,MADERO,1767,NA,NA,NA,6,NA,COLONIA,SAN ÁNGEL,NA,NA,NA,01000,09,Ciudad de México,010,Álvaro Obregón,0001,Álvaro Obregón,1203,009,5560040168,YOGATERAPIAMEXICO@GMAIL.COM,NA,Fijo,19.34416927,-99.19043428,2024-11
11768674,09016713943002042000000000U6,ENTRENAMIENTO,RINNUVA FITNES,713943,Centros de acondicionamiento físico del sector privado,6 a 10 personas,CALLE,GUTENBERG,CALLE,BRADLEY,CALLE,LEIBNITZ,CALLE,COPERNICO,194,NA,NA,NA,NA,NA,COLONIA,ANZURES,NA,NA,NA,11590,09,Ciudad de México,016,Miguel Hidalgo,0001,Miguel Hidalgo,0694,004,NA,NA,WWW.RINNUVA.COM,Fijo,19.43173619,-99.17885226,2025-04
10791754,09006713943001321000000000U6,ENTRENAMIENTO FISICO Y FUNCIONAL FIT AT WORK,DAVID CORTES,713943,Centros de acondicionamiento físico del sector privado,0 a 5 personas,CALLE,SUR 4,CALLE,ORIENTE 225,CALLE,ORIENTE 227,CALLE,SUR 2,60,NA,NA,NA,NA,NA,COLONIA,AGRÍCOLA ORIENTAL,NA,NA,NA,08500,09,Ciudad de México,006,Iztacalco,0001,Iztacalco,0185,018,NA,NA,NA,Fijo,19.40414627,-99.07894649,2024-11
9773274,09005713943004861000000000U0,ENTRENAMIENTO GENETICO,NA,713943,Centros de acondicionamiento físico del sector privado,0 a 5 personas,EJE VIAL,3 NORTE NOE,CALLE,GRACIELA,CALLE,LIDIA,CALLE,EZEQUIEL,57,NA,NA,NA,NA,NA,COLONIA,GUADALUPE TEPEYAC,NA,NA,NA,07840,09,Ciudad de México,005,Gustavo A. Madero,0001,Gustavo A. Madero,1824,015,5545792851,NA,WWW.ENTRENAMIENTOGENETICO.COM.MX,Fijo,19.46651188,-99.12029428,2024-11
9753893,09014713943002111000000000U4,ERIMIA FITNESS,ERIMIA,713943,Centros de acondicionamiento físico del sector privado,0 a 5 personas,EJE VIAL,8 SUR JOSE MARIA RICO,CALLE,MORAS,CALLE,PATRICIO SANZ,CALLE,PARROQUIA,228,NA,NA,NA,NA,NA,COLONIA,DEL VALLE SUR,NA,NA,NA,03100,09,Ciudad de México,014,Benito Juárez,0001,Benito Juárez,0806,002,NA,NA,NA,Fijo,19.36816761,-99.17559361,2024-11
10698059,09005713943004631000000000U7,ESCALADORAS,NA,713943,Centros de acondicionamiento físico del sector privado,0 a 5 personas,CALLE,FLORIDA,CALLE,JOAQUIN PARDAVE,CALLE,ESTRELLA,CALLE,LAZARO CARDENAS,2,C,NA,NA,NA,C,COLONIA,EL TEPETATAL,NA,NA,NA,07130,09,Ciudad de México,005,Gustavo A. Madero,0001,Gustavo A. Madero,3252,006,5562142749,NA,NA,Fijo,19.56149308,-99.13984547,2024-11
8530324,09014713943001431000000000U7,ESCOLA MENTE E CORPO,NA,713943,Centros de acondicionamiento físico del sector privado,0 a 5 personas,CALLE,NAVARRA,EJE VIAL,4 SUR (XOLA),CALLE,CORRESPONDENCIA,CALLE,GALICIA,210,A,NA,NA,NA,NA,COLONIA,ALAMOS,NA,NA,NA,03400,09,Ciudad de México,014,Benito Juárez,0001,Benito Juárez,012A,006,NA,NA,NA,Fijo,19.39393588,-99.14553411,2019-11
894993,09015611621000742010000000U0,ESCUADRON CROSS FITNESS GIMNASIO,CROSS FITNESS,713943,Centros de acondicionamiento físico del sector privado,6 a 10 personas,CALLE,LONDRES,CALLE,GENOVA,CALLE,NIZA,CALLE,LIVERPOOL,106,NA,CIENTO CUATRO,1,104,NULO,COLONIA,JUÁREZ,NA,NA,NA,06600,09,Ciudad de México,015,Cuauhtémoc,0001,Cuauhtémoc,095A,002,5552073421,THIDE_HER@HOTMAIL.COM,NA,Fijo,19.42566355,-99.16335221,2014-12
11458784,09002713943001511000000000U1,ESCUELA BOX,JAVIER DIAZ,713943,Centros de acondicionamiento físico del sector privado,0 a 5 personas,CALLE,NORTE 73,CALLE,RABAUL,CALLE,AQUILES ELORDUY,CALLE,NORTE 75,332,NA,NA,NA,NA,NA,COLONIA,JARDÍN AZPEITIA,NA,NA,NA,02530,09,Ciudad de México,002,Azcapotzalco,0001,Azcapotzalco,0519,023,NA,NA,NA,Fijo,19.47435418,-99.1741767,2024-11
10482876,09017713943001681000000000U0,ESCUELA DE BOX MAROMAS,ESCUELA DE BOX MAROMAS,713943,Centros de acondicionamiento físico del sector privado,0 a 5 personas,CALLE,ABRAHAM OLVERA,CALLE,ROSARIO,CALLE,SAN CIPRIAN,CALLE,GENERAL ANAYA,47,NA,NA,17,NA,NA,COLONIA,ZONA CENTRO,CENTRO Y PLAZA COMERCIAL,MERCED 2000,SN,15810,09,Ciudad de México,017,Venustiano Carranza,0001,Venustiano Carranza,0583,005,5615233474,NA,NA,Fijo,19.42603579,-99.12308254,2024-11
11127622,09012713943002831000000000U1,ESCUELA DE BOX RABIT,ESCUELA DE BOX RABIT,713943,Centros de acondicionamiento físico del sector privado,0 a 5 personas,CALLE,GUADALUPE VICTORIA,CALLE,IGNACIO ALLENDE,CALLE,EMILIANO ZAPATA,CALLE,EMILIANO ZAPATA,NA,SN,NA,17,NA,NA,PUEBLO,SANTO TOMÁS AJUSCO,CENTRO Y PLAZA COMERCIAL,CENTRO PLAZA COMERCIAL,SN,14710,09,Ciudad de México,012,Tlalpan,0026,San Miguel Ajusco,1532,026,NA,NA,NA,Fijo,19.22208598,-99.20622346,2024-11
10323769,09007713943007061000000000U0,ESCUELA DE FUTBOL SIN NOMBRE,NA,713943,Centros de acondicionamiento físico del sector privado,0 a 5 personas,CALLE,JOAQUIN HERRERA,CALLE,JOAQUIN HERRERA,CALLE,MANUEL AVILA CAMACHO,AVENIDA,BENITO JUAREZ,62,C,NA,NA,NA,NA,COLONIA,PRESIDENTES DE MÉXICO,NA,NA,NA,09740,09,Ciudad de México,007,Iztapalapa,0001,Iztapalapa,5018,012,5560610859,NA,NA,Fijo,19.33458158,-99.06136469,2024-11
846788,09006611622000171010000000U9,ESCUELA TECNICA DE AQUAEROBICS,DIRECCION DE LA MAGDALENA MIXIHUCA,713944,Centros de acondicionamiento físico del sector público,0 a 5 personas,VIADUCTO,RIO DE LA PIEDAD,CIRCUITO,INTERIOR (AVENIDA RIO CHURUBUSCO),CALLE,ORIENTE 217,EJE VIAL,3 SUR (AÑIL),NA,SN,NA,NA,NA,NA,COLONIA,GRANJAS MÉXICO,NA,NA,NA,08400,09,Ciudad de México,006,Iztacalco,0001,Iztacalco,0151,001,5559890987,NA,NA,Fijo,19.40824265,-99.0913498,2010-07
7717800,09003713943001911000000000U1,ESPACIO DE BELLEZA INTEGRAL,NA,713943,Centros de acondicionamiento físico del sector privado,0 a 5 personas,EJE VIAL,1 ORIENTE AVENIDA CANAL DE MIRAMONTES,CALZADA,CALZADA DE LA VIRGEN,AVENIDA,AVENIDA DEL PARQUE,CALZADA,CALZADA DE LA VIRGEN,2161,NA,NA,NA,NA,NA,COLONIA,AVANTE,NA,NA,NA,04460,09,Ciudad de México,003,Coyoacán,0001,Coyoacán,0709,025,NA,BELLEZAINTEGRAL@ESBI.COM.MX,NA,Fijo,19.33252331,-99.13713217,2019-11
11363321,09010713943002311000000000U8,ESPACIO FITNESS,NA,713943,Centros de acondicionamiento físico del sector privado,0 a 5 personas,CALLE,PRIMAVERA,CALLE,PROGRESO,CALLE,CORREGIDORA,CALLE,GALEANA,56,NA,NA,NA,3,NA,COLONIA,SANTA FE,NA,NA,NA,01210,09,Ciudad de México,010,Álvaro Obregón,0001,Álvaro Obregón,0296,006,5611787813,NA,NA,Fijo,19.38245993,-99.24029585,2024-11
11700619,09016713943001931000000000U1,ESPACIO PURPURA,NA,713943,Centros de acondicionamiento físico del sector privado,0 a 5 personas,CALLE,CAPITAN MARTINEZ DE CASTRO,AVENIDA,GENERAL PEDRO ANTONIO DE LOS SANTOS,CALLE,GOBERNADOR PROTASIO PEREZ DE TAGLE,CALLE,FERNANDO MONTES DE OCA,1,NA,NA,NA,NA,NA,COLONIA,SAN MIGUEL CHAPULTEPEC II SECCIÓN,NA,NA,NA,11850,09,Ciudad de México,016,Miguel Hidalgo,0001,Miguel Hidalgo,0891,013,NA,NA,NA,Fijo,19.41537491,-99.18141391,2024-11
10388278,09013713943002181000000000U9,ESPACIOS PARA FINES EDUCATIVOS Y DEPORTIVOS PICKLEBALL,NA,713943,Centros de acondicionamiento físico del sector privado,0 a 5 personas,CALLE,CUAUHTEMOC,CALLE,PRIVADA NIÑOS HEROES,CALLE,CAMINO A LA PIEDRA DEL COMAL,CERRADA,LABERINTO DE CRETA,320,NA,NA,NA,NA,NA,PUEBLO,SANTA MARÍA TEPEPAN,NA,NA,NA,16020,09,Ciudad de México,013,Xochimilco,0001,Xochimilco,0067,004,3312270282,NA,NA,Fijo,19.26910022,-99.14012297,2024-11
1020540,09012931210001194012000000U5,ESTACION CICLOPISTA CIMA TOPILEJO,NA,713944,Centros de acondicionamiento físico del sector público,31 a 50 personas,CARRETERA,LOCALIDAD 800,OTRO(ESPECIFIQUE),NINGUNO,OTRO(ESPECIFIQUE),NINGUNO,OTRO(ESPECIFIQUE),NINGUNO,NA,DOMICILIO CONOCIDO,NA,NA,NA,NA,LOCALIDAD,LA CIMA,NA,NA,NA,14500,09,Ciudad de México,012,Tlalpan,0118,La Cima,1250,800,NA,NA,NA,Fijo,19.11483732,-99.19554827,2010-07
9923805,09003713943002461000000000U6,ESTACIONAMIENTO AUXILIAR OLIMPUS GYM,NA,713943,Centros de acondicionamiento físico del sector privado,0 a 5 personas,AVENIDA,CHICOMOSTOC,CALLE,TOTONACAS,CALLE,CUAUHTEMOC,CALLE,TLALTECUHTLI,19,NA,NA,NA,NA,NA,COLONIA,AJUSCO,NA,NA,NA,04300,09,Ciudad de México,003,Coyoacán,0001,Coyoacán,0963,011,NA,NA,NA,Fijo,19.31185581,-99.16917266,2024-11
9866947,09013713944000191000000000U8,ESTACIONAMIENTO DEL DEPORTIVO ALCALDIA XOCHIMILCO,DIRECCION GENERAL JURIDICA Y DE GOBIERNO AUTOGENERADOS,713944,Centros de acondicionamiento físico del sector público,0 a 5 personas,CALLE,FRANCISCO GOYTIA,CALLE,NUEVA CARRETERA XOCHIMILCO TULYEHUALCO (16 DE SEPTIEMBRE),CALLE,REDENCION,CALLE,MAIZ,NA,DOMICILIO CONOCIDO,NA,NA,NA,NA,BARRIO,SAN PEDRO,NA,NA,NA,16090,09,Ciudad de México,013,Xochimilco,0001,Xochimilco,032A,001,NA,NA,NA,Semifijo,19.25621959,-99.10816182,2024-11
11250447,09003713944000151000000000U3,ESTACIONAMIENTO DEPORTIVO ROSARIO IGLESIAS ROCHA,INSTITUTO DEL DEPORTE DE LA CIUDAD DE MEXICO,713944,Centros de acondicionamiento físico del sector público,0 a 5 personas,CALZADA,CALZADA DEL HUESO,CALZADA,CALZADA DEL HUESO,CALLE,RANCHO DEL ARENAL,CALLE,RANCHO VISTA HERMOSA,NA,SN,NA,NA,400,NA,COLONIA,LOS SAUCES,NA,NA,NA,04940,09,Ciudad de México,003,Coyoacán,0001,Coyoacán,1444,025,NA,CENTRODEPORTIVORYR2024@GMAIL.COM,INDEPORTE.CDMX.GOB.MX,Fijo,19.30237012,-99.11992178,2024-11
8458238,09014713943001562001000000U9,ESTUDIO 21,NA,713943,Centros de acondicionamiento físico del sector privado,11 a 30 personas,AVENIDA,AVENIDA DE LAS AMERICAS,CERRADA,AMERICAS,CALLE,JUANA DE ARCO,AVENIDA,AVENIDA DE LAS AMERICAS,118,A,NA,NA,NA,NA,COLONIA,MODERNA,NA,NA,NA,03510,09,Ciudad de México,014,Benito Juárez,0001,Benito Juárez,0168,006,NA,SH0W21.STUDIO@GMAIL.COM,NA,Fijo,19.39453638,-99.13467861,2019-11
674766,09005713943002131000000000U0,ESTUDIO ARTE EN ESCENA,NA,713943,Centros de acondicionamiento físico del sector privado,0 a 5 personas,CALLE,NORTE 64,CALLE,ORIENTE 155,CALLE,ORIENTE 153,AVENIDA,FERROCARRIL HIDALGO,7814,NA,NA,NA,NA,NA,COLONIA,SALVADOR DÍAZ MIRÓN,NA,NA,NA,07400,09,Ciudad de México,005,Gustavo A. Madero,0001,Gustavo A. Madero,1307,028,5569958789,NA,NA,Fijo,19.48769982,-99.10124985,2014-12
8230195,09016713943001371001000000U0,ESTUDIO BENGALA,ESTUDIO BENGALA,713943,Centros de acondicionamiento físico del sector privado,11 a 30 personas,CALLE,ARQUIMEDES,AVENIDA,HOMERO,AVENIDA,EJERCITO NACIONAL MEXICANO,CALLE,LAMARTINE,183,NA,NA,NA,NA,NA,COLONIA,POLANCO V SECCIÓN,NA,NA,NA,11560,09,Ciudad de México,016,Miguel Hidalgo,0001,Miguel Hidalgo,0660,008,5534817699,CONTABENGAL@GMAIL.COM,WWW.BENGALAMX.COM,Fijo,19.43580291,-99.19064436,2019-11
11653566,09005713943004392000000000U6,ESTUDIO CARNAVAL,NA,713943,Centros de acondicionamiento físico del sector privado,6 a 10 personas,CALLE,ALFREDO CARRASCO,OTRO(ESPECIFIQUE),ARROYO,PRIVADA,ALFREDO CARRASCO,CALLE,PRIMERA CERRADA DE CANTERA,20,LOTE 2,NA,NA,NA,NA,COLONIA,FORESTAL,NA,NA,NA,07110,09,Ciudad de México,005,Gustavo A. Madero,0001,Gustavo A. Madero,2729,007,5533190708,NA,NA,Fijo,19.56519673,-99.13356165,2024-11
10628263,09005713943005342000000000U0,ESTUDIO CRONOS,NA,713943,Centros de acondicionamiento físico del sector privado,6 a 10 personas,CALLE,SAN MIGUEL,CALLE,MIGUEL LERDO DE TEJADA,PRIVADA,PRIMERA SAN MIGUEL,CALLE,J. S. GARRIDO,21,MZ 1,NA,NA,NA,NA,COLONIA,EL TEPETATAL,NA,NA,NA,07130,09,Ciudad de México,005,Gustavo A. Madero,0001,Gustavo A. Madero,3252,026,NA,NA,NA,Fijo,19.56175006,-99.13594049,2024-11
995021,09013812110005001010000000U2,ESTUDIO DE BAILE CONEXION LATINA,NA,713943,Centros de acondicionamiento físico del sector privado,0 a 5 personas,CALLE,CAMINO A NATIVITAS,CALLE,LIRIO ACUATICO,CALLE,BUGAMBILIA,CALLE,BUGAMBILIA,374,NA,NA,NA,NA,NA,BARRIO,XALTOCAN,NA,NA,NA,16090,09,Ciudad de México,013,Xochimilco,0001,Xochimilco,0334,001,5535258295,CONEXIONLATINACDMX@GMAIL.COM,NA,Fijo,19.25300454,-99.10220134,2010-07
9832056,09007713943006891000000000U1,ESTUDIO DE BAILE EL ZOTANO,NA,713943,Centros de acondicionamiento físico del sector privado,0 a 5 personas,CALLE,GERANIO,CALLE,LUIS DONALDO COLOSIO,CALLE,FRESNO,CALLE,LAUREL,NA,SN,NA,NA,NA,NA,COLONIA,CAMPESTRE POTRERO,NA,NA,NA,09637,09,Ciudad de México,007,Iztapalapa,0001,Iztapalapa,426A,045,NA,NA,NA,Fijo,19.32843336,-98.97739259,2024-11
9537839,09006713943001291000000000U1,ESTUDIO DE BALE TOXIC,NA,713943,Centros de acondicionamiento físico del sector privado,0 a 5 personas,CALLE,SUR 20,CALLE,ORIENTE 243C,CALLE,ORIENTE 245,CALLE,SUR 24,341,PISO 1,NA,NA,NA,NA,COLONIA,AGRÍCOLA ORIENTAL,NA,NA,NA,08500,09,Ciudad de México,006,Iztacalco,0001,Iztacalco,0522,003,5537093026,NA,NA,Fijo,19.39161827,-99.07171788,2024-11
6804423,09014713943001232002000000U9,ESTUDIO DE FITNES DOPA WELLNESS MEXICO CENTER,FITTBEAT,713943,Centros de acondicionamiento físico del sector privado,6 a 10 personas,CALLE,JUAN SANCHEZ AZCONA,AVENIDA,DIAGONAL SAN ANTONIO,CALLE,LUZ SAVIÑON,CALLE,NICOLAS SAN JUAN,529,NA,NA,NA,NA,NA,COLONIA,NARVARTE PONIENTE,NA,NA,NA,03020,09,Ciudad de México,014,Benito Juárez,0001,Benito Juárez,0257,017,NA,NA,NA,Fijo,19.3929869,-99.16057533,2017-11
11523174,09005713943004971000000000U7,ESTUDIO DOUX DREAM POLE,NA,713943,Centros de acondicionamiento físico del sector privado,0 a 5 personas,CALLE,SARA,CALLE,SAMUEL,EJE VIAL,3 NORTE (NOE),CALLE,OTILIA,4530,NA,NA,NA,NA,NA,COLONIA,GUADALUPE TEPEYAC,NA,NA,NA,07840,09,Ciudad de México,005,Gustavo A. Madero,0001,Gustavo A. Madero,181A,028,5540173368,NA,NA,Fijo,19.46649695,-99.11895817,2024-11
8182646,09005713943003531000000000U0,ESTUDIO FISSIC,NA,713943,Centros de acondicionamiento físico del sector privado,0 a 5 personas,CALLE,GENARO NUÑEZ,CALLE,MIGUEL LERDO DE TEJADA,CALLE,EMILIO URANGA,CALLE,PEÑAS NEGRAS,2,A MZ 69,NA,NA,NA,NA,COLONIA,EL TEPETATAL,NA,NA,NA,07130,09,Ciudad de México,005,Gustavo A. Madero,0001,Gustavo A. Madero,3252,008,5528221504,NA,NA,Fijo,19.56225764,-99.13779193,2019-11
692724,09016713943000741001000000U5,ESTUDIO PROFECIONAL ZUMBAE,ESTUDIO PROFECIONAL ZUMBAE,713943,Centros de acondicionamiento físico del sector privado,6 a 10 personas,AVENIDA,JALISCO,CALLE,TORDO,VIADUCTO,PRESIDENTE MIGUEL ALEMAN,CALLE,TORDO,254,NA,NA,NA,NA,NA,COLONIA,TACUBAYA,NA,NA,NA,11870,09,Ciudad de México,016,Miguel Hidalgo,0001,Miguel Hidalgo,1156,009,5526148686,NA,NA,Fijo,19.40017882,-99.18859376,2014-12
10852772,09005713943005141000000000U6,EVOLFI7,NA,713943,Centros de acondicionamiento físico del sector privado,0 a 5 personas,AVENIDA,HUITZILIHUITL,CALLE,QUETZALCOATL,CALLE,TLACAELEL,CALLE,CUITLAHUAC,14,NA,NA,NA,NA,NA,COLONIA,SANTA ISABEL TOLA,NA,NA,NA,07010,09,Ciudad de México,005,Gustavo A. Madero,0001,Gustavo A. Madero,0760,012,5542847201,EVOLFI7@GMAIL.COM,NA,Fijo,19.49379412,-99.11858929,2024-11
8612240,09007713943005252001000000U7,EVOLUTION FITNESS GIMNASIO,NA,713943,Centros de acondicionamiento físico del sector privado,0 a 5 personas,AVENIDA,SAMUEL GOMPERS,CALLE,63,CALLE,65,AVENIDA,14,142,NA,NA,NA,NA,NA,UNIDAD HABITACIONAL,SANTA CRUZ MEYEHUALCO,NA,NA,NA,09290,09,Ciudad de México,007,Iztapalapa,0001,Iztapalapa,4734,035,5572147910,NA,NA,Fijo,19.35047926,-99.0466185,2019-11
686315,09016713943000672001000000U2,EVOLUTION GYM CENTER,NA,713943,Centros de acondicionamiento físico del sector privado,0 a 5 personas,CALZADA,MEXICO TACUBA,CALLE,QUETZALCOATL,CALLE,TLALOC,CALLE,XOLOTL,30,NA,NA,NA,2,NA,COLONIA,TLAXPANA,NA,NA,NA,11370,09,Ciudad de México,016,Miguel Hidalgo,0001,Miguel Hidalgo,0213,004,5555354715,EVOGYM@OUTLOOK.ES,NA,Fijo,19.44394881,-99.16658779,2014-12
11531931,09017713943001741000000000U2,EXACTLY,NA,713943,Centros de acondicionamiento físico del sector privado,0 a 5 personas,AVENIDA,FRAY SERVANDO TERESA DE MIER,CALLE,SUR 107,CALLE,SUR 105,CALLE,PROLONGACION FERROCARRIL INDUSTRIAL,619,C,NA,NA,NA,NA,COLONIA,AERONÁUTICA MILITAR,NA,NA,NA,15970,09,Ciudad de México,017,Venustiano Carranza,0001,Venustiano Carranza,0719,001,5553498333,NA,NA,Fijo,19.42076468,-99.11605865,2024-11
967114,09014611611000382011000000U9,EXPRESSION DANCE STUDIO GIMNASIO,JUAN AME,713943,Centros de acondicionamiento físico del sector privado,0 a 5 personas,AVENIDA,DOCTOR JOSE MARIA VERTIZ,CALLE,PILARES,CALLE,MIGUEL LAURENT,CALLE,PALENQUE,1295,NA,NA,NA,NA,NA,COLONIA,LETRÁN VALLE,NA,NA,NA,03650,09,Ciudad de México,014,Benito Juárez,0001,Benito Juárez,0628,024,NA,EXPRESSIONDANCEESTUDIO@HOTMAIL.COM,WWW.EXPRESSIONDANCEGYM,Fijo,19.37493426,-99.15423379,2010-07
11388806,09006713943001551000000000U8,FABIOLA SALA JUMPING,NA,713943,Centros de acondicionamiento físico del sector privado,0 a 5 personas,AVENIDA,PUEBLA,CALLE,TLAXCALA,CALLE,4,CALLE,PRIMERA PRIVADA DE CALLE 4,33,NA,NA,NA,NA,NA,COLONIA,AGRÍCOLA PANTITLAN,NA,NA,NA,08100,09,Ciudad de México,006,Iztacalco,0001,Iztacalco,0128,004,NA,NA,NA,Fijo,19.40334916,-99.06434985,2024-11
11128720,09014713943002181000000000U7,FABY PILATES,NA,713943,Centros de acondicionamiento físico del sector privado,0 a 5 personas,CALLE,LA QUEMADA,CALZADA,OBRERO MUNDIAL,CALLE,CALETA,CALLE,MITLA,3915,NA,NA,18,NA,NA,COLONIA,NARVARTE ORIENTE,EDIFICIO COMERCIAL Y DE SERVICIOS,LA QUEMADA 3915,204,03023,09,Ciudad de México,014,Benito Juárez,0001,Benito Juárez,0079,010,5513477731,FISIO.CONTROLCORPORAL@GMAIL.COM,NA,Fijo,19.40136087,-99.14861202,2024-11
8530339,09004713943000532000000000U4,FAMA CLUB CENTRO DE INTEGRACION FAMILIAR,NA,713943,Centros de acondicionamiento físico del sector privado,6 a 10 personas,CALLE,ENCINO,CALLE,GANADEROS,CALLE,EBANO,CERRADA,COPALME,38,NA,NA,NA,NA,NA,COLONIA,SAN JOSÉ DE LOS CEDROS,NA,NA,NA,05200,09,Ciudad de México,004,Cuajimalpa de Morelos,0001,Cuajimalpa de Morelos,0053,007,NA,PACO.NAT7@YAHOO.COM.MX,WWW.FAMACLUB.COM,Fijo,19.37290358,-99.28818229,2019-11
7268218,09006713943001151000000000U7,FAMA GYM,NA,713943,Centros de acondicionamiento físico del sector privado,0 a 5 personas,EJE VIAL,5 ORIENTE JAVIER ROJO GOMEZ,AVENIDA,SUR 8,CALLE,SUR 12,CALLE,ORIENTE 237,NA,SN,NA,1,NA,NA,COLONIA,AGRÍCOLA ORIENTAL,PARQUE RECREATIVO,CENTRO SOCIAL POPULAR Y DEPORTIVO LEANDRO VALLE,2,08500,09,Ciudad de México,006,Iztacalco,0001,Iztacalco,0325,014,5514010060,NA,NA,Fijo,19.39861778,-99.07248961,2019-11
11748494,09005713943005451000000000U9,FARDUZ DANCE,NA,713943,Centros de acondicionamiento físico del sector privado,0 a 5 personas,CALLE,CAMINO A LA SECRETARIA A,CALLE,Puerto de Mazatlán,CALLE,Puerto Tampico,CALLE,Puerto Márquez,107,B,NA,NA,NA,NA,COLONIA,AMPLIACIÓN CASAS ALEMÁN,NA,NA,NA,07580,09,Ciudad de México,005,Gustavo A. Madero,0001,Gustavo A. Madero,1913,022,5526603818,NA,NA,Fijo,19.47844862,-99.08386627,2025-04
11556766,09015713943002721000000000U7,FC4 BOXING GYM,NA,713943,Centros de acondicionamiento físico del sector privado,0 a 5 personas,CALLE,RIO PANUCO,CALLE,RIO AMAZONAS,AVENIDA,RIO RHIN,CALZADA,MANUEL VILLALONGIN,29,NA,NA,NA,NA,NA,COLONIA,CUAUHTÉMOC,NA,NA,NA,06500,09,Ciudad de México,015,Cuauhtémoc,0001,Cuauhtémoc,0790,002,5525601504,FCBOXINFG06@GMAIL.COM,NA,Fijo,19.43216265,-99.16438232,2024-11
9434871,09012713943002583000000000U8,FEMAC PEDREGAL,FEMAC PEDREGAL,713943,Centros de acondicionamiento físico del sector privado,11 a 30 personas,CALLE,RINCONADA URANIO,CALLE,MANZANA O EDIFICACION CONTIGUA,AVENIDA,UNION,CALLE,FUENTE DE LOS MOLINOS,55,NA,NA,1,NA,NA,COLONIA,LOMAS DEL PEDREGAL FRAMBOYANES,CENTRO Y PLAZA COMERCIAL,RINCONADA URANIO 55,55,14150,09,Ciudad de México,012,Tlalpan,0001,Tlalpan,1369,026,NA,FEMACPEDREGAL@GMAIL.COM,NA,Fijo,19.30523985,-99.22143386,2023-11
820455,09007713943000801000000000U6,FEMIGYM,NA,713943,Centros de acondicionamiento físico del sector privado,0 a 5 personas,CALLE,JOSE MARIA GARZA,CALLE,IGNACIO ELIAS,CALLE,RINCONADA,CALLE,VICENTE DAVILA,18,MZ2,NA,NA,NA,NA,COLONIA,SAN JUAN JOYA,NA,NA,NA,09830,09,Ciudad de México,007,Iztapalapa,0001,Iztapalapa,2850,025,5534770209,GALERIAS@LIVE.COM.MX,NA,Fijo,19.33714943,-99.06609258,2010-07
11438171,09014713943002082000000000U7,FEVER,FEVER,713943,Centros de acondicionamiento físico del sector privado,6 a 10 personas,AVENIDA,INSURGENTES SUR,CALLE,EMPRESA,CALLE,LUIS CARRACCI,CALLE,VIZCAYA,1271,NA,TORRE CARRACI,1,NA,NA,COLONIA,EXTREMADURA INSURGENTES,EDIFICIO COMERCIAL Y DE SERVICIOS,CENTRO Y PLAZA COMERCIAL SIN NOMBRE,1271,03740,09,Ciudad de México,014,Benito Juárez,0001,Benito Juárez,0702,024,NA,NAVAR.AMAYA@GMAIL.COM,NA,Fijo,19.37463537,-99.17884118,2024-11
10844550,09010713943002294000000000U6,FEVER CLUB,FORNITURE,713943,Centros de acondicionamiento físico del sector privado,31 a 50 personas,CALLE,LAS FUENTES,AVENIDA,AVENIDA DE LA LUZ,CALLE,NINGUNO,CALLE,LAS FUENTES,556,NA,NA,17,NA,NA,COLONIA,JARDINES DEL PEDREGAL,CENTRO Y PLAZA COMERCIAL,GRAND PEDREGAL PLAZA COMERCIAL,25,01900,09,Ciudad de México,010,Álvaro Obregón,0001,Álvaro Obregón,128A,026,NA,NA,WWW.FEVERCLUB.COM,Fijo,19.31690906,-99.21216276,2024-11
9638075,09007713943008001000000000U5,FIT CLUB ACTIVE TU ESPACIO,ELIZABETH SANTANA,713943,Centros de acondicionamiento físico del sector privado,0 a 5 personas,AVENIDA,PRIMAVERA,CERRADA,OTOÑO,PRIVADA,TLAXTONCO,CALLE,PRIMERA CERRADA DE PRIMAVERA,NA,SN,NA,NA,NA,NA,COLONIA,SANTIAGO ACAHUALTEPEC SEGUNDA AMPLIACIÓN,NA,NA,NA,09609,09,Ciudad de México,007,Iztapalapa,0001,Iztapalapa,4946,015,5523336822,NA,NA,Fijo,19.34635691,-99.01540148,2024-11
8842772,09009722515000561110000000U7,FIT CLUB ENGELS,NA,713943,Centros de acondicionamiento físico del sector privado,0 a 5 personas,CALLE,GUADALUPE VICTORIA,CALLE,GUADALUPE VICTORIA,CALLE,GUADALUPE VICTORIA,CALLE,AQUILES SERDAN,5,NA,NA,NA,NA,NA,PUEBLO,SAN ANTONIO TECOMITL,NA,NA,NA,12100,09,Ciudad de México,009,Milpa Alta,0011,San Antonio Tecómitl,0401,022,5561086829,NA,NA,Fijo,19.21830575,-98.99479067,2019-11
11677650,09013713943001941000000000U7,FIT CLUB ILSE,NA,713943,Centros de acondicionamiento físico del sector privado,0 a 5 personas,CALLE,FLOR,CALLE,CAMINO REAL A LA JOYA,CALLE,TEPEPAN,CALLE,TEPEPAN,26,A,NA,NA,NA,NA,COLONIA,AMPLIACIÓN NATIVITAS,NA,NA,NA,16459,09,Ciudad de México,013,Xochimilco,0001,Xochimilco,0743,035,NA,NA,NA,Fijo,19.23352127,-99.09683614,2024-11
8625911,09015713943002271001000000U3,FIT CORNER,NA,713943,Centros de acondicionamiento físico del sector privado,6 a 10 personas,CALLE,MANUEL MARIA CONTRERAS,CALLE,MAESTRO ANTONIO CASO,CALLE,JAMES SULLIVAN,CALLE,JOAQUIN VELAZQUEZ DE LEON,121,C2,NA,NA,NA,NA,COLONIA,SAN RAFAEL,NA,NA,NA,06470,09,Ciudad de México,015,Cuauhtémoc,0001,Cuauhtémoc,0678,021,5516253359,FITCORNERSANRAFAEL@GMAIL.COM,NA,Fijo,19.43511271,-99.16585967,2019-11
10713059,09007713943007581000000000U7,FIT GANG GYM,NA,713943,Centros de acondicionamiento físico del sector privado,0 a 5 personas,CALLE,RIO DANUBIO,CALLE,RIO NILO,CERRADA,RIO DANUBIO,CALLE,SOTO LA MARINA,11,A,NA,NA,NA,NA,COLONIA,VALLE DE SAN LORENZO,NA,NA,NA,09970,09,Ciudad de México,007,Iztapalapa,0001,Iztapalapa,351A,015,5537259911,NA,NA,Fijo,19.29884221,-99.07554648,2024-11
11620093,09005713943004911000000000U3,FIT GREEN STUDIO,NA,713943,Centros de acondicionamiento físico del sector privado,0 a 5 personas,CALLE,ESTADO DE HIDALGO,CALLE,ESTADO DE VERACRUZ,CALLE,ESTADO DE MORELOS,CALLE,ESTADO DE HIDALGO,57,NA,NA,NA,NA,NA,COLONIA,PROVIDENCIA,NA,NA,NA,07550,09,Ciudad de México,005,Gustavo A. Madero,0001,Gustavo A. Madero,1542,002,5530872945,NA,NA,Fijo,19.4826996,-99.06658351,2024-11
11232127,09014713943002091000000000U8,FIT HOMIES,NA,713943,Centros de acondicionamiento físico del sector privado,0 a 5 personas,CALLE,PATRICIO SANZ,CALLE,SAN LORENZO,CALLE,MIGUEL LAURENT,CALLE,SAN FRANCISCO,1445,NA,NA,NA,NA,NA,COLONIA,TLACOQUEMECATL,NA,NA,NA,03200,09,Ciudad de México,014,Benito Juárez,0001,Benito Juárez,0721,001,NA,NA,NA,Fijo,19.37588754,-99.17413236,2024-11
9390323,09003713943002304001000000U8,FIT INTEGRA,CENTROS ACUATICOS METROPOLITANOS,713943,Centros de acondicionamiento físico del sector privado,11 a 30 personas,CALZADA,CALZADA DEL HUESO,OTRO(ESPECIFIQUE),NINGUNO,CALLE,RANCHO DEL ARENAL,CALLE,RANCHO VISTA HERMOSA,400,NA,NA,NA,NA,NA,COLONIA,LOS SAUCES,NA,NA,NA,04940,09,Ciudad de México,003,Coyoacán,0001,Coyoacán,1444,025,NA,SMIRANDA@FITINTEGRA.COM,WWW.FITINTEGRA.COM,Fijo,19.30244025,-99.12014855,2022-11
11584767,09013713943002094000000000U4,FIT INTEGRA CUEMANCO,GYM AND PLAY INSTALACIONES DEPORTIVAS Y RECREATIVAS,713943,Centros de acondicionamiento físico del sector privado,31 a 50 personas,CALLE,ANTIGUO CANAL CUEMANCO,CALLE,NINGUNO,OTRO(ESPECIFIQUE),NINGUNO,CALLE,CANAL DEL RECODO,NA,SN,NA,NA,NA,NA,COLONIA,PISTA OLIMPICA VIRGILIO URIBE,NA,NA,NA,16036,09,Ciudad de México,013,Xochimilco,0001,Xochimilco,0052,001,NA,NA,WWW.FITINTEGRAMEXICO.COM,Semifijo,19.2927763,-99.10158555,2024-11
9085027,09007713943006192001000000U4,FIT MY BODY,NA,713943,Centros de acondicionamiento físico del sector privado,0 a 5 personas,AVENIDA,CAMINO A LAS MINAS,CALLE,ALAMO,CERRADA,SEGUNDA PRIMAVERA,CALLE,NARANJO,130,NA,NA,NA,NA,NA,COLONIA,XALPA,NA,NA,NA,09640,09,Ciudad de México,007,Iztapalapa,0001,Iztapalapa,2780,001,NA,NA,NA,Fijo,19.34324763,-99.01008837,2019-11
11245242,09012713943003171000000000U1,FIT SPOT,FIT CITY CLUB,713943,Centros de acondicionamiento físico del sector privado,0 a 5 personas,CALLE,GRIJALVA,PRIVADA,PAPALOAPAN,AVENIDA,PROLONGACION DIVISION DEL NORTE,CALLE,ESCUELA,1555,NA,NA,17,23,NA,COLONIA,EX-HACIENDA SAN JUAN DE DIOS,CENTRO Y PLAZA COMERCIAL,PLAZA MARKET PLACE,26,14387,09,Ciudad de México,012,Tlalpan,0001,Tlalpan,0708,002,5540947472,NA,WWW.FITSPOTMX.COM,Fijo,19.28969291,-99.12988644,2024-11
11259158,09012713943003151000000000U3,FIT STAR,ANA VALDEZ,713943,Centros de acondicionamiento físico del sector privado,0 a 5 personas,CALLE,SAN MIGUELITO,CALLE,CERRADA SAN MIGUELITO,CERRADA,SAN MIGUELITO,CERRADA,MANZANASTITLA,NA,SN,NA,NA,NA,NA,PUEBLO,SAN MIGUEL AJUSCO,NA,NA,NA,14700,09,Ciudad de México,012,Tlalpan,0026,San Miguel Ajusco,1674,031,NA,NA,NA,Fijo,19.22848657,-99.20325256,2024-11
903714,09014713120000201001000000U8,FITCENTER GIMNASIO,OPERADORA FITCENTER,713943,Centros de acondicionamiento físico del sector privado,51 a 100 personas,CALLE,SANTA CRUZ,CALLE,RUMANIA,CALLE,FERNANDO MONTES DE OCA,CALLE,LIBERTAD,910,NA,NA,NA,NA,NA,COLONIA,SAN SIMÓN TICUMAC,NA,NA,NA,03660,09,Ciudad de México,014,Benito Juárez,0001,Benito Juárez,0651,033,NA,FACTURACION@FITCENTER.MX,WWW.FITCENTER.MX,Fijo,19.3718113,-99.14538515,2014-12
9555520,09010713943002421000000000U5,FIT-CLUB HERBALIFE,NA,713943,Centros de acondicionamiento físico del sector privado,0 a 5 personas,CALLE,PARADISEA,CALLE,CHIVISCOYO,CALLE,10,CALLE,CHIVIZCOYO,4,NA,NA,NA,NA,NA,COLONIA,TOLTECA,NA,NA,NA,01160,09,Ciudad de México,010,Álvaro Obregón,0001,Álvaro Obregón,1773,008,NA,NA,NA,Fijo,19.39082953,-99.20067389,2024-11
8848303,09013713943001361000000000U8,FITNES DANCE MARISSA,MARISSA SOLARES,713943,Centros de acondicionamiento físico del sector privado,0 a 5 personas,AVENIDA,CAMINO VIEJO A SANTA CRUZ,CALLE,NINGUNO,CALLE,FRANCISCO I MADERO,CALLE,VICENTE GUERRERO,731,E,NA,NA,NA,NA,PUEBLO,SANTA MARÍA NATIVITAS,NA,NA,NA,16450,09,Ciudad de México,013,Xochimilco,0001,Xochimilco,1027,024,NA,NA,NA,Fijo,19.24596035,-99.09221237,2019-11
9707842,09010713943002502000000000U2,FITNES GYM,NA,713943,Centros de acondicionamiento físico del sector privado,6 a 10 personas,AVENIDA,29 DE OCTUBRE,CALLE,MEXICO 68,CALLE,CERRADA PINOS,CALLE,CERRADA PINOS,11,NA,NA,NA,NA,NA,COLONIA,TORRES DE POTRERO,NA,NA,NA,01840,09,Ciudad de México,010,Álvaro Obregón,0001,Álvaro Obregón,167A,013,5633007836,NA,NA,Fijo,19.32793687,-99.25681375,2024-11
8680576,09012713943001691000000000U0,FITNES PEOPLE TOPILEJO,NA,713943,Centros de acondicionamiento físico del sector privado,0 a 5 personas,CERRADA,CRUZ BLANCA,CALLE,CRUZ BLANCA,CALLE,JUVIJA,AUTOPISTA,MEXICO-CUERNAVACA,74,NA,NA,NA,NA,NA,PUEBLO,SAN MIGUEL TOPILEJO,NA,NA,NA,14500,09,Ciudad de México,012,Tlalpan,0027,San Miguel Topilejo,2028,017,NA,NA,NA,Fijo,19.19950927,-99.14764894,2019-11
854640,09015713943000692000000000U2,FITNES SPORT GYM,NA,713943,Centros de acondicionamiento físico del sector privado,0 a 5 personas,CALLE,LUDWING VAN BEETHOVEN,CALLE,ENRICO CARUSO,CALLE,TETRAZZINI,CALLE,PABLO DE SARAZATE,83,NA,NA,NA,NA,NA,MANZANA,PERALVILLO,NA,NA,NA,06220,09,Ciudad de México,015,Cuauhtémoc,0001,Cuauhtémoc,0023,003,5562462416,NA,FITNESPORTGYM_GMAIL.COM,Fijo,19.46092141,-99.13291091,2010-07
8223537,09005713943003701000000000U9,FITNES ZONE,NA,713943,Centros de acondicionamiento físico del sector privado,0 a 5 personas,CALLE,PARAISO,CALLE,JUSTO SIERRA,CALLE,PROLONGACION JAIME NUNO,CALLE,PARAISO,9,NA,NA,NA,NA,NA,COLONIA,ZONA ESCOLAR ORIENTE,NA,NA,NA,07230,09,Ciudad de México,005,Gustavo A. Madero,0001,Gustavo A. Madero,0192,004,5586747461,NA,NA,Fijo,19.53940048,-99.14359083,2019-11
9055308,09013713943001721100000000U3,FITNES ZONE,NA,713943,Centros de acondicionamiento físico del sector privado,0 a 5 personas,CALLE,16 DE SEPTIEMBRE,CALLE,5 DE MAYO,CALLE,PROLONGACION MIGUEL HIDALGO,CALLE,ROSALIA,5,NA,NA,NA,16,NA,COLONIA,SAN FELIPE,NA,NA,NA,16770,09,Ciudad de México,013,Xochimilco,0001,Xochimilco,1192,047,NA,NA,NA,Fijo,19.25342408,-99.01781064,2019-11
9524426,09015713943003101000000000U1,FITNESS ADDICCION,FITNESS ADDICCIN,713943,Centros de acondicionamiento físico del sector privado,0 a 5 personas,AVENIDA,INSURGENTES SUR,EJE VIAL,4 SUR (TEHUANTEPEC),CALLE,BAJIO,EJE VIAL,4 SUR (CHILPANCINGO),504,NA,NA,NA,NA,NA,COLONIA,ROMA SUR,NA,NA,NA,06760,09,Ciudad de México,015,Cuauhtémoc,0001,Cuauhtémoc,1445,001,5559779397,NA,WWW.FITNESADDICCIONGYM.COM,Fijo,19.40327901,-99.16926443,2024-11
8695334,09010713943001802000000000U7,FITNESS AND GYM IMPACT DANCE STUDIO,NA,713943,Centros de acondicionamiento físico del sector privado,6 a 10 personas,AVENIDA,SANTA LUCIA,CALLE,COPLAS,CALLE,PRIMER ANDADOR SANTA LUCIA,CALLE,RANCHERO,997,NA,NA,NA,NA,NA,COLONIA,COLINA DEL SUR,NA,NA,NA,01430,09,Ciudad de México,010,Álvaro Obregón,0001,Álvaro Obregón,0559,016,5545149755,NA,NA,Fijo,19.36807071,-99.22773858,2019-11
740724,09005713943001422001000000U4,FITNESS BEAUTY,NA,713943,Centros de acondicionamiento físico del sector privado,6 a 10 personas,CALLE,LINDAVISTA,CALLE,LATACUNGA,CALLE,RIOBAMBA,CALLE,BUENAVISTA,208,NA,NA,NA,NA,NA,COLONIA,LINDAVISTA NORTE,NA,NA,NA,07300,09,Ciudad de México,005,Gustavo A. Madero,0001,Gustavo A. Madero,0737,015,NA,CI.VIVANCO@GMAIL.COM,NA,Fijo,19.49251901,-99.1260003,2010-07
11412508,09007713943007911000000000U6,FITNESS CENTER,NA,713943,Centros de acondicionamiento físico del sector privado,0 a 5 personas,CALLE,INSURGENTES,CALLE,JESUS GARIBAY,CALLE,GREGORIO SOSA,CALLE,MORELOS,NA,SN,NA,NA,NA,MZ 22 L 23,COLONIA,CONSEJO AGRARISTA MEXICANO,NA,NA,NA,09760,09,Ciudad de México,007,Iztapalapa,0001,Iztapalapa,5450,023,NA,NA,NA,Fijo,19.32698611,-99.06086958,2024-11
708966,09006713943000621000000000U9,FITNESS CENTER,NA,713943,Centros de acondicionamiento físico del sector privado,0 a 5 personas,CALLE,ORIENTE 237,CALLE,SUR 20,CALLE,SUR 18,CALLE,ORIENTE 235-C,389,NA,NA,NA,1,NA,COLONIA,AGRÍCOLA ORIENTAL,NA,NA,NA,08500,09,Ciudad de México,006,Iztacalco,0001,Iztacalco,0310,021,NA,NA,NA,Fijo,19.39323865,-99.07638061,2014-12
7137728,09017713943001211000000000U6,FITNESS CHICK,NA,713943,Centros de acondicionamiento físico del sector privado,0 a 5 personas,AVENIDA,AVENIDA DEL PEÑON,CALLE,VIDRIEROS,CALLE,PIROTECNIA,CALLE,MOLINEROS,155,NA,NA,NA,NA,NA,COLONIA,AZTECA,NA,NA,NA,15320,09,Ciudad de México,017,Venustiano Carranza,0001,Venustiano Carranza,0418,032,5541438203,NA,NA,Fijo,19.43962083,-99.10672787,2019-11
10242139,09005713943004381000000000U9,FITNESS CLUB DAYALU,NA,713943,Centros de acondicionamiento físico del sector privado,0 a 5 personas,CALLE,HUAJUAPAN DE LEON,CALLE,ANTIGUA VERACRUZ,CALLE,ZACAPOAXTLA,CALLE,CALPULALPAN,556,NA,NA,NA,NA,NA,COLONIA,SAN FELIPE DE JESÚS,NA,NA,NA,07510,09,Ciudad de México,005,Gustavo A. Madero,0001,Gustavo A. Madero,1222,006,5649644976,NA,NA,Fijo,19.49106475,-99.07005226,2024-11
11768142,09015713943003291000000000U0,FITNESS CLUB H&S,ALEJANDRA SANCHEZ,713943,Centros de acondicionamiento físico del sector privado,0 a 5 personas,CALLE,MAGNOLIA,CALLE,ZARCO,CALLE,SOTO,CALLE,MOCTEZUMA,113,NA,NA,NA,NA,NA,COLONIA,GUERRERO,NA,NA,NA,6300,09,Ciudad de México,015,Cuauhtémoc,0001,Cuauhtémoc,056A,010,NA,NA,NA,Fijo,19.442842980000002,-99.14416264,2025-04
11303279,09007713943007311000000000U9,FITNESS FENIX CENTER,HECTOR LOPEZ,713943,Centros de acondicionamiento físico del sector privado,0 a 5 personas,CALLE,RETORNO NIÑO ARTILLERO,AVENIDA,CONGRESO DE CHILPANCINGO SUR,CALLE,ANDADOR RETORNO NIÑO ARTILLERO,CALLE,RAFAEL VALDOVINOS,0,MZ9 LT23,NA,NA,NA,NA,UNIDAD HABITACIONAL,ERMITA ZARAGOZA,NA,NA,NA,09180,09,Ciudad de México,007,Iztapalapa,0001,Iztapalapa,1157,035,NA,NA,NA,Fijo,19.3635955,-98.99627727,2024-11
9734871,09007713943007211000000000U1,FITNESS FIRE,NA,713943,Centros de acondicionamiento físico del sector privado,0 a 5 personas,CALLE,IGNACIO MANUEL ALTAMIRANO,CALLE,MORELOS,AVENIDA,INSURGENTES,CALLE,LEANDRO BRAVO,30,NA,NA,NA,NA,NA,COLONIA,LAS PEÑAS,NA,NA,NA,09750,09,Ciudad de México,007,Iztapalapa,0001,Iztapalapa,1655,010,NA,NA,NA,Fijo,19.33889453,-99.04776815,2024-11
1015004,09003713943000633000000000U2,FITNESS GYM,NA,713943,Centros de acondicionamiento físico del sector privado,11 a 30 personas,AVENIDA,PACIFICO,AVENIDA,MIGUEL ANGEL DE QUEVEDO,CALLE,AFRICA,AVENIDA,MIGUEL ANGEL DE QUEVEDO,270,NA,NA,NA,NA,NA,COLONIA,LA CONCEPCIÓN,NA,NA,NA,04020,09,Ciudad de México,003,Coyoacán,0001,Coyoacán,0145,024,5555549951,NA,WWW.GYMFITNESSSM.COM.MX,Fijo,19.3443313,-99.157254,2010-07
661421,09007713943001361000000000U0,FITNESS GYM 201,NA,713943,Centros de acondicionamiento físico del sector privado,0 a 5 personas,EJE VIAL,3 ORIENTE AVENIDA 5,CALLE,ATANASIO G. SARABIA,CALLE,JORGE ENCISO,CALLE,SUBTENIENTE MARIO FERNANDO LOPEZ PORTILLO,66,NA,EDIFICIO SIN NOMBRE,18,NA,NA,COLONIA,ESCUADRÓN 201,NA,NA,NA,09060,09,Ciudad de México,007,Iztapalapa,0001,Iztapalapa,0958,024,NA,NA,NA,Fijo,19.35912555,-99.11092872,2010-07
8272964,09005713943003911000000000U4,FITNESS GYM ANIMAL MOTION,NA,713943,Centros de acondicionamiento físico del sector privado,0 a 5 personas,AVENIDA,INSURGENTES NORTE,CALLE,RIO BLANCO,CALLE,NECAXA,CALLE,REAL DEL MONTE,1483,NA,NA,NA,NA,NA,COLONIA,GUADALUPE INSURGENTES,NA,NA,NA,07870,09,Ciudad de México,005,Gustavo A. Madero,0001,Gustavo A. Madero,1561,028,NA,NA,NA,Fijo,19.47861804,-99.1298205,2019-11
751160,09016713943000501000000000U3,FITNESS GYM LOMAS,NA,713943,Centros de acondicionamiento físico del sector privado,0 a 5 personas,AVENIDA,LOMAS DE SOTELO,CALLE,TERCER ANILLO DE CIRCUNVALACION,CALLE,RETORNO 102,CALLE,SAN CRISTOBAL DE LAS CASAS,885,NA,EDIFICIO SIN NOMBRE,18,NA,SN,COLONIA,LOMAS DE SOTELO,NA,NA,NA,11200,09,Ciudad de México,016,Miguel Hidalgo,0001,Miguel Hidalgo,0336,006,5555800645,NA,WWW.FITNESGYMLOMAS.COM,Fijo,19.4478356,-99.2141813,2010-07
9595522,09007713943007461000000000U2,FITNESS LAB,NA,713943,Centros de acondicionamiento físico del sector privado,0 a 5 personas,CALLE,LEONA VICARIO,CALLE,MELCHOR OCAMPO,CALLE,IGNACIO ZARAGOZA,CALLE,JUSTO SIERRA,1712,NA,NA,NA,NA,NA,EJIDO,AMPLIACIÓN SANTA MARÍA AZTAHUACAN,NA,NA,NA,09500,09,Ciudad de México,007,Iztapalapa,0001,Iztapalapa,1706,050,NA,NA,NA,Fijo,19.34668225,-99.02953976,2024-11
1039686,09010713943000061000000000U1,FITNESS LU,NA,713943,Centros de acondicionamiento físico del sector privado,0 a 5 personas,CALLE,RIO GUADALUPE,CALLE,CUARTO ANDADOR,OTRO(ESPECIFIQUE),MANZANA O EDIFICACION CONTIGUA,OTRO(ESPECIFIQUE),ARROYO,2,MNZ P LTE 2,NA,NA,NA,NA,COLONIA,PUENTE COLORADO,NA,NA,NA,01740,09,Ciudad de México,010,Álvaro Obregón,0001,Álvaro Obregón,1843,019,5548040081,NA,NA,Fijo,19.34549551,-99.22666882,2010-07
12333973,09007713943008173000000000U2,FITNESS PARA TODOS,FITNESS PARA TODOS,713943,Centros de acondicionamiento físico del sector privado,11 a 30 personas,EJE VIAL,2 ORIENTE CALZADA DE LA VIGA,EJE VIAL,6 SUR (CARDIOLOGOS),EJE VIAL,5 SUR (SANTA MARIA LA PURISIMA),CALLE,GEOLOGOS,1188,NA,NA,NA,NA,NA,COLONIA,EL TRIUNFO,CENTRO Y PLAZA COMERCIAL,PLAZA CUMBRES,1188,09430,09,Ciudad de México,007,Iztapalapa,0001,Iztapalapa,0322,009,NA,PFCUMBRESLAVIGA@FPT.COM.MX,NA,Fijo,19.37958865,-99.12243744,2026-04
11443782,09007713943006791000000000U3,FITNESS PATY SALA DE AEROBICS,NA,713943,Centros de acondicionamiento físico del sector privado,0 a 5 personas,CALLE,PIRULES,CALLE,SEGUNDA CERRADA PIRULES,CERRADA,DE LAS FLORES,CERRADA,20 DE NOVIEMBRE,NA,SN,NA,NA,NA,NA,COLONIA,IZTLAHUACAN,NA,NA,NA,09690,09,Ciudad de México,007,Iztapalapa,0001,Iztapalapa,2920,002,NA,NA,NA,Fijo,19.34436081,-98.99826305,2024-11
650241,09007713943001763001000000U7,FITNESS SPACE,DONDE NACEN LOS CAMPEONES,713943,Centros de acondicionamiento físico del sector privado,0 a 5 personas,CALLE,LEIRIA,CALLE,PORTO ALEGRE,EJE VIAL,6 SUR (PLAYA PIE DE LA CUESTA),CALLE,BRAGA,124,NA,NA,NA,NA,NA,COLONIA,SAN ANDRÉS TETEPILCO,NA,NA,NA,09440,09,Ciudad de México,007,Iztapalapa,0001,Iztapalapa,0483,009,NA,VENTAS.FITNESSPACE@GMAIL.COM,NA,Fijo,19.37679218,-99.12980284,2010-07
653735,09007713943001421000000000U2,FITNESS SPACE,DONDE NACEN LOS CAMPEONES,713943,Centros de acondicionamiento físico del sector privado,6 a 10 personas,EJE VIAL,8 SUR CALZADA ERMITA IZTAPALAPA,CALLE,SUR 87-A,CALLE,SUR 89,CALLE,ORIENTE 178-A,370,NA,NA,NA,NA,NA,COLONIA,CACAMA,NA,NA,NA,09080,09,Ciudad de México,007,Iztapalapa,0001,Iztapalapa,0924,008,NA,NA,WWW.FITNESSSPACE.COM.MX,Fijo,19.35821328,-99.12624449,2010-07
653399,09002713943000392000000000U7,FITNESS SPACE,NA,713943,Centros de acondicionamiento físico del sector privado,0 a 5 personas,CALLE,CAMPO CANTEMOC,AVENIDA,TEZOZOMOC,CALLE,VICTORIA,CALLE,CAMINO A NEXTENGO,410,NA,NA,NA,NA,NA,COLONIA,SAN MIGUEL AMANTLA,NA,NA,NA,02700,09,Ciudad de México,002,Azcapotzalco,0001,Azcapotzalco,0650,006,NA,NA,NA,Fijo,19.47795523,-99.20089047,2010-07
7338218,09007713943006121000000000U3,FITNESS SPACE,DONDE NACEN LOS CAMPEONES,713943,Centros de acondicionamiento físico del sector privado,0 a 5 personas,AVENIDA,PRESIDENTE PLUTARCO ELIAS CALLES,EJE VIAL,7A SUR (ORIENTE 172),CALLE,EMPERADORES,CALLE,CASCADA,1234,NA,NA,NA,NA,NA,COLONIA,BANJIDAL,NA,NA,NA,09450,09,Ciudad de México,007,Iztapalapa,0001,Iztapalapa,0642,017,NA,NA,NA,Fijo,19.36414627,-99.13814264,2019-11
10410773,09014713943002071000000000U0,FITNESS STUDIO BE YOU,NA,713943,Centros de acondicionamiento físico del sector privado,0 a 5 personas,CALLE,LA MORENA,CALLE,XOCHICALCO,CALLE,UXMAL,CALLE,ESPERANZA,1006,NA,NA,NA,0,PLANTA ALTA,COLONIA,NARVARTE PONIENTE,NA,NA,NA,03020,09,Ciudad de México,014,Benito Juárez,0001,Benito Juárez,0079,016,NA,NA,NA,Fijo,19.39829864,-99.1539897,2024-11
9028609,09015713943002032001000000U9,FITNESS TIME EXTREME,HIT AND RUN EMPRESARIAL,713943,Centros de acondicionamiento físico del sector privado,0 a 5 personas,CALLE,DOCTOR ATL,CALLE,MANUEL CARPIO,CALLE,SALVADOR DIAZ MIRON,CALLE,DOCTOR ENRIQUE GONZALEZ MARTINEZ,215,NA,NA,NA,NA,NA,COLONIA,SANTA MARÍA LA RIBERA,NA,NA,NA,06400,09,Ciudad de México,015,Cuauhtémoc,0001,Cuauhtémoc,0485,001,NA,NA,NA,Fijo,19.45007856,-99.15594695,2019-11
9512850,09014713943002232000000000U8,FITNESS&GYM IMPAC DANCE STUDIO,GYM,713943,Centros de acondicionamiento físico del sector privado,6 a 10 personas,CALLE,MOLINOS,CALLE,SANTIAGO REBULL,CALLE,CHARCO AZUL,CALLE,LOS ECHAVE,18,B,NA,NA,NA,NA,COLONIA,MIXCOAC,NA,NA,NA,03910,09,Ciudad de México,014,Benito Juárez,0001,Benito Juárez,0685,010,NA,NA,NA,Fijo,19.37248098,-99.18932143,2024-11
9899634,09007713943007831000000000U6,FITNESSXFORCE ESCULPIENDO CUERPOS,NA,713943,Centros de acondicionamiento físico del sector privado,0 a 5 personas,CALLE,SANTA ELENA,CALLE,SANTA ELENA,CALLE,PISTACHE,CALLE,SANTA MONICA,NA,SN,NA,NA,NA,NA,COLONIA,PALMITAS,NA,NA,NA,09680,09,Ciudad de México,007,Iztapalapa,0001,Iztapalapa,5588,008,5527423471,NA,NA,Fijo,19.33213617,-99.0246862,2024-11
694779,09017713943000821001000000U3,FITNESSZONE,NA,713943,Centros de acondicionamiento físico del sector privado,6 a 10 personas,CALLE,NORTE 168,CALLE,PERSIA,CALLE,CHINA,CALLE,NORTE 166,468,NA,NA,NA,NA,NA,COLONIA,PENSADOR MEXICANO,NA,NA,NA,15510,09,Ciudad de México,017,Venustiano Carranza,0001,Venustiano Carranza,0329,015,NA,NA,WWW.FOTNESSZONE.COM.MX,Fijo,19.44088765,-99.09058448,2014-12
11482126,09007713943006881000000000U2,FITNEXX YESI ALONSO,NA,713943,Centros de acondicionamiento físico del sector privado,0 a 5 personas,CALLE,CATEDRAL DE TOLUCA,CALLE,CONVENTO,CALLE,CATEDRAL DE METROPOLITANA,CALLE,CATEDRAL DE METROPOLITANA,NA,SN,NA,NA,NA,NA,COLONIA,AMPLIACIÓN EL SANTUARIO,NA,NA,NA,09820,09,Ciudad de México,007,Iztapalapa,0001,Iztapalapa,1227,065,5521811705,NA,NA,Fijo,19.35144737,-99.09463613,2024-11
12334035,09012713943003313000000000U9,FITSI COAPA,NEW WORLD FITNESS,713943,Centros de acondicionamiento físico del sector privado,11 a 30 personas,EJE VIAL,2 ORIENTE AVENIDA CANAL DE MIRAMONTES,CALLE,MONZA,CONTINUACION,CALZADA DEL HUESO,CALLE,CIPRES,3155,NA,NA,19,NA,NA,COLONIA,VERGEL COAPA,CENTRO Y PLAZA COMERCIAL,NUEVO BAZAR PERICOAPA,3ER PISO,14320,09,Ciudad de México,012,Tlalpan,0001,Tlalpan,0233,031,NA,GTESATISFACCIONCOAPA@FITSI.COM.MX,WWW.FITSI.COM.MX,Fijo,19.30205412,-99.1248631,2026-04
12333998,09014713943002474000000000U6,FITSI GIMNASIO,FITSI GIMNASIO,713943,Centros de acondicionamiento físico del sector privado,31 a 50 personas,AVENIDA,INSURGENTES SUR,CALLE,ALGECIRAS,CALLE,ACTIPAN,CALLE,CADIZ,1391,NA,NA,17,NA,NA,COLONIA,INSURGENTES MIXCOAC,CENTRO Y PLAZA COMERCIAL,CENTRO ARMAND,201,03920,09,Ciudad de México,014,Benito Juárez,0001,Benito Juárez,0793,021,NA,NA,WWW.FITSIGYM.COM.MX,Fijo,19.37104199,-99.18002322,2026-04
11585655,09010713943002683000000000U0,FLASH DANCE,THE ART STUDIO,713943,Centros de acondicionamiento físico del sector privado,11 a 30 personas,PERIFERICO,BOULEVARD ADOLFO RUIZ CORTINES,CALLE,CORTINES,CALLE,MANZANA,CALLE,PICACHO,3720,NA,NA,18,NA,NA,COLONIA,JARDINES DEL PEDREGAL,CENTRO Y PLAZA COMERCIAL,ARTZ,242,01900,09,Ciudad de México,010,Álvaro Obregón,0001,Álvaro Obregón,128A,025,NA,NA,NA,Fijo,19.31437351,-99.22045264,2024-11
753170,09017713943000101000000000U0,FLEXSPACE,NA,713943,Centros de acondicionamiento físico del sector privado,0 a 5 personas,CALLE,INDUSTRIA,CALLE,RIO FRIO,EJE VIAL,3 SUR (MORELOS),CALLE,NICOLAS BRAVO,23,NA,NA,NA,NA,NA,COLONIA,MAGDALENA MIXIUHCA,NA,NA,NA,15850,09,Ciudad de México,017,Venustiano Carranza,0001,Venustiano Carranza,1416,004,NA,NA,NA,Fijo,19.4083612,-99.11545555,2010-07
10259899,09013713943002081000000000U1,FORTALEZA BOX,NA,713943,Centros de acondicionamiento físico del sector privado,0 a 5 personas,AVENIDA,PROLONGACION DIVISION DEL NORTE,CALLE,PLAN DE CABORCA,CALLE,PRIVADA VILLA DE AYALA,CALLE,CONSTITUCION DE 1824,5018,NA,NA,NA,NA,NA,COLONIA,SAN LORENZO LA CEBADA,NA,NA,NA,16010,09,Ciudad de México,013,Xochimilco,0001,Xochimilco,1239,023,5525214087,NA,NA,Fijo,19.27795021,-99.12211163,2024-11
11592919,09013713943002071000000000U2,FORZA GYM,NA,713943,Centros de acondicionamiento físico del sector privado,0 a 5 personas,AVENIDA,CHAPULTEPEC,CALLE,CALTONGO,PRIVADA,66,CALLE,INSURGENTES,NA,SN,NA,NA,NA,NA,PUEBLO,SAN GREGORIO ATLAPULCO,NA,NA,NA,16600,09,Ciudad de México,013,Xochimilco,0001,Xochimilco,0353,030,5537351589,NA,NA,Fijo,19.25584612,-99.06186507,2024-11
850072,09012713943000021001000000U1,FORZA GYM,NA,713943,Centros de acondicionamiento físico del sector privado,0 a 5 personas,CALLE,TENOSIQUE,CALLE,SOTUTA,AVENIDA,TETIZ,CALLE,HALACHO,NA,SN,NA,NA,NA,MZ 55 LT 8,COLONIA,PEDREGAL DE SAN NICOLÁS TERCERA SECCIÓN,NA,NA,NA,14100,09,Ciudad de México,012,Tlalpan,0001,Tlalpan,0619,019,NA,NA,NA,Fijo,19.28553555,-99.23304302,2010-07
802775,09007713943000691000000000U1,FRANK GYM,NA,713943,Centros de acondicionamiento físico del sector privado,0 a 5 personas,CALLE,RAFAEL REYES,CALLE,PROVIDENCIA,EJE VIAL,8 SUR (CALZADA ERMITA IZTAPALAPA),CALLE,CALLE DEL CONSUELO,13,NA,NA,NA,NA,NA,PUEBLO,SANTA MARTHA ACATITLA,NA,NA,NA,09510,09,Ciudad de México,007,Iztapalapa,0001,Iztapalapa,1138,004,5541811783,FRANK._72@HOTMAIL.COM,NA,Fijo,19.35904414,-99.00301923,2010-07
11761805,09006713943001611000000000U0,FREE JUMPERS,NA,713943,Centros de acondicionamiento físico del sector privado,0 a 5 personas,CALLE,ORIENTE 253,CALLE,Sur 20,CALLE,Sur 16,CALLE,Retorno 5 Sur 16,299,NA,NA,NA,NA,NA,COLONIA,AGRÍCOLA ORIENTAL,NA,NA,NA,08500,09,Ciudad de México,006,Iztacalco,0001,Iztacalco,0359,020,5589388739,NA,NA,Fijo,19.39084931,-99.0662343,2025-04
1001294,09003713943000251000000000U3,FRIENDS GYM,NA,713943,Centros de acondicionamiento físico del sector privado,0 a 5 personas,CALLE,MIXCALLI,CALLE,TETEPEUH,CALLE,POPOCATEPETL,CALLE,CONDOY,33,LOTE 15,NA,NA,NA,MANZANA,COLONIA,ADOLFO RUIZ CORTINES,NA,NA,NA,04630,09,Ciudad de México,003,Coyoacán,0001,Coyoacán,0836,001,NA,NA,NA,Fijo,19.31770847,-99.15245767,2010-07
939157,09013713944000061002000000U3,FRONTON DE TULYEHUALCO,PUEBLO DE SANTIAGO TULYEHUALCO,713944,Centros de acondicionamiento físico del sector público,0 a 5 personas,CALLE,AMARANTO,AVENIDA,AQUILES SERDAN,CALLE,FRANCISCO I. MADERO,CALLE,LAS ANIMAS,NA,SN,NA,NA,NA,NA,PUEBLO,GUADALUPITA,NA,NA,NA,16700,09,Ciudad de México,013,Xochimilco,0001,Xochimilco,1313,001,5526982159,NA,NA,Fijo,19.25712599,-99.02129628,2014-12
942955,09011713943000741000000000U6,FRONTON EL GORDO,NA,713943,Centros de acondicionamiento físico del sector privado,0 a 5 personas,CERRADA,LOS HUERTA,CERRADA,NINGUNO,CALLE,MIGUEL NEGRETE,CERRADA,DIEGO RIVERA,NA,SN,NA,NA,NA,NA,COLONIA,ZAPOTITLAN,NA,NA,NA,13310,09,Ciudad de México,011,Tláhuac,0001,Tláhuac,1412,008,NA,NA,NA,Fijo,19.30418437,-99.03653281,2014-12
656450,09007713943002551000000000U5,FRONTON HUITRON,ERHUIT Y ASOCIADOS,713943,Centros de acondicionamiento físico del sector privado,0 a 5 personas,CALLE,TRABAJADORAS SOCIALES,CALLE,FISCALES,CALLE,PROCURADORES,CALLE,FISICOS,69,NA,NA,NA,NA,NA,COLONIA,EL SIFÓN,NA,NA,NA,09400,09,Ciudad de México,007,Iztapalapa,0001,Iztapalapa,3647,004,5556332248,FRONTONHUITRON@HOTMAIL.COM,NA,Fijo,19.37353748,-99.11314568,2010-07
1030500,09015713943001691000000000U3,FRONTON INCLAN,NA,713943,Centros de acondicionamiento físico del sector privado,0 a 5 personas,EJE VIAL,1 PONIENTE AVENIDA BUCARELI,CALLE,TOLSA,CALLE,GENERAL PRIM,CALLE,TRES GUERRAS,118,B,NA,NA,NA,NA,COLONIA,CENTRO,NA,NA,NA,06040,09,Ciudad de México,015,Cuauhtémoc,0001,Cuauhtémoc,0860,006,5553964313,NA,NA,Fijo,19.42904174,-99.15229635,2010-07
11843287,09011713943002371000000000U0,FRONTON LA GALLERA,NA,713943,Centros de acondicionamiento físico del sector privado,0 a 5 personas,CALLE,CUARTA CERRADA LA LOMA,CALLE,La Loma,CALLE,Canal de la Sangría,CALLE,Quinta Cerrada la Loma,31,NA,NA,NA,NA,NA,COLONIA,LA LOMA,NA,NA,NA,13529,09,Ciudad de México,011,Tláhuac,0001,Tláhuac,0772,006,NA,NA,NA,Fijo,19.25134118,-99.00503612,2025-04
8612979,09007713943005331000000000U9,FRONTON LOPEZ,NA,713943,Centros de acondicionamiento físico del sector privado,0 a 5 personas,CALLE,GRACIANO SANCHEZ,CALLE,CUTBERTO AROCHE,AVENIDA,TEXCOCO,CALLE,PAULINO MARTINEZ,9,LT 191MZ,NA,NA,NA,NA,COLONIA,SANTA MARTHA ACATITLA NORTE,NA,NA,NA,09140,09,Ciudad de México,007,Iztapalapa,0001,Iztapalapa,0638,019,NA,NA,NA,Fijo,19.3783961,-99.01113788,2019-11
951005,09009713943000281000000000U7,FRONTON LOS PILLOS,NA,713943,Centros de acondicionamiento físico del sector privado,0 a 5 personas,CALLE,CUITLAHUAC,CALLE,FRAY BARTOLOME DE LAS CASAS,CALLE,ATZAYACATL,CALLE,CUAUHTEMOC,92,NA,NA,NA,NA,NA,PUEBLO,SAN PEDRO ATOCPAN,NA,NA,NA,12200,09,Ciudad de México,009,Milpa Alta,0029,San Pedro Atocpan,044A,023,NA,NA,NA,Fijo,19.20606887,-99.04864425,2014-12
985615,09013713941000061000000000U9,FRONTON MARGARITA,NA,713943,Centros de acondicionamiento físico del sector privado,0 a 5 personas,CALLE,PENSAMIENTO,OTRO(ESPECIFIQUE),CANAL,CALLE,PENSAMIENTO,CERRADA,NINFAS,6,NA,NA,NA,NA,NA,BARRIO,XALTOCAN,NA,NA,NA,16090,09,Ciudad de México,013,Xochimilco,0001,Xochimilco,025A,011,5522518030,NA,NA,Fijo,19.25834214,-99.1008779,2010-07
962078,09011531115000011010000000U9,FRONTON SAN JOSE,NA,713943,Centros de acondicionamiento físico del sector privado,0 a 5 personas,CALLE,CHAVA FLORES,CALLE,CANCIONERO (SUR 9),CALLE,FAROLITO (SUR 7),CALLE,ALVARO CARRILLO (ORIENTE 16),1241,NA,NA,NA,NA,NA,COLONIA,SANJOSE,NA,NA,NA,13020,09,Ciudad de México,011,Tláhuac,0001,Tláhuac,040A,015,5536513074,NA,NA,Fijo,19.27379564,-98.99508966,2010-07
948236,09011713943001011010000000U3,FRONTON SAN JUAN IXTAYOPAN FERNANDO MEDINA,ALCALDIA TLAHUAC,713944,Centros de acondicionamiento físico del sector público,0 a 5 personas,CALLE,MARIANO ESCOBEDO,CALLE,JUAN ESCUTIA,CALLE,REFORMA AGRARIA,CALLE,MAGDALENA,NA,SN,NA,NA,NA,NA,COLONIA,LA ASUNCION,NA,NA,NA,13500,09,Ciudad de México,011,Tláhuac,0021,San Juan Ixtayopan,1018,011,NA,NA,NA,Fijo,19.24090346,-98.99320122,2014-12
10362342,09012713943002771000000000U9,FRONTON SANTANA CASTILLO,NA,713943,Centros de acondicionamiento físico del sector privado,0 a 5 personas,CALLE,PRIMERA CERRADA DE LOS PINOS,CALLE,CARRETERA A XOCHIMILCO-TOPILEJO,AUTOPISTA,MEXICO-CUERNAVACA,CALLE,CARRETERA A XOCHIMILCO-TOPILEJO,19,B,NA,NA,NA,NA,PUEBLO,SAN MIGUEL TOPILEJO,NA,NA,NA,14500,09,Ciudad de México,012,Tlalpan,0027,San Miguel Topilejo,1782,050,NA,NA,NA,Fijo,19.20565611,-99.13614089,2024-11
961042,09011713998000011000000000U8,FRONTON TLAHUAC,NA,713943,Centros de acondicionamiento físico del sector privado,0 a 5 personas,AVENIDA,CALZADA REFORMA AGRARIA,AVENIDA,TLAHUAC,CALLE,6 DE AGOSTO,AVENIDA,TLAHUAC,97,NA,NA,NA,NA,NA,BARRIO,LA ASUNCION,NA,NA,NA,13000,09,Ciudad de México,011,Tláhuac,0001,Tláhuac,0448,001,NA,NA,NA,Fijo,19.27629767,-99.00497751,2010-07
962404,09014713943000311000000000U2,FRONTONES INDEPENDENCIA,NA,713943,Centros de acondicionamiento físico del sector privado,0 a 5 personas,EJE VIAL,6 SUR INDEPENDENCIA,CALLE,RAFAEL SOLANA,CALLE,MARIO ROJAS AVENDAÑO,CALLE,LUIS BRAILE,122,NA,NA,NA,NA,NA,COLONIA,SAN SIMÓN TICUMAC,NA,NA,NA,03660,09,Ciudad de México,014,Benito Juárez,0001,Benito Juárez,0647,019,5555325316,NA,NA,Fijo,19.37869881,-99.145747,2010-07
747338,09017713943000532001000000U6,FUSHION S GYM,NA,713943,Centros de acondicionamiento físico del sector privado,6 a 10 personas,AVENIDA,FRAY SERVANDO TERESA DE MIER,CALLE,RETORNO 8 DE FRAY SERVANDO TERESA DE MIER,AVENIDA,GENARO GARCIA,CALLE,RETORNO 8 DE GENARO GARCIA,834,NA,NA,NA,NA,NA,COLONIA,JARDÍN BALBUENA,NA,NA,NA,15900,09,Ciudad de México,017,Venustiano Carranza,0001,Venustiano Carranza,0969,010,NA,NA,NA,Fijo,19.41890355,-99.10695804,2010-07
1048730,09011713943000111000000000U2,FUSION SPORT LMP,NA,713943,Centros de acondicionamiento físico del sector privado,0 a 5 personas,CALLE,LAS BODAS DE FIGARO,CALLE,JOSE TARTINI,CALLE,ELIAS SALOMONIS,CALLE,WALKIRIAS,21,MZ 133 LT 20,NA,NA,NA,NA,COLONIA,MIGUEL HIDALGO,NA,NA,NA,13200,09,Ciudad de México,011,Tláhuac,0001,Tláhuac,0217,005,5529451435,NA,NA,Fijo,19.28714669,-99.04347585,2010-07
11538564,09005713943004891000000000U7,FUT 7 OLIMPUS,OLIMPUS FUTBOL 7 ARAGON,713943,Centros de acondicionamiento físico del sector privado,0 a 5 personas,AVENIDA,CONSTITUCION DE LA REPUBLICA,CALLE,LEON,CALLE,VOLCAN TRONADOR,CALLE,LEON,221,NA,NA,NA,NA,NA,COLONIA,LA PRADERA,NA,NA,NA,07500,09,Ciudad de México,005,Gustavo A. Madero,0001,Gustavo A. Madero,1716,006,NA,NA,NA,Fijo,19.48013789,-99.06498661,2024-11
680663,09002713943000781002000000U1,FUTBOL CATORCE,NA,713943,Centros de acondicionamiento físico del sector privado,0 a 5 personas,AVENIDA,AQUILES SERDAN,CALLE,OSA MAYOR,AVENIDA,EL ROSARIO,CALLE,CULTURA NORTE,1025,NA,NA,1,NA,NA,COLONIA,EL ROSARIO,CENTRO Y PLAZA COMERCIAL,TOWN CENTER,P,02430,09,Ciudad de México,002,Azcapotzalco,0001,Azcapotzalco,0928,009,NA,FUTBOLCATORCE7@GMAIL.COM,NA,Fijo,19.50291025,-99.20513044,2014-12
10988994,09013713943002033000000000U2,FUTBOL SOCCER 7 CUEMANCO,NA,713943,Centros de acondicionamiento físico del sector privado,11 a 30 personas,OTRO(ESPECIFIQUE),CANAL,CALLE,NINGUNO,OTRO(ESPECIFIQUE),NINGUNO,OTRO(ESPECIFIQUE),NINGUNO,2000,NA,NA,1,NA,NA,COLONIA,TLACOAPA,PARQUE RECREATIVO,DEPORTIVO CUEMANCO XOCHIMILCO,2000,16000,09,Ciudad de México,013,Xochimilco,0001,Xochimilco,1277,003,5512757355,NA,NA,Fijo,19.30004827,-99.10049308,2024-11
9759381,09012713943002861000000000U8,G HAMMER GYM,SUSANA RODRIGUEZ,713943,Centros de acondicionamiento físico del sector privado,0 a 5 personas,CALLE,BOSQUES,OTRO(ESPECIFIQUE),ARROYO,CALLE,ROBLES,CALLE,CEDROS,NA,SN,NA,NA,NA,NA,COLONIA,BOSQUES DEL PEDREGAL,NA,NA,NA,14738,09,Ciudad de México,012,Tlalpan,0001,Tlalpan,1509,033,5535246387,NA,NA,Fijo,19.27076287,-99.24186166,2024-11
7627082,09013713943001541000000000U5,GABO GYM,NA,713943,Centros de acondicionamiento físico del sector privado,0 a 5 personas,CALLE,BRESOS,CALLE,AHUEJOTES,CALLE,ARCES,CALLE,BRESOS,5,NA,NA,NA,NA,NA,AMPLIACION,AMPLIACIÓN SAN MARCOS NORTE,NA,NA,NA,16038,09,Ciudad de México,013,Xochimilco,0001,Xochimilco,1050,036,NA,NA,NA,Fijo,19.26719588,-99.11511342,2019-11
642701,09002713943000081000000000U6,GABRIELS GYM GIMNASIO,NA,713943,Centros de acondicionamiento físico del sector privado,0 a 5 personas,CALLE,FRESNOS,AVENIDA,16 DE SEPTIEMBRE,CALLE,CHABACANO,CALLE,PINOS,20,NA,NA,NA,NA,NA,COLONIA,PASTEROS,NA,NA,NA,02150,09,Ciudad de México,002,Azcapotzalco,0001,Azcapotzalco,0190,016,5553826246,NA,NA,Fijo,19.49606216,-99.19324607,2010-07
9795676,09014713943002351000000000U6,GARAGE GYM,GARAGE GYM,713943,Centros de acondicionamiento físico del sector privado,0 a 5 personas,AVENIDA,DIAGONAL SAN ANTONIO,CALLE,LA MORENA,AVENIDA,DOCTOR JOSE MARIA VERTIZ,AVENIDA,DOCTOR JOSE MARIA VERTIZ,1695,NA,NA,NA,NA,NA,COLONIA,NARVARTE ORIENTE,NA,NA,NA,03023,09,Ciudad de México,014,Benito Juárez,0001,Benito Juárez,0083,015,NA,GARAGEGYM@OUTLOOK.COM,NA,Fijo,19.39865633,-99.15106248,2024-11
11306219,09012713943002821000000000U2,GCA FITNES GYM,AZUCENA FLORES,713943,Centros de acondicionamiento físico del sector privado,0 a 5 personas,AVENIDA,CRUZ BLANCA,CALLE,LAS ROSAS,CERRADA,IXTLAHUACA,CERRADA,PRIMERA DE LAS ROSAS,500,NA,NA,NA,NA,NA,PUEBLO,SAN MIGUEL TOPILEJO,NA,NA,NA,14500,09,Ciudad de México,012,Tlalpan,0027,San Miguel Topilejo,1763,047,5611721783,NA,NA,Fijo,19.20393574,-99.14929191,2024-11
736829,09007713943002061000000000U5,GEMINIS GYM,ALFREDO CASTELAN,713943,Centros de acondicionamiento físico del sector privado,0 a 5 personas,CALLE,VILLA CONSISTORIOS,CALLE,VILLA DEL PUENTE,CALLE,MANUEL CAÑAS (VILLA BRAZ),CALLE,15 DE SEPTIEMBRE,71,22LT9,NA,NA,NA,NA,COLONIA,DESARROLLO URBANO QUETZALCOATL,NA,NA,NA,09700,09,Ciudad de México,007,Iztapalapa,0001,Iztapalapa,3045,036,5531276749,NA,NA,Fijo,19.3304498,-99.04333002,2014-12
893323,09015713943001441002000000U3,GENESIS GYM,NA,713943,Centros de acondicionamiento físico del sector privado,6 a 10 personas,AVENIDA,RIBERA DE SAN COSME,CALLE,JOSE ROSAS MORENO,CALLE,MIGUEL SCHULTZ,CALLE,ALFONSO HERRERA,66,NA,NA,17,NA,NA,COLONIA,SAN RAFAEL,CENTRO Y PLAZA COMERCIAL,PLAZA SAN COSME 66,15,06470,09,Ciudad de México,015,Cuauhtémoc,0001,Cuauhtémoc,0697,017,5572617746,NA,NA,Fijo,19.44141294,-99.1601242,2011-03
721376,09007713943003652102000000U0,GIL MAR CARDIO EXPRESS,NA,713943,Centros de acondicionamiento físico del sector privado,0 a 5 personas,CALLE,AZTECAS,CALLE,5 DE MAYO,CERRADA,NINGUNO,CALLE,2 DE ABRIL,20,NA,NA,NA,NA,NA,BARRIO,LA ASUNCIÓN,NA,NA,NA,09000,09,Ciudad de México,007,Iztapalapa,0001,Iztapalapa,0746,016,NA,NA,NA,Fijo,19.36130265,-99.09275759,2014-12
8528384,09010713943001321000000000U8,GIM CIMARRON FITNESS STUDIO,NA,713943,Centros de acondicionamiento físico del sector privado,0 a 5 personas,CALLE,CANARIO,CALLE,PROLONGACION DIVISION DEL NORTE,CALLE,PROLONGACION CALLE 2,CALLE,SUR 110,166,NA,NA,1,4,NA,COLONIA,TOLTECA,EDIFICIO COMERCIAL Y DE SERVICIOS,PLAZA CANARIO,4,01150,09,Ciudad de México,010,Álvaro Obregón,0001,Álvaro Obregón,1773,003,NA,NA,NA,Fijo,19.3931256,-99.19376053,2019-11
8138131,09007713943005971000000000U2,GIM DE BOX EL CUADRILATERO,NA,713943,Centros de acondicionamiento físico del sector privado,0 a 5 personas,CALLE,FERNANDO MONTES DE OCA,CALLE,NINGUNO,CALLE,BELISARIO DOMINGUEZ,CALLE,JOSE MARIA MORELOS,21,NA,NA,NA,NA,NA,COLONIA,PARAJE ZACATEPEC,NA,NA,NA,09560,09,Ciudad de México,007,Iztapalapa,0001,Iztapalapa,2530,003,NA,NA,NA,Fijo,19.35710209,-99.01941837,2019-11
738950,09005713943000971001000000U1,GIM FUN & FIT FITNESS CENTER,NA,713943,Centros de acondicionamiento físico del sector privado,0 a 5 personas,EJE VIAL,5 NORTE MONTEVIDEO,CALLE,TRUJILLO,CALLE,PAYTA,AVENIDA,OTAVALO,373,NA,NA,NA,NA,NA,COLONIA,LINDAVISTA SUR,NA,NA,NA,07300,09,Ciudad de México,005,Gustavo A. Madero,0001,Gustavo A. Madero,0949,020,NA,LINDAVISTA@FUNANDFITGIM.COM,WWW.FUNTANDFITGIM.COM,Fijo,19.4911163,-99.13448084,2010-07
10786183,09010713943002442000000000U1,GIM VIVE FIT,NA,713943,Centros de acondicionamiento físico del sector privado,6 a 10 personas,AVENIDA,CENTENARIO,CALLE,FUEGUINOS,CALLE,CHARRUAS,CALLE,DIAGUITAS,4,NA,NA,NA,NA,NA,COLONIA,SEGUNDO REACOMODO TLACUITLAPA,NA,NA,NA,01650,09,Ciudad de México,010,Álvaro Obregón,0001,Álvaro Obregón,1646,050,NA,NA,NA,Fijo,19.3559886,-99.237456,2024-11
693677,09017713943000311000000000U5,GIMANACIO DE CARLO,NA,713943,Centros de acondicionamiento físico del sector privado,0 a 5 personas,EJE VIAL,3 ORIENTE INGENIERO EDUARDO MOLINA,CALLE,TALABARTEROS,CALLE,PLOMEROS,CALLE,HUICHAPAN,394,NA,NA,NA,NA,NA,COLONIA,AMPLIACIÓN MICHOACANA,NA,NA,NA,15250,09,Ciudad de México,017,Venustiano Carranza,0001,Venustiano Carranza,0174,014,NA,NA,NA,Fijo,19.44703279,-99.11141282,2014-12
11525446,09011713943002271000000000U2,GIMANSIO GYM KAIZEN,NA,713943,Centros de acondicionamiento físico del sector privado,0 a 5 personas,CALLE,LA BARRANCA,CERRADA,AZUCENA (VIOLETA),CALLE,LA BARRANCA,PRIVADA,ZACATLAN,NA,SN,NA,NA,NA,NA,COLONIA,FRANCISCO VILLA,NA,NA,NA,13520,09,Ciudad de México,011,Tláhuac,0001,Tláhuac,0984,006,NA,NA,NA,Fijo,19.24713695,-99.00039001,2024-11
9188972,09005713943004181000000000U3,GIMMASIO CHARLY,NA,713943,Centros de acondicionamiento físico del sector privado,0 a 5 personas,CALLE,CHIAPAS,CALLE,NAYARIT,CALLE,TLAXCALA,CALLE,SAN LUIS POTOSI,1248,MZ 89,NA,NA,NA,NA,COLONIA,CHALMA DE GUADALUPE,NA,NA,NA,07210,09,Ciudad de México,005,Gustavo A. Madero,0001,Gustavo A. Madero,0099,016,5592340127,CHARLYGYMOFICIAL.@GMAIL.COM,NA,Fijo,19.55495986,-99.15213051,2019-11
8183854,09005713942000061010000000U3,GIMMASIO DE LA CIUDAD DE MEXICO GUSTAVO A. MADERO,GOBIERNO DE LA CIUDAD DE MEXICO,713944,Centros de acondicionamiento físico del sector público,0 a 5 personas,CALLE,ESTADO DE MEXICO,CALLE,MORELOS,CALLE,NINGUNO,CALLE,MORELOS,200,NA,NA,NA,NA,NA,COLONIA,LOMA LA PALMA,NA,NA,NA,07160,09,Ciudad de México,005,Gustavo A. Madero,0001,Gustavo A. Madero,0101,027,NA,NA,NA,Fijo,19.55074219,-99.14826187,2019-11
11401734,09017713943001781000000000U8,GIMNACIO,NA,713943,Centros de acondicionamiento físico del sector privado,0 a 5 personas,CALLE,ORIENTE 158,CALLE,NORTE 29,CALLE,NORTE 25,CALLE,ORIENTE 156,250,NA,NA,NA,NA,NA,COLONIA,MOCTEZUMA SEGUNDA SECCIÓN,NA,NA,NA,15530,09,Ciudad de México,017,Venustiano Carranza,0001,Venustiano Carranza,055A,003,NA,NA,NA,Fijo,19.4343785,-99.0975338,2024-11
900486,09015713943001321000000000U7,GIMNACIO ADIANS GYM,NA,713943,Centros de acondicionamiento físico del sector privado,0 a 5 personas,EJE VIAL,2 SUR MANUEL JOSE OTHON,EJE VIAL,CENTRAL (LAZARO CARDENAS),CALLE,SIMON BOLIVAR,CALLE,ANTONIO GARCIA CUBAS,41,NA,NA,NA,NA,SN,COLONIA,OBRERA,NA,NA,NA,06800,09,Ciudad de México,015,Cuauhtémoc,0001,Cuauhtémoc,1144,014,5539432029,NA,NA,Fijo,19.41492098,-99.1415983,2014-12
8694579,09010713943001751000000000U6,GIMNACIO ADN,NA,713943,Centros de acondicionamiento físico del sector privado,0 a 5 personas,CALLE,MIRADOR,AVENIDA,AVENIDA DE LAS TORRES,CALLE,JOSE MARIA MORELOS Y PAVON,CERRADA,JOSE MARIA MORELOS Y PAVON,1,NA,NA,NA,NA,NA,COLONIA,TORRES DE POTRERO,NA,NA,NA,01840,09,Ciudad de México,010,Álvaro Obregón,0001,Álvaro Obregón,2057,009,NA,NA,NA,Fijo,19.33014954,-99.24908901,2019-11
820172,09007713943002041000000000U7,GIMNACIO ANIMAL POWER GYM,NA,713943,Centros de acondicionamiento físico del sector privado,0 a 5 personas,AVENIDA,REVOLUCION,CALLE,FRESNO,CALLE,20 DE NOVIEMBRE,CALLE,PALMITAS,39,MZ 21,NA,NA,NA,NA,COLONIA,SAN MIGUEL TEOTONGO SECCIÓN IZTLAHUACA,NA,NA,NA,09630,09,Ciudad de México,007,Iztapalapa,0001,Iztapalapa,5319,020,NA,NA,NA,Fijo,19.34217378,-98.99444353,2014-12
11065483,09005713943004471000000000U8,GIMNACIO ANIMALS,NA,713943,Centros de acondicionamiento físico del sector privado,0 a 5 personas,CALLE,SAN MIGUEL,CALLE,LOMA CIERZO,CALLE,CERRO ABANICO,CALLE,KILIMANJARO,6,NA,NA,NA,NA,NA,COLONIA,LOMAS DE CUAUTEPEC,NA,NA,NA,07100,09,Ciudad de México,005,Gustavo A. Madero,0001,Gustavo A. Madero,0012,024,5593400882,NA,NA,Fijo,19.56806617,-99.13294485,2024-11
732881,09007713943002901000000000U2,GIMNACIO APOCALIPSIS GYM,CARLOS CONTRERAS,713943,Centros de acondicionamiento físico del sector privado,0 a 5 personas,CALLE,15 DE SEPTIEMBRE,CERRADA,15 DE SEPTIEMBRE,CALLE,MORELOS,CALLE,15 DE SEPTIEMBRE,3,A,NA,NA,NA,NA,COLONIA,LOMAS DE ZARAGOZA,NA,NA,NA,09620,09,Ciudad de México,007,Iztapalapa,0001,Iztapalapa,262A,001,5527423471,NA,NA,Fijo,19.35141697,-98.99631131,2014-12
8377365,09006713943001121000000000U0,GIMNACIO BICHOS,NA,713943,Centros de acondicionamiento físico del sector privado,0 a 5 personas,CALLE,ORIENTE 259,CALLE,SUR 20,CALLE,SUR 20-A,CALLE,ORIENTE 255-D,293,NA,NA,NA,NA,NA,COLONIA,AGRÍCOLA ORIENTAL,NA,NA,NA,08500,09,Ciudad de México,006,Iztacalco,0001,Iztacalco,0556,015,5511884426,NA,NA,Fijo,19.38915248,-99.06242724,2019-11
10317819,09011713943002311000000000U6,GIMNACIO BODY GLOW STUDIO,NA,713943,Centros de acondicionamiento físico del sector privado,0 a 5 personas,CALLE,MIGUEL HIDALGO,CALLE,PROLONGACION JERUSALEM,CALLE,CALLEJON CHAPULTEPEC,CALLE,CHABACANO,NA,SN,NA,NA,NA,NA,PUEBLO,SAN FRANCISCO TLALTENCO,NA,NA,NA,13400,09,Ciudad de México,011,Tláhuac,0001,Tláhuac,0753,003,NA,NA,NA,Fijo,19.2983288,-99.01903562,2024-11
10836141,09007713943007681000000000U5,GIMNACIO CALIFORNIA,NA,713943,Centros de acondicionamiento físico del sector privado,0 a 5 personas,CALLE,1,CALLE,SABADEL,CALLE,BELLAVISTA,AVENIDA,11,21,NA,NA,NA,NA,A,COLONIA,SAN JUAN XALPA,NA,NA,NA,09850,09,Ciudad de México,007,Iztapalapa,0001,Iztapalapa,5215,001,NA,NA,NA,Fijo,19.33160376,-99.08156462,2024-11
9854353,09007713943007561000000000U9,GIMNACIO CAMPEONES DEL MUNDO BOXING CLUB,NA,713943,Centros de acondicionamiento físico del sector privado,0 a 5 personas,CALLE,LIRIO,CALLE,PEDREGAL,CALLE,IZTACCIHUATL,CALLE,PARICUTIN,15,MZ132,NA,NA,NA,NA,COLONIA,SAN MIGUEL TEOTONGO SECCIÓN PUENTE,NA,NA,NA,09630,09,Ciudad de México,007,Iztapalapa,0001,Iztapalapa,2649,013,5540193903,NA,NA,Fijo,19.35137403,-98.99342387,2024-11
7630887,09011713943001411001000000U5,GIMNACIO CARDIO SPORT,NA,713943,Centros de acondicionamiento físico del sector privado,6 a 10 personas,CALLE,MIGUEL ECHEGARAY FRANCISCO VILLA,CALLE,ALLENDE,CALLE,JUAN FERRI,CALLE,EMILIANO ZAPATA,NA,SN,NA,NA,NA,NA,CIUDAD,LA LUPITA,NA,NA,NA,13510,09,Ciudad de México,011,Tláhuac,0001,Tláhuac,0999,009,NA,YAZZ13GR@HOTMAIL.COM,NA,Fijo,19.24882215,-98.99583658,2019-11
674451,09005713943002061000000000U9,GIMNACIO CARRERA SPORTS,JESUS MENDOZA,713943,Centros de acondicionamiento físico del sector privado,0 a 5 personas,AVENIDA,CENTENARIO,AVENIDA,FERROCARRIL HIDALGO,CALLE,CERRADA DE ALMACENES,CALLE,CERRADA DE ALMACENES,2232,NA,NA,NA,NA,NA,COLONIA,DE SANTIAGO ATZACOALCO,NA,NA,NA,07440,09,Ciudad de México,005,Gustavo A. Madero,0001,Gustavo A. Madero,1171,026,5613965957,NA,NA,Fijo,19.49020887,-99.10025831,2014-12
11829844,09007713943008121000000000U1,GIMNACIO CROSSFIT,NA,713943,Centros de acondicionamiento físico del sector privado,0 a 5 personas,CALLE,JACARANDAS,CALLE,Ilusión,CALLE,Mariano Escobedo,CALLE,Victoria,1,MZ36,NA,NA,NA,NA,COLONIA,SAN MIGUEL TEOTONGO SECCIÓN LOMA ALTA,NA,NA,NA,09630,09,Ciudad de México,007,Iztapalapa,0001,Iztapalapa,3153,005,5645832280,NA,NA,Fijo,19.3399586,-98.98466489,2025-04
10210858,09013713944000201000000000U5,GIMNACIO DE BOX ALCALDIA XOCHIMILCO,GIMNACIO DE BOX ALCALDIA XOCHIMILCO,713944,Centros de acondicionamiento físico del sector público,0 a 5 personas,CALLE,FRANCISCO GOYTIA,CALLE,NUEVA CARRETERA XOCHIMILCO TULYEHUALCO (16 DE SEPTIEMBRE),CALLE,REDENCION,CALLE,MAIZ,NA,DOMICILIO CONOCIDO,NA,NA,NA,NA,BARRIO,SAN PEDRO,NA,NA,NA,16090,09,Ciudad de México,013,Xochimilco,0001,Xochimilco,032A,001,NA,NA,NA,Fijo,19.25610019,-99.10777138,2024-11
7630664,09011713943001401000000000U6,GIMNACIO DE BOX SAN JOSE,NA,713943,Centros de acondicionamiento físico del sector privado,0 a 5 personas,CALLE,ALBERTO DOMINGUEZ ORIENTE 6,CALLE,CANCIONERO (NORTE 9),CALLE,FAROLITO (NORTE 7),CALLE,JUAN MENDOZA (ORIENTE 4),NA,SN,NA,NA,NA,NA,COLONIA,SAN JOSE,NA,NA,NA,13020,09,Ciudad de México,011,Tláhuac,0001,Tláhuac,0397,001,NA,NA,NA,Fijo,19.27808773,-98.99445081,2019-11
8904532,09010713943001311000000000U9,GIMNACIO DE BOXEO PALOMARES,NA,713943,Centros de acondicionamiento físico del sector privado,0 a 5 personas,AVENIDA,29 DE OCTUBRE,CALLE,CALLE DE LA ROSA,CALLE,PERALTA,CALLE,LA PAZ,NA,SN,NA,NA,NA,NA,COLONIA,LOMAS DE LA ERA,NA,NA,NA,01860,09,Ciudad de México,010,Álvaro Obregón,0001,Álvaro Obregón,1364,009,5547208214,NA,NA,Fijo,19.31554016,-99.26611936,2019-11
8711896,09011713943001721000000000U7,GIMNACIO ESPARTA,ANA CAMAYO,713943,Centros de acondicionamiento físico del sector privado,0 a 5 personas,CALLE,MAR DE LOS NUBLADOS,CALLE,CRATER ATLAS,AVENIDA,ESTANISLAO RAMIREZ RUIZ,CALLE,MAR DE LOS HUMORES,NA,SN,NA,NA,NA,NA,COLONIA,SELENE SEGUNDA SECCION,NA,NA,NA,13420,09,Ciudad de México,011,Tláhuac,0001,Tláhuac,0289,018,NA,NA,NA,Fijo,19.28332089,-99.00045228,2019-11
10662075,09017713943001621000000000U6,GIMNACIO F MEXICOITSTATION MEXICO,NA,713943,Centros de acondicionamiento físico del sector privado,0 a 5 personas,CALLE,ORIENTE 174,CALLE,NORTE 25,CALLE,NORTE 21,CALLE,ORIENTE 176,305,NA,NA,NA,NA,NA,COLONIA,MOCTEZUMA SEGUNDA SECCIÓN,NA,NA,NA,15530,09,Ciudad de México,017,Venustiano Carranza,0001,Venustiano Carranza,0672,005,NA,NA,NA,Fijo,19.4312998,-99.09381943,2024-11
11768510,09015713943003262000000000U1,GIMNACIO F45 TRAINING,NA,713943,Centros de acondicionamiento físico del sector privado,6 a 10 personas,CALLE,PACHUCA,CALLE,Cerrada Pachuca,AVENIDA,Mazatlán,CALLE,Juan de la Barrera,95,NA,NA,NA,NA,NA,COLONIA,CONDESA,NA,NA,NA,06140,09,Ciudad de México,015,Cuauhtémoc,0001,Cuauhtémoc,1178,002,NA,CONDESA@F45TRAINING.MX,NA,Fijo,19.41704738,-99.17657018,2025-04
928417,09010713943000661000000000U8,GIMNACIO FAARICK,NA,713943,Centros de acondicionamiento físico del sector privado,0 a 5 personas,CALLE,MIGUEL HIDALGO,CERRADA,SEGUNDA,CALLE,CALLE DEL PUENTE,PRIVADA,PRIVADA PINOS,9,NA,NA,NA,NA,NA,PUEBLO,SAN BARTOLO AMEYALCO,NA,NA,NA,01800,09,Ciudad de México,010,Álvaro Obregón,0001,Álvaro Obregón,1330,046,NA,FAARICKGYM@GMAIL.COM,NA,Semifijo,19.33000857,-99.26391292,2014-12
9055476,09010713943001921000000000U5,GIMNACIO FAMILY FITNESS,NA,713943,Centros de acondicionamiento físico del sector privado,0 a 5 personas,CALLE,FRANCISCO I MADERO,CALLEJON,XOLALPA,CALLE,LA ERA,CALLE,GUILLERMO PRIETO,29,NA,NA,NA,NA,NA,PUEBLO,SAN BARTOLO AMEYALCO,NA,NA,NA,01800,09,Ciudad de México,010,Álvaro Obregón,0001,Álvaro Obregón,1345,022,5523800214,NA,NA,Fijo,19.33238136,-99.27256284,2019-11
9152962,09011713943001981000000000U7,GIMNACIO FITNESS CENTER CLUB,NA,713943,Centros de acondicionamiento físico del sector privado,0 a 5 personas,AVENIDA,CALZADA GUILLERMO PRIETO,CALLE,PABLO BANUET,CALLE,IGNACIO MOLINA,CALLE,LAZARO CARDENAS,659,NA,NA,NA,NA,NA,COLONIA,LA CONCHITA,NA,NA,NA,13360,09,Ciudad de México,011,Tláhuac,0001,Tláhuac,0927,031,NA,NA,NA,Fijo,19.28821154,-99.04048552,2019-11
9721109,09005713943005191000000000U1,GIMNACIO FUNCIONAL DESTROYER,NA,713943,Centros de acondicionamiento físico del sector privado,0 a 5 personas,CALLE,LUIS ECHEVERRIA,CERRADA,LUIS ECHEVERRIA,CERRADA,QUINTA LUIS ECHEVERRIA,CALLE,FRANCISCO SARABIA,13,NA,NA,NA,NA,NA,COLONIA,LOMA LA PALMA,NA,NA,NA,07160,09,Ciudad de México,005,Gustavo A. Madero,0001,Gustavo A. Madero,0050,013,5559848163,NA,NA,Fijo,19.55708169,-99.13892297,2024-11
8260511,09005713943003271000000000U3,GIMNACIO GOLDEN FITNESS,NA,713943,Centros de acondicionamiento físico del sector privado,0 a 5 personas,CALLE,CERRADA JOSE VASCONCELOS,AVENIDA,LAS TORRES,CALLE,JOSE VASCONCELOS,CALLE,ANDRES A. OSUNA,NA,SN,NA,NA,NA,MZ 105 LT 22BIS,COLONIA,AMPLIACIÓN GABRIEL HERNÁNDEZ,NA,NA,NA,07080,09,Ciudad de México,005,Gustavo A. Madero,0001,Gustavo A. Madero,0667,018,5586878256,NA,NA,Fijo,19.50576946,-99.10809121,2019-11
838183,09007713943003591000000000U0,GIMNACIO GYM OLIMPIA,NA,713943,Centros de acondicionamiento físico del sector privado,0 a 5 personas,CALLE,NICOLAS BRAVO,CALLE,URSULO GALVAN,CALLE,IGNACIO MANUEL ALTAMIRANO,CALLE,MARIANO CARO,2,MZ 3,NA,NA,NA,NA,COLONIA,LAS PEÑAS,NA,NA,NA,09750,09,Ciudad de México,007,Iztapalapa,0001,Iztapalapa,3863,027,NA,NA,NA,Fijo,19.335204010000002,-99.04758092,2010-07
8890449,09011713943001931001000000U2,GIMNACIO GYM PALACIOS,NA,713943,Centros de acondicionamiento físico del sector privado,6 a 10 personas,AVENIDA,AGUSTIN LARA,CALLE,ESCARCHA (NORTE 3),CALLE,LA RONDALLA (NORTE 1),CALLE,CARLOS MARTINEZ GIL (ORIENTE 10),987,MZ124,NA,NA,NA,NA,COLONIA,SAN JOSE,NA,NA,NA,13020,09,Ciudad de México,011,Tláhuac,0001,Tláhuac,0378,019,5558420605,NA,NA,Fijo,19.27703639,-98.99986606,2019-11
925854,09010713943001021000000000U4,GIMNACIO GYM SPORT LIFE,NA,713943,Centros de acondicionamiento físico del sector privado,0 a 5 personas,AVENIDA,CENTENARIO,AVENIDA,CENTENARIO,CALLE,MEJIA DELGADO,AVENIDA,5 DE MAYO,478,NA,NA,NA,2,NA,COLONIA,MERCED GÓMEZ,NA,NA,NA,01600,09,Ciudad de México,010,Álvaro Obregón,0001,Álvaro Obregón,0690,011,NA,NA,NA,Fijo,19.366485,-99.21109885,2014-12
7648810,09009713943000381000000000U5,GIMNACIO GYM SPORT PALACE,NA,713943,Centros de acondicionamiento físico del sector privado,0 a 5 personas,CALLE,IGNACIO ZARAGOZA ORIENTE,AVENIDA,NICOLAS BRAVO,AVENIDA,MIGUEL HIDALGO,CALLE,CUAUHTEMOC,36,NA,NA,NA,NA,NA,PUEBLO,SAN ANTONIO TECOMITL,NA,NA,NA,12100,09,Ciudad de México,009,Milpa Alta,0011,San Antonio Tecómitl,0416,006,NA,NA,NA,Fijo,19.21871917,-98.99259563,2019-11
9154363,09013713943001872001000000U4,GIMNACIO GYM7 XALTOCAN,NA,713943,Centros de acondicionamiento físico del sector privado,0 a 5 personas,CALLE,CAMINO A NATIVITAS,CALLE,LIRIO ACUATICO,CALLE,BUGAMBILIA,CALLE,BUGAMBILIA,314,NA,NA,NA,NA,NA,BARRIO,XALTOCAN,NA,NA,NA,16090,09,Ciudad de México,013,Xochimilco,0001,Xochimilco,0334,001,NA,NA,NA,Fijo,19.25370534,-99.10308912,2019-11
876052,09015713943001161000000000U7,GIMNACIO HAROGYM,AGUSTIN ARO,713943,Centros de acondicionamiento físico del sector privado,0 a 5 personas,CALLE,ANGEL DEL CAMPO,EJE VIAL,CENTRAL (LAZARO CARDENAS),CALLE,BOLIVAR,CALLE,FRAY JUAN DE TORQUEMADA,8,A,NA,NA,NA,NA,COLONIA,OBRERA,NA,NA,NA,06800,09,Ciudad de México,015,Cuauhtémoc,0001,Cuauhtémoc,1248,010,5514975825,NA,NA,Fijo,19.40785483,-99.14401984,2010-07
10228113,09007713943008081000000000U7,GIMNACIO HD,MAURICIO HERNANDEZ,713943,Centros de acondicionamiento físico del sector privado,0 a 5 personas,CALLE,AGUSTIN MELGAR,CALLE,SEGUNDA CERRADA AGUSTIN MELGAR,CALLE,EMILIANO ZAPATA,CALLE,SEGUNDA CERRADA AGUSTIN MELGAR,NA,SN,NA,NA,NA,NA,COLONIA,LOMAS DE ZARAGOZA,NA,NA,NA,09620,09,Ciudad de México,007,Iztapalapa,0001,Iztapalapa,2564,028,NA,NA,NA,Fijo,19.35621839,-98.99965953,2024-11
8539576,09014713943001671001000000U8,GIMNACIO HD SPORT FITNNES,NA,713943,Centros de acondicionamiento físico del sector privado,6 a 10 personas,EJE VIAL,7 SUR MUNICIPIO LIBRE,CALLE,ANTILLAS,CALZADA,CALZADA DE TLALPAN,EJE VIAL,7 SUR (MUNICIPIO LIBRE),54,NA,NA,NA,NA,NA,COLONIA,PORTALES NORTE,NA,NA,NA,03300,09,Ciudad de México,014,Benito Juárez,0001,Benito Juárez,0863,027,5592387830,NA,NA,Fijo,19.36803976,-99.14261123,2019-11
696439,09017713943000691000000000U0,GIMNACIO HOUSE POWER,NA,713943,Centros de acondicionamiento físico del sector privado,0 a 5 personas,CALLE,XICOTENCATL,CALLE,CIRCUNVALACION,CALLE,TENOCHTITLAN,CALLE,CIRCUNVALACION,15,BIS,NA,NA,NA,NA,COLONIA,ARENAL PRIMERA SECCIÓN,NA,NA,NA,15600,09,Ciudad de México,017,Venustiano Carranza,0001,Venustiano Carranza,1524,024,NA,NA,NA,Fijo,19.42332334,-99.06002566,2014-12
963910,09011713943000411101000000U6,GIMNACIO LOS PINOS,NA,713943,Centros de acondicionamiento físico del sector privado,6 a 10 personas,AVENIDA,ESTANISLAO RAMIREZ RUIZ,CALLE,GOLFO DE LOS IRIS,CALLE,MAR DE LA SERENIDAD,CALLE,CRATER ATLAS,20,MANZANA 5,NA,NA,NA,NA,COLONIA,GOLFO DE LOS IRIS,NA,NA,NA,13420,09,Ciudad de México,011,Tláhuac,0001,Tláhuac,0185,002,5540013206,NA,NA,Fijo,19.29199782,-98.99868592,2010-07
10698246,09007713943006691000000000U5,GIMNACIO LUCAM BOX,NA,713943,Centros de acondicionamiento físico del sector privado,0 a 5 personas,CALLE,CANAL RUUPEL,CALLE,CANAL DE SUEZ,CALLE,CANAL COBLENZA,CALLE,CANAL LENINGRADO,NA,SN,NA,NA,NA,NA,COLONIA,INSURGENTES,NA,NA,NA,09750,09,Ciudad de México,007,Iztapalapa,0001,Iztapalapa,4768,012,NA,NA,NA,Fijo,19.33109351,-99.05245029,2024-11
7903625,09007713943004511000000000U7,GIMNACIO M Y RC,JUAN DOMINGUEZ,713943,Centros de acondicionamiento físico del sector privado,0 a 5 personas,CALLE,ESPUELA,CALLE,UNIDAD NACIONAL,CALLE,DALIA,CALLE,UNIDAD NACIONAL,NA,SN,NA,NA,NA,NA,COLONIA,LOS ÁNGELES,NA,NA,NA,09830,09,Ciudad de México,007,Iztapalapa,0001,Iztapalapa,1424,016,NA,NA,NA,Fijo,19.34573762,-99.0715995,2019-11
833506,09007713943003761000000000U9,GIMNACIO MARIVERS,NA,713943,Centros de acondicionamiento físico del sector privado,0 a 5 personas,CALLE,CHABACANO,CALLE,NISPERO,CALLE,CERRADA PERA,CALLE,PERA,35,MZ2,NA,NA,NA,NA,COLONIA,XALPA,NA,NA,NA,09640,09,Ciudad de México,007,Iztapalapa,0001,Iztapalapa,2691,021,5566182344,NA,NA,Fijo,19.34228614,-99.01848942,2010-07
1036951,09013713943000771000000000U9,GIMNACIO MARTINEZ,NA,713943,Centros de acondicionamiento físico del sector privado,0 a 5 personas,AVENIDA,AÑO DE JUAREZ,CALLE,CUACONTLE,PRIVADA,SEGUNDA,CALLE,AVENIDA 5 DE MAYO,NA,SN,NA,NA,NA,NA,PUEBLO,SAN LUIS TLAXIALTEMALCO,NA,NA,NA,16610,09,Ciudad de México,013,Xochimilco,0001,Xochimilco,0527,056,5585750254,NA,NA,Fijo,19.25632384,-99.04209786,2010-07
753865,09005713943000851000000000U5,GIMNACIO MAX GYM,NA,713943,Centros de acondicionamiento físico del sector privado,0 a 5 personas,AVENIDA,PERIFERICO,CALLE,RODOLFO MENDEZ,CALLE,MANUEL M. FLORES (A. J. MARIN),CALLE,EVA SAMANO DE LOPEZ MATEOS,5,NA,NA,NA,0,MZ17,COLONIA,AMPLIACIÓN GABRIEL HERNÁNDEZ,NA,NA,NA,07089,09,Ciudad de México,005,Gustavo A. Madero,0001,Gustavo A. Madero,0671,008,5581357924,NA,NA,Fijo,19.50629726,-99.09926805,2010-07
7748017,09006713943001091000000000U5,GIMNACIO MAX POWER,NA,713943,Centros de acondicionamiento físico del sector privado,0 a 5 personas,CALLE,ORIENTE 257,AVENIDA,SUR 8,CALLE,SUR 12,CALLE,ORIENTE 255-A,71,NA,NA,NA,NA,NA,COLONIA,AGRÍCOLA ORIENTAL,NA,NA,NA,08500,09,Ciudad de México,006,Iztacalco,0001,Iztacalco,0202,023,5539206607,EMILIOSIERRA1953@GMAIL.COM,NA,Fijo,19.3979571,-99.06224797,2019-11
9713005,09017713943001872000000000U5,GIMNACIO MAXIMUS,NA,713943,Centros de acondicionamiento físico del sector privado,6 a 10 personas,CALLE,EMILIO CARRANZA,AVENIDA,EMILIO CARRANZA,CALLE,ORIENTE 158,AVENIDA,EMILIO CARRANZA,NA,SN,NA,NA,NA,NA,COLONIA,MOCTEZUMA SEGUNDA SECCIÓN,NA,NA,NA,15530,09,Ciudad de México,017,Venustiano Carranza,0001,Venustiano Carranza,0653,003,NA,NA,NA,Fijo,19.43073319,-99.09920673,2024-11
767804,09005713943000541000000000U2,GIMNACIO NEW GIM,NA,713943,Centros de acondicionamiento físico del sector privado,0 a 5 personas,CALLE,310,CALLE,313,CALLE,315,CALLE,308,464,NA,NA,NA,75,NA,COLONIA,NUEVA ATZACOALCO,NA,NA,NA,07420,09,Ciudad de México,005,Gustavo A. Madero,0001,Gustavo A. Madero,1025,005,5536471731,MANUELMEDINAVACA@HOTMAIL.COM,NA,Fijo,19.49645231,-99.08668106,2010-07
723887,09007713943003951000000000U6,GIMNACIO NEW SPORT CENTER,NA,713943,Centros de acondicionamiento físico del sector privado,0 a 5 personas,AVENIDA,JOSE MARIA MORELOS,PRIVADA,PRIMERA BELEN,PRIVADA,SEGUNDA BELEN,CALLE,MORELOS,165,5,NA,NA,NA,NA,COLONIA,VALLE DE LUCES,NA,NA,NA,09800,09,Ciudad de México,007,Iztapalapa,0001,Iztapalapa,3825,014,5577399300,NA,NA,Fijo,19.33865492,-99.1044862,2014-12
8998969,09005713943003051000000000U9,GIMNACIO NORTHSIDE FITNESS,NA,713943,Centros de acondicionamiento físico del sector privado,0 a 5 personas,CALLE,CALLE DE LOS ROMPEOLAS,BOULEVARD,TEMOLUCO,CALLE,ACUEDUCTO DE GUADALUPE,CALLE,CALLE DE LOS RISCOS,37,NA,NA,NA,NA,NA,COLONIA,RESIDENCIAL ACUEDUCTO DE GUADALUPE,NA,NA,NA,07279,09,Ciudad de México,005,Gustavo A. Madero,0001,Gustavo A. Madero,039A,029,5523163039,POY85@HOTMAIL.COM,NA,Fijo,19.52695767,-99.15745247,2019-11
8528721,09010713943001371001000000U3,GIMNACIO OLIMPO,NA,713943,Centros de acondicionamiento físico del sector privado,6 a 10 personas,CALLE,VICENTE GUERRERO,CALLE,ALDAMA,CERRADA,NINGUNO,CERRADA,NINGUNO,10,NA,NA,NA,NA,NA,PUEBLO,SAN BARTOLO AMEYALCO,NA,NA,NA,01800,09,Ciudad de México,010,Álvaro Obregón,0001,Álvaro Obregón,1345,002,NA,NA,NA,Fijo,19.32945452,-99.27293269,2019-11
9130539,09003713943002202000000000U4,GIMNACIO OLIMPUS,NA,713943,Centros de acondicionamiento físico del sector privado,6 a 10 personas,AVENIDA,SANTA URSULA,CALLE,SAN GABINO,CALLE,SAN FAUSTINO,CALLE,SAN HERMILO,865,LT 18,NA,NA,NA,NA,COLONIA,PEDREGAL DE SANTA ÚRSULA,NA,NA,NA,04600,09,Ciudad de México,003,Coyoacán,0001,Coyoacán,0978,007,NA,NA,NA,Fijo,19.31159563,-99.16095356,2019-11
9535751,09007713943006551000000000U1,GIMNACIO PEPE GIM,NA,713943,Centros de acondicionamiento físico del sector privado,0 a 5 personas,CALLE,JUAN DE LA BARRERA,CALLE,NIÑOS HEROES,CALLE,15 DE SEPTIEMBRE,CALLE,BOLIVAR,5,MZ99,NA,NA,NA,NA,COLONIA,LOMAS DE ZARAGOZA,NA,NA,NA,09620,09,Ciudad de México,007,Iztapalapa,0001,Iztapalapa,2634,014,NA,NA,NA,Semifijo,19.35024793,-98.99619972,2024-11
11747920,09010713943002812000000000U5,GIMNACIO PODIUM GYMNASTICS,NA,713943,Centros de acondicionamiento físico del sector privado,6 a 10 personas,AVENIDA,5 DE MAYO,CALLE,Guadalupe Hidalgo,CALLE,Xochimilco,AVENIDA,Centenario,399,NA,NA,NA,NA,NA,COLONIA,MERCED GÓMEZ,NA,NA,NA,01600,09,Ciudad de México,010,Álvaro Obregón,0001,Álvaro Obregón,0690,005,NA,INFO@PODIUMGYMNASTICS.COM,WWW.PODIUMGYMNASTICS,Fijo,19.36533662,-99.20379024,2025-04
7594674,09012713943002282001000000U7,GIMNACIO SNORLIAM GYM,NA,713943,Centros de acondicionamiento físico del sector privado,0 a 5 personas,CALLE,REFORMA,CALLE,16 DE SEPTIEMBRE,CALLE,JOSE MARIA MORELOS,CALLE,VICENTE RIVAPALACIO,30,NA,NA,NA,NA,NA,PUEBLO,SAN ANDRÉS TOTOLTEPEC,NA,NA,NA,14400,09,Ciudad de México,012,Tlalpan,0001,Tlalpan,2013,024,5524167294,NA,NA,Fijo,19.25177678,-99.17183407,2019-11
7832725,09007713943005612000000000U2,GIMNACIO SPARTANS GYM,NA,713943,Centros de acondicionamiento físico del sector privado,6 a 10 personas,CALLE,AYUNTAMIENTO,CALLE,MARIANO ESCOBEDO,CALLE,LERDO DE TEJADA,CALLE,AZTECAS,84,NA,NA,NA,2,NA,BARRIO,LA ASUNCIÓN,NA,NA,NA,09000,09,Ciudad de México,007,Iztapalapa,0001,Iztapalapa,0746,020,5631281387,NA,NA,Fijo,19.3610326,-99.09135202,2019-11
8616656,09010713943001911000000000U6,GIMNACIO SPINNING MONTAIN,NA,713943,Centros de acondicionamiento físico del sector privado,0 a 5 personas,PRIVADA,PRIVADA DE DIAZ ORDAZ,CALLE,3,CALLE,5,CERRADA,PEROTE,3,MZ4 L3,NA,NA,NA,NA,COLONIA,AMPLIACIÓN JALALPA,NA,NA,NA,01296,09,Ciudad de México,010,Álvaro Obregón,0001,Álvaro Obregón,0440,025,5646474149,NA,NA,Fijo,19.37543168,-99.23386517,2019-11
8737110,09011713943001741000000000U5,GIMNACIO SPORT CENTER,NA,713943,Centros de acondicionamiento físico del sector privado,0 a 5 personas,CALLE,CALZADA REFORMA AGRARIA,CALLE,JUVENTINO ROSAS,CALLE,FAROLITO (SUR 7),CALLE,VELINO PRESA (ORIENTE 24),NA,SN,NA,NA,NA,NA,COLONIA,SAN JOSE,NA,NA,NA,13020,09,Ciudad de México,011,Tláhuac,0001,Tláhuac,0414,005,5520794250,NA,NA,Fijo,19.27178955,-98.99679957,2019-11
8276535,09005713943003461000000000U0,GIMNACIO SPORT GYM,NA,713943,Centros de acondicionamiento físico del sector privado,0 a 5 personas,CALLE,NORTE 60 A,CALLE,ORIENTE 95,CALLE,ORIENTE 91,EJE VIAL,2 ORIENTE (HONORABLE CONGRESO DE LA UNION),3809,NA,NA,NA,NA,NA,COLONIA,MÁRTIRES DE RÍO BLANCO,NA,NA,NA,07880,09,Ciudad de México,005,Gustavo A. Madero,0001,Gustavo A. Madero,217A,025,NA,NA,NA,Fijo,19.46147617,-99.11367733,2019-11
8182719,09005713943003551000000000U8,GIMNACIO STUDIO LL DANCE,NA,713943,Centros de acondicionamiento físico del sector privado,0 a 5 personas,CALLE,ESTADO DE MEXICO,CALLE,GUERRERO,CALLE,SAN LUIS POTOSI,CALLE,TLAXCALA,14,MZ 75,NA,NA,NA,NA,COLONIA,CHALMA DE GUADALUPE,NA,NA,NA,07210,09,Ciudad de México,005,Gustavo A. Madero,0001,Gustavo A. Madero,0099,005,NA,NA,NA,Fijo,19.55305936,-99.1525068,2019-11
8254162,09007713943004411000000000U0,GIMNACIO TAPIA SPORT,NA,713943,Centros de acondicionamiento físico del sector privado,0 a 5 personas,AVENIDA,CAÑADA,CERRADA,PLANETA,CALLE,UNIVERSO,CALLE,ESPACIAL,1,B,NA,NA,NA,NA,COLONIA,LOMAS DE LA ESTANCIA,NA,NA,NA,09640,09,Ciudad de México,007,Iztapalapa,0001,Iztapalapa,3346,001,5563210865,NA,NA,Fijo,19.33586447,-99.00475087,2019-11
9156962,09009713943000561000000000U2,GIMNACIO TECHNO SPORT,NA,713943,Centros de acondicionamiento físico del sector privado,0 a 5 personas,AVENIDA,FABIAN FLORES,CERRADA,FABIAN FLORES,CALLE,HERMENEGILDO GALEANA SUR,CALLE,AVENIDA JOSE MARIA MORELOS,1,NA,NA,NA,NA,NA,PUEBLO,SAN PABLO OZTOTEPEC,NA,NA,NA,12400,09,Ciudad de México,009,Milpa Alta,0024,San Pablo Oztotepec,0191,011,5561314147,NA,NA,Fijo,19.185688,-99.07185247,2019-11
8680057,09005713943003101000000000U2,GIMNACIO TEMPLE GYM,NA,713943,Centros de acondicionamiento físico del sector privado,0 a 5 personas,CALLE,HUASCARAN,CALLE,PIRULES,CALLE,BRECO,CALLE,LOMA DE LA LUNA,7,LT 7 MZ 65,NA,NA,NA,NA,COLONIA,VISTA HERMOSA,NA,NA,NA,07187,09,Ciudad de México,005,Gustavo A. Madero,0001,Gustavo A. Madero,3229,027,NA,NA,NA,Fijo,19.54522217,-99.12298162,2019-11
11509833,09010713943002701000000000U0,GIMNACIO URBAN FITNESS,MARIANA GARCIA,713943,Centros de acondicionamiento físico del sector privado,0 a 5 personas,CALLE,MEXICO 68,CALLE,PROLONGACION DEL TRABAJO,CALLE,SEGUNDA CERRADA PINOS,ANDADOR,ARROYO,2,A,NA,NA,NA,NA,COLONIA,LOMAS DE LOS CEDROS,NA,NA,NA,01870,09,Ciudad de México,010,Álvaro Obregón,0001,Álvaro Obregón,1716,059,5528453220,NA,NA,Fijo,19.3225094,-99.25867086,2024-11
650156,09005713943002022001000000U1,GIMNACIO VALHALLA,NA,713943,Centros de acondicionamiento físico del sector privado,0 a 5 personas,AVENIDA,MIGUEL BERNARD,CALLE,ARROYO AHUEHUETES,CALLE,ARROYO TICOMAN,AVENIDA,GUILLERMO MASSIEU H.,677,NA,NA,NA,NA,NA,COLONIA,RESIDENCIAL LA ESCALERA,NA,NA,NA,07320,09,Ciudad de México,005,Gustavo A. Madero,0001,Gustavo A. Madero,2875,020,7791249182,NA,NA,Fijo,19.51026368,-99.14004981,2010-07
958578,09014713943000331002000000U0,GIMNACIOAKSYSTEMS,NA,713943,Centros de acondicionamiento físico del sector privado,11 a 30 personas,AVENIDA,COYOACAN,CALLE,PEDRO ROMERO DE TERREROS,CALLE,LUZ SAVIÑON,CALLE,MIER Y PESADO,320,B,NA,NA,0,B,COLONIA,DEL VALLE NORTE,NA,NA,NA,03100,09,Ciudad de México,014,Benito Juárez,0001,Benito Juárez,0242,004,5511077737,DFSPOR.AKS@HOTMAIL.COM,NA,Fijo,19.39452892,-99.16641265,2010-07
850761,09015713943000712000000000U8,GIMNASI AVALON FITNESS,NA,713943,Centros de acondicionamiento físico del sector privado,0 a 5 personas,CALZADA,CALZADA DE GUADALUPE,CIRCUITO,INTERIOR (AVENIDA RIO CONSULADO),CALLE,RADIO,CALLE,PEÑOLES,145,NA,EDIFICIO SIN NOMBRE,18,NA,NA,COLONIA,VALLE GÓMEZ,NA,NA,NA,06240,09,Ciudad de México,015,Cuauhtémoc,0001,Cuauhtémoc,0127,008,5583152914,NA,NA,Fijo,19.45992982,-99.12674816,2010-07
8277858,09005711211000011000000000U0,GIMNASIA ARTISTICA EDEGYM,NA,713943,Centros de acondicionamiento físico del sector privado,0 a 5 personas,CALLE,CAMINO DE LA AMISTAD A,CALLE,CAMINO PARQUE CENTRAL,CALLE,CAMINO DE LA ENSEÑANZA,CALLE,CAMINO DE LA UNION,23,NA,NA,NA,NA,NA,COLONIA,CAMPESTRE ARAGÓN,NA,NA,NA,07530,09,Ciudad de México,005,Gustavo A. Madero,0001,Gustavo A. Madero,1345,012,5529091884,EDEGYM@HOTMAIL.COM,NA,Fijo,19.48534395,-99.07631919,2019-11
10366927,09012713943003011000000000U9,GIMNASIA R7 GYM,RICARDO SALAZAR,713943,Centros de acondicionamiento físico del sector privado,0 a 5 personas,CALLE,NAVAJOS,CERRADA,NAVAJOS,CALLE,ZEMPOALTECAS,CERRADA,NAHOAS,NA,SN,NA,NA,NA,NA,COLONIA,TLALCOLIGIA,NA,NA,NA,14430,09,Ciudad de México,012,Tlalpan,0001,Tlalpan,1119,046,5539033673,NA,NA,Fijo,19.27491288,-99.17312768,2024-11
10218173,09015713943002681000000000U3,GIMNASIO,NAHOMA HERNANDEZ,713943,Centros de acondicionamiento físico del sector privado,0 a 5 personas,AVENIDA,MANZANA O EDIFICACION CONTIGUA,OTRO(ESPECIFIQUE),MANZANA O EDIFICACION CONTIGUA,OTRO(ESPECIFIQUE),MANZANA O EDIFICACION CONTIGUA,OTRO(ESPECIFIQUE),MANZANA O EDIFICACION CONTIGUA,436,NA,NA,NA,4,NA,COLONIA,NONOALCO TLATELOLCO,NA,NA,NA,06900,09,Ciudad de México,015,Cuauhtémoc,0001,Cuauhtémoc,0216,003,5568867351,NA,NA,Fijo,19.45552272,-99.14816113,2024-11
924799,09010713943000971000000000U1,GIMNASIO,NA,713943,Centros de acondicionamiento físico del sector privado,0 a 5 personas,AVENIDA,CHICAGO,CALLE,URANO,CALLE,NEPTUNO,CALLE,MERCURIO,NA,SN,NA,NA,NA,NA,COLONIA,REACOMODO EL CUERNITO,NA,NA,NA,01280,09,Ciudad de México,010,Álvaro Obregón,0001,Álvaro Obregón,2112,002,NA,NA,NA,Fijo,19.38179886,-99.20854239,2014-12
735852,09007713943003241000000000U2,GIMNASIO,METAMORFOSIS GYM Y WELLNESS,713943,Centros de acondicionamiento físico del sector privado,0 a 5 personas,CALLE,FLORES TRIGAL,CERRADA,COCOTAL,AVENIDA,POZOS,CALLE,ROSAL,72,MZ 48B,NA,NA,NA,NA,COLONIA,BUENAVISTA,NA,NA,NA,09700,09,Ciudad de México,007,Iztapalapa,0001,Iztapalapa,3219,002,5646226460,SALGADOPETRONILO@GMAIL.COM,NA,Fijo,19.32897735,-99.03495938,2014-12
10197228,09007713943007551000000000U0,GIMNASIO,NA,713943,Centros de acondicionamiento físico del sector privado,0 a 5 personas,EJE VIAL,4 ORIENTE RIO CHURUBUSCO,AVENIDA,RIO SOTO LA MARINA,AVENIDA,RIO CAZONES,CIRCUITO,RIO TEQUIXQUIAC,1691,NA,NA,NA,NA,NA,COLONIA,PASEOS DE CHURUBUSCO,NA,NA,NA,09030,09,Ciudad de México,007,Iztapalapa,0001,Iztapalapa,0182,025,NA,NA,NA,Fijo,19.38600151,-99.09123796,2024-11
8184033,09005713943003661000000000U5,GIMNASIO,NA,713943,Centros de acondicionamiento físico del sector privado,0 a 5 personas,CALLE,LICENCIADO ADOLFO LOPEZ MATEOS,CALLE,PUERTO MAZATLAN,CALLE,PUERTO VALLARTA,CALLE,DIVISION DEL NORTE,6,MZA53,NA,NA,NA,NA,COLONIA,LOMA LA PALMA,NA,NA,NA,07160,09,Ciudad de México,005,Gustavo A. Madero,0001,Gustavo A. Madero,0084,001,5519296553,NA,NA,Fijo,19.55450431,-99.13987774,2019-11
7744487,09015713943002151000000000U7,GIMNASIO,NA,713943,Centros de acondicionamiento físico del sector privado,0 a 5 personas,AVENIDA,PERALVILLO,CALLE,LIBERTAD,EJE VIAL,1 NORTE (IGNACIO LOPEZ RAYON),AVENIDA,PERALVILLO,109,NA,NA,1,NA,NA,COLONIA,MORELOS,EDIFICIO COMERCIAL Y DE SERVICIOS,PLAZA G,SN,06200,09,Ciudad de México,015,Cuauhtémoc,0001,Cuauhtémoc,0540,003,5541286620,NA,NA,Fijo,19.4435774,-99.13268731,2019-11
9662878,09005713943004791000000000U9,GIMNASIO,NA,713943,Centros de acondicionamiento físico del sector privado,0 a 5 personas,CALLE,FLORIDA,CALLE,JOAQUIN PARDAVE,CALLE,ESTRELLA,CALLE,LAZARO CARDENAS,2,B,NA,NA,NA,B,COLONIA,EL TEPETATAL,NA,NA,NA,07130,09,Ciudad de México,005,Gustavo A. Madero,0001,Gustavo A. Madero,3252,006,5615793087,NA,NA,Fijo,19.56149114,-99.13985452,2024-11
668046,09005713943002491001000000U8,GIMNASIO,NA,713943,Centros de acondicionamiento físico del sector privado,6 a 10 personas,CALLE,PONIENTE 146,CALLE,NORTE 31-A,CALLE,NORTE 35,EJE VIAL,5 NORTE (MONTEVIDEO),NA,SN,NA,NA,2,2 Y 3 Y 2 3,COLONIA,NUEVA VALLEJO,NA,NA,NA,07750,09,Ciudad de México,005,Gustavo A. Madero,0001,Gustavo A. Madero,0883,004,NA,NA,NA,Fijo,19.49794269,-99.1515389,2010-07
900220,09015713943001171000000000U6,GIMNASIO 13,NA,713943,Centros de acondicionamiento físico del sector privado,0 a 5 personas,AVENIDA,AVENIDA DEL TALLER,CALLE,AGUSTIN DELGADO,CALZADA,SAN ANTONIO ABAD,CALLE,MANUEL JOSE OTHON,22,NA,NA,NA,NA,NA,COLONIA,TRÁNSITO,NA,NA,NA,06820,09,Ciudad de México,015,Cuauhtémoc,0001,Cuauhtémoc,1163,016,5557407472,GIMNASIO13@GMAIL.COM,NA,Fijo,19.41330189,-99.13365801,2014-12
11408335,09010713943002643000000000U4,GIMNASIO 54D,CARDIO MONSTER,713943,Centros de acondicionamiento físico del sector privado,11 a 30 personas,AUTOPISTA,MEXICO TOLUCA PROLONGACION PASEO DE LA REFORMA,CALLE,PASEO DE LOS TAMARINDOS,CALLE,PASEO DE LA REFORMA,CARRETERA,FEDERAL MEXICO TOLUCA,235,D,NA,NA,NA,NA,COLONIA,SAN GABRIEL,NA,NA,NA,01210,09,Ciudad de México,010,Álvaro Obregón,0001,Álvaro Obregón,1379,025,NA,NA,WWW.54D.COM.MX,Fijo,19.38086355,-99.25131708,2024-11
928679,09010713943000981000000000U0,GIMNASIO AARICK GYM AND FITNESS,NA,713943,Centros de acondicionamiento físico del sector privado,0 a 5 personas,CALLE,CERRADA FRAY BARTOLOME DE LAS CASAS,CALLE,SANTA MARIA,CERRADA,FRAY BARTOLOME,CALLE,CERRADA FRAY BARTOLOME DE LAS CASAS,18,NA,NA,NA,NA,NA,PUEBLO,SANTA ROSA XOCHIAC,NA,NA,NA,01830,09,Ciudad de México,010,Álvaro Obregón,0001,Álvaro Obregón,135A,006,NA,NA,NA,Fijo,19.32826016,-99.28445834,2014-12
11198204,09007713943007121000000000U2,GIMNASIO ADI,NA,713943,Centros de acondicionamiento físico del sector privado,0 a 5 personas,CALLE,ELOY CAVAZOS,AVENIDA,CAPULIN,CALLE,GLADIOLA,CALLE,JAZMIN,3,NA,NA,NA,41,NA,COLONIA,SAN MIGUEL TEOTONGO SECCIÓN AVISADERO,NA,NA,NA,09630,09,Ciudad de México,007,Iztapalapa,0001,Iztapalapa,3149,006,5566895000,NA,NA,Fijo,19.33839136,-98.98835084,2024-11
652715,09005713943002411002000000U6,GIMNASIO ADICTO YOU FITNESS,JONATHAN RAMIREZ,713943,Centros de acondicionamiento físico del sector privado,0 a 5 personas,CALLE,PROGRESO NACIONAL,CALLE,24,CALLE,25,CALLE,28,17,NA,NA,NA,NA,NA,COLONIA,PROGRESO NACIONAL,NA,NA,NA,07600,09,Ciudad de México,005,Gustavo A. Madero,0001,Gustavo A. Madero,0455,012,5553923076,NA,NA,Fijo,19.51690995,-99.1536563,2010-07
1004687,09003611622000033010000000U8,GIMNASIO AJUSCO,ALCALDIA COYOACAN,713944,Centros de acondicionamiento físico del sector público,11 a 30 personas,CALLE,NEZAHUALPILLI,CALLE,CORAS,CALLE,NINGUNO,CALLE,CORAS,22,NA,NA,NA,NA,NA,COLONIA,AJUSCO,NA,NA,NA,04300,09,Ciudad de México,003,Coyoacán,0001,Coyoacán,0963,022,5556199577,NA,NA,Fijo,19.31272406,-99.16226423,2010-07
9732594,09017713943001761000000000U0,GIMNASIO AKRAM,NA,713943,Centros de acondicionamiento físico del sector privado,0 a 5 personas,CALLE,PINTORES,CALLE,ALFARERIA,CALLE,JARCIERIA,CALLE,PELUQUEROS,27,NA,NA,NA,NA,NA,COLONIA,MORELOS,NA,NA,NA,15270,09,Ciudad de México,017,Venustiano Carranza,0001,Venustiano Carranza,0210,007,NA,NA,NA,Fijo,19.44846514,-99.12444183,2024-11
10597713,09010713944000271000000000U4,GIMNASIO AL AIRE LIBRE,NA,713944,Centros de acondicionamiento físico del sector público,0 a 5 personas,CALLEJON,1 TEPEOJUMA,PEATONAL,ATENACINGO,CALLE,TEPEOJUMA,ANDADOR,1 TEPEOJUMA,NA,SN,NA,NA,NA,NA,COLONIA,LOMAS DE BECERRA,NA,NA,NA,01279,09,Ciudad de México,010,Álvaro Obregón,0001,Álvaro Obregón,0370,045,NA,NA,NA,Fijo,19.38476368,-99.21732237,2024-11
11159612,09010713944000261000000000U5,GIMNASIO ALCALDIA ALVARO OBREGON,GIMNASIO ALCALDIA ALVARO OBREGON,713944,Centros de acondicionamiento físico del sector público,0 a 5 personas,OTRO(ESPECIFIQUE),NINGUNO,OTRO(ESPECIFIQUE),NINGUNO,OTRO(ESPECIFIQUE),NINGUNO,OTRO(ESPECIFIQUE),NINGUNO,NA,SN,NA,NA,NA,NA,UNIDAD HABITACIONAL,ARVIDE,NA,NA,NA,01279,09,Ciudad de México,010,Álvaro Obregón,0001,Álvaro Obregón,2112,034,NA,NA,NA,Fijo,19.38228212,-99.20724402,2024-11
1010753,09012713943000041000000000U9,GIMNASIO ALCANTARA,HERIBERTO ALCANTARA,713943,Centros de acondicionamiento físico del sector privado,0 a 5 personas,CALLE,CEDRAL,CALLE,CEDRAL,CERRADA,CERRADA DE CARRASCO,AUTOPISTA,MEXICO-CUERNAVACA,NA,SN,NA,NA,NA,NA,PUEBLO,SAN PEDRO MÁRTIR,NA,NA,NA,14650,09,Ciudad de México,012,Tlalpan,0001,Tlalpan,2263,025,5515020727,NA,NA,Fijo,19.2646428,-99.16280993,2010-07
812073,09006713943000462000000000U9,GIMNASIO AMBAR GYM,NA,713943,Centros de acondicionamiento físico del sector privado,0 a 5 personas,EJE VIAL,5 ORIENTE JAVIER ROJO GOMEZ,AVENIDA,SUR 8,CALLE,SUR 8-D,CALLE,ORIENTE 241-A,174,NA,NA,NA,NA,NA,COLONIA,AGRÍCOLA ORIENTAL,NA,NA,NA,08500,09,Ciudad de México,006,Iztacalco,0001,Iztacalco,033A,018,5557563065,BARRERAFER@YAHOO.COM.MX,NA,Fijo,19.39888394,-99.07220579,2010-07
7761352,09003713943002142000000000U2,GIMNASIO AMERICAN FITNESS,CESAR NAVA,713943,Centros de acondicionamiento físico del sector privado,6 a 10 personas,CALLE,CALLE EMILIANO MORALES,CALLE,LUIS MORALES,AVENIDA,SANTA ANA,PRIVADA,PRIVADA ANDRES AUDIFRED,207,NA,NA,NA,NA,NA,COLONIA,PRESIDENTES EJIDALES PRIMERA SECCIÓN,NA,NA,NA,04470,09,Ciudad de México,003,Coyoacán,0001,Coyoacán,0713,055,NA,AMERICANFITNNESS@GMAII.COM.MX,NA,Fijo,19.32944458,-99.12914411,2019-11
995385,09010713943000452000000000U2,GIMNASIO AMERICAN FITNESS,NA,713943,Centros de acondicionamiento físico del sector privado,0 a 5 personas,CALLE,BAHIA,CALLE,LLANURAS,CALLE,MESETA,CALLE,ARRECIFE,78,NA,NA,NA,NA,NA,COLONIA,AMPLIACIÓN LAS ÁGUILAS,NA,NA,NA,01710,09,Ciudad de México,010,Álvaro Obregón,0001,Álvaro Obregón,1839,014,NA,NA,NA,Fijo,19.35000906,-99.22002783,2010-07
8635679,09007713943005441000000000U6,GIMNASIO ANGELES Y DEMONIOS,NA,713943,Centros de acondicionamiento físico del sector privado,0 a 5 personas,CALLE,GAVILLEROS,CALLE,JAMAICA,ANDADOR,POLIGONO 1,AVENIDA,DE LAS FLORES,NA,SN,NA,NA,NA,NA,COLONIA,CAMPESTRE POTRERO,NA,NA,NA,09637,09,Ciudad de México,007,Iztapalapa,0001,Iztapalapa,426A,016,5575765047,NA,NA,Fijo,19.33177092,-98.97748831,2019-11
1039210,09013713943000181000000000U1,GIMNASIO APLOS JR,NA,713943,Centros de acondicionamiento físico del sector privado,0 a 5 personas,CALLE,SOFIA MENDOZA,CERRADA,NINGUNO,CALLE,SEGUNDA CERRADA COLORINES,CERRADA,CUARTA,1,NA,NA,NA,NA,NA,COLONIA,CRISTO REY,NA,NA,NA,16780,09,Ciudad de México,013,Xochimilco,0001,Xochimilco,1192,033,NA,NA,NA,Fijo,19.25023722,-99.01559945,2010-07
958170,09011713943000181000000000U5,GIMNASIO APOLO,NA,713943,Centros de acondicionamiento físico del sector privado,0 a 5 personas,CALLE,DOCTOR JUAN PALOMO MARTINEZ,CALLE,PRIVADA JUAN PALOMO,CALLE,20 DE NOVIEMBRE,AVENIDA,CALZADA TLAHUAC-CHALCO,NA,SN,NA,NA,NA,NA,BARRIO,LA MAGDALENA,NA,NA,NA,13070,09,Ciudad de México,011,Tláhuac,0001,Tláhuac,0946,012,5558491779,NA,NA,Fijo,19.26626071,-99.0020978,2010-07
7255361,09014713943001331000000000U9,GIMNASIO ARGUS,NA,713943,Centros de acondicionamiento físico del sector privado,0 a 5 personas,EJE VIAL,CENTRAL LAZARO CARDENAS,CALLE,CERRADA JUAN DE OCA,CALLE,PRIVADA JUAN DE OCA,CALLE,DOCTOR JOSE MARIA BARRAGAN,771,NA,NA,NA,NA,NA,COLONIA,NARVARTE ORIENTE,NA,NA,NA,03023,09,Ciudad de México,014,Benito Juárez,0001,Benito Juárez,0276,026,NA,NA,NA,Fijo,19.38832027,-99.14710387,2019-11
10432430,09012713943002882000000000U4,GIMNASIO ARIES FITNESS,NA,713943,Centros de acondicionamiento físico del sector privado,6 a 10 personas,AVENIDA,DIVISION DEL NORTE,CALLE,RANCHO PIOMO,CALZADA,CALZADA LAS BRUJAS,CALLE,RANCHO TAMBOREO,4344,NA,NA,17,NA,NA,COLONIA,NUEVA ORIENTAL COAPA,CENTRO Y PLAZA COMERCIAL,PLAZA HACIENDA,40,14300,09,Ciudad de México,012,Tlalpan,0001,Tlalpan,0233,019,NA,ARIES.GYMCENTER@HOTMAIL.COM,NA,Fijo,19.29819482,-99.13107315,2024-11
942309,09013713943000161001000000U3,GIMNASIO ARMYFORCE,NA,713943,Centros de acondicionamiento físico del sector privado,6 a 10 personas,CALLE,MORELOS,CALLE,IGNACIO ZARAGOZA,CALLE,NINGUNO,CALLE,MIGUEL HIDALGO,175,NA,NA,NA,NA,NA,PUEBLO,SAN MATEO XALPA,NA,NA,NA,16800,09,Ciudad de México,013,Xochimilco,0001,Xochimilco,1188,001,5613367576,NA,NA,Fijo,19.22923457,-99.11798057,2014-12
8528729,09010713944000071000000000U8,GIMNASIO ARTURO MARTINEZ,ALCALDIA ALVARO OBREGON,713944,Centros de acondicionamiento físico del sector público,0 a 5 personas,CALLE,A,CALLE,ANTIGUA VIA A LA VENTA,CALLE,MINAS,CALLE,NINGUNO,NA,SN,NA,NA,NA,NA,COLONIA,LOMAS DE BECERRA,NA,NA,NA,01279,09,Ciudad de México,010,Álvaro Obregón,0001,Álvaro Obregón,0370,053,NA,NA,NA,Fijo,19.38628395,-99.21925721,2019-11
1048546,09011713943001221000000000U8,GIMNASIO ATENAS,NA,713943,Centros de acondicionamiento físico del sector privado,0 a 5 personas,AVENIDA,SANTA CRUZ HERNANI,CALLE,DEODATO,AVENIDA,LA TURBA,CALLE,FAUSTO,NA,SN,NA,NA,0,MZ 100 LT 66,COLONIA,MIGUEL HIDALGO,NA,NA,NA,13200,09,Ciudad de México,011,Tláhuac,0001,Tláhuac,0202,019,NA,NA,NA,Fijo,19.28901693,-99.05012947,2010-07
946263,09011713943000731000000000U7,GIMNASIO ATENAS GYM SPORT,NA,713943,Centros de acondicionamiento físico del sector privado,0 a 5 personas,AVENIDA,CALZADA GUILLERMO PRIETO,CALLE,BARTOLOME DIAZ DE LEON,CALLE,AGUSTIN DIAZ,CALLE,LAZARO CARDENAS,175,NA,NA,NA,NA,NA,COLONIA,LA CONCHITA,NA,NA,NA,13360,09,Ciudad de México,011,Tláhuac,0001,Tláhuac,0927,021,NA,NA,NA,Fijo,19.29216491,-99.04104311,2014-12
8131436,09015713943001861000000000U2,GIMNASIO ATLAS,LEONARDO ORTIZ,713943,Centros de acondicionamiento físico del sector privado,0 a 5 personas,CALLE,ZARCO,CALLE,CAMELIA,CALLE,DEGOLLADO,CALLE,HEROES,154,NA,NA,NA,NA,NA,COLONIA,GUERRERO,NA,NA,NA,06300,09,Ciudad de México,015,Cuauhtémoc,0001,Cuauhtémoc,056A,008,5514827195,NA,NA,Fijo,19.44643581,-99.14486907,2019-11
974010,09013713943000081000000000U3,GIMNASIO ATZAYACATL,RAFAEL SANCHEZ,713943,Centros de acondicionamiento físico del sector privado,0 a 5 personas,CALLEJON,PEDRO RAMIREZ DEL CASTILLO,CALLE,JOSEFA ORTIZ DE DOMINGUEZ,CALLE,SABINO,CALLE,SABINO,160,NA,NA,NA,NA,NA,BARRIO,SAN JUAN,NA,NA,NA,16000,09,Ciudad de México,013,Xochimilco,0001,Xochimilco,0122,004,5531118597,NA,NA,Fijo,19.26521872,-99.10532758,2010-07
652870,09007713943001753001000000U8,GIMNASIO BE DYNAMIC,NA,713943,Centros de acondicionamiento físico del sector privado,0 a 5 personas,CALLE,SUR 75 A,EJE VIAL,7-A SUR (ORIENTE 172),CALLE,MANUEL GAMIO,CALLE,SUR 73-B,312,NA,NA,NA,NA,NA,COLONIA,SINATEL,NA,NA,NA,09470,09,Ciudad de México,007,Iztapalapa,0001,Iztapalapa,0801,019,5510125729,BEDYNAMIC_SINATEL@HOTMAIL.COM,WWW.BEDYNAMIC.MX,Fijo,19.3615111,-99.13243791,2010-07
653634,09007713943001773001000000U6,GIMNASIO BE DYNAMIC,NA,713943,Centros de acondicionamiento físico del sector privado,0 a 5 personas,EJE VIAL,2 ORIENTE CALZADA DE LA VIGA,CALLE,EMILIANO ZAPATA,CALLE,RETORNO 509,CALLE,RETORNO 505 DE EMILIANO ZAPATA,509,NA,NA,NA,3,NA,COLONIA,UNIDAD MODELO,NA,NA,NA,09089,09,Ciudad de México,007,Iztapalapa,0001,Iztapalapa,091A,040,5520650584,NA,WWW.BEDYNAMIC.MX,Fijo,19.36103184,-99.12245315,2010-07
7216329,09017713943001381000000000U7,GIMNASIO BE FIT,NA,713943,Centros de acondicionamiento físico del sector privado,0 a 5 personas,CALLE,RETORNO 5 DE CECILIO ROBELO,CALLE,RETORNO 2,CALLE,CECILIO ROBELO,CALLE,RETORNO 7,2,NA,NA,NA,NA,NA,COLONIA,JARDÍN BALBUENA,NA,NA,NA,15900,09,Ciudad de México,017,Venustiano Carranza,0001,Venustiano Carranza,0723,002,NA,HANCORT12@GMAIL.COM,NA,Fijo,19.42446069,-99.11270604,2019-11
800932,09007713943000781000000000U0,GIMNASIO BEARS,NA,713943,Centros de acondicionamiento físico del sector privado,0 a 5 personas,EJE VIAL,8 SUR CALZADA ERMITA IZTAPALAPA,CALLE,PROFESOR M. MARILES,CALLE,2 DE ABRIL,AVENIDA,HIDALGO,2594,NA,NA,NA,NA,NA,COLONIA,JACARANDAS,NA,NA,NA,09280,09,Ciudad de México,007,Iztapalapa,0001,Iztapalapa,1299,017,NA,NA,NA,Fijo,19.34226044,-99.05257281,2010-07
973807,09014713943000231001000000U2,GIMNASIO BEAST,NA,713943,Centros de acondicionamiento físico del sector privado,6 a 10 personas,CALZADA,CALZADA DE TLALPAN,CALLE,HAMBURGO,CALLE,ALBERT,CALLE,BERLIN,1306,NA,NA,NA,NA,NA,COLONIA,ALBERT,NA,NA,NA,03560,09,Ciudad de México,014,Benito Juárez,0001,Benito Juárez,0670,023,5585725725,NA,NA,Fijo,19.37033986,-99.14124104,2010-07
803404,09007713943000231000000000U6,GIMNASIO BEVERLY,ADRIANA SOTO,713943,Centros de acondicionamiento físico del sector privado,0 a 5 personas,EJE VIAL,8 SUR CALZADA ERMITA IZTAPALAPA,CALLE,CAMINO A SANTIAGO,CALLE,OCTAVIO SENTIES,CALLE,MARAVILLAS,9,MZ1,NA,NA,NA,NA,COLONIA,SANTIAGO ACAHUALTEPEC PRIMERA AMPLIACIÓN,NA,NA,NA,09608,09,Ciudad de México,007,Iztapalapa,0001,Iztapalapa,2579,023,NA,NA,NA,Fijo,19.35342078,-99.01216032,2010-07
11364799,09012713943002921000000000U0,GIMNASIO BEYOND FIT,NA,713943,Centros de acondicionamiento físico del sector privado,0 a 5 personas,CALLE,CARRETERA MEXICO AJUSCO,CALLE,CARRETERA MEXICO-AJUSCO,CALLE,HACIENDA,CALLE,HACIENDA,NA,SN,NA,NA,NA,NA,PUEBLO,MAGDALENA PETLACALCO,NA,NA,NA,14480,09,Ciudad de México,012,Tlalpan,0001,Tlalpan,1602,039,5540661929,NA,NA,Fijo,19.23550831,-99.1884413,2024-11
9927633,09007713943007841000000000U5,GIMNASIO BLACK & WHITE,NA,713943,Centros de acondicionamiento físico del sector privado,0 a 5 personas,CALLE,3,CALLE,AVENIDA 2 PONIENTE,AVENIDA,1 PONIENTE,CALLE,3,NA,SN,NA,NA,NA,NA,COLONIA,RENOVACIÓN,NA,NA,NA,09209,09,Ciudad de México,007,Iztapalapa,0001,Iztapalapa,5198,007,NA,NA,NA,Fijo,19.36754902,-99.05013459,2024-11
1026333,09008713943000191000000000U0,GIMNASIO BODY & MIND,NA,713943,Centros de acondicionamiento físico del sector privado,0 a 5 personas,CALLE,COQUILLO,CALLE,PALMAS,CALLE,PALMERA DE AZUCAR,CALLE,SUBIDA A SAN BERNABE,6,NA,NA,NA,NA,NA,COLONIA,EL ROSAL,NA,NA,NA,10600,09,Ciudad de México,008,La Magdalena Contreras,0001,La Magdalena Contreras,0226,011,5590568739,NA,NA,Fijo,19.30862659,-99.2494266,2010-07
8603647,09012713943001821000000000U3,GIMNASIO BODY FACTORY,NA,713943,Centros de acondicionamiento físico del sector privado,0 a 5 personas,CALLE,BOKOBA,CALLE,CONKAL,CALLE,HOCABA,CALLE,CHICOASEN,11,MZ 91 LT 11,NA,NA,NA,NA,COLONIA,PEDREGAL DE SAN NICOLÁS CUARTA SECCIÓN,NA,NA,NA,14100,09,Ciudad de México,012,Tlalpan,0001,Tlalpan,0801,022,NA,BODYFACTORY_JAV@HOTMAIL.COM,NA,Fijo,19.28046004,-99.22986227,2019-11
850136,09012713943001502001000000U9,GIMNASIO BODY FIT,NA,713943,Centros de acondicionamiento físico del sector privado,0 a 5 personas,CALLE,TEKAL,CALLE,POMUCH,CALLE,SEYE,CALLE,HOMUN,387,NA,NA,NA,NA,NA,COLONIA,HÉROES DE PADIERNA,NA,NA,NA,14200,09,Ciudad de México,012,Tlalpan,0001,Tlalpan,0623,016,5523340191,GYMNASIOBODYFIT@GMAIL.COM,NA,Fijo,19.28308484,-99.22811176,2010-07
9490651,09007713943007171000000000U7,GIMNASIO BODY HUMAN,NA,713943,Centros de acondicionamiento físico del sector privado,0 a 5 personas,CALLE,3 SABADINO JAIME,AVENIDA,DIAZ SOTO Y GAMA,CALLE,MANZANA O EDIFICACION CONTIGUA,CALLE,1 SEBASTIAN VARELA,37,NA,NA,NA,NA,NA,UNIDAD HABITACIONAL,UNIDAD VICENTE GUERRERO,NA,NA,NA,09200,09,Ciudad de México,007,Iztapalapa,0001,Iztapalapa,1034,015,5524936325,NA,NA,Fijo,19.36067549,-99.06024521,2024-11
854960,09012713943000101000000000U1,GIMNASIO BOSTON,NA,713943,Centros de acondicionamiento físico del sector privado,0 a 5 personas,CALLE,LUIS ECHEVERRIA ALVAREZ,CALLE,BENITO JUAREZ,CALLE,JAIME TORRES BODET,CALLE,JUAN SANCHEZ DE ALANIS,137,NA,NA,NA,1086,NA,COLONIA,MIGUEL HIDALGO TERCERA SECCIÓN,NA,NA,NA,14250,09,Ciudad de México,012,Tlalpan,0001,Tlalpan,0869,032,NA,NA,NA,Fijo,19.28349656,-99.20999499,2010-07
10035503,09014713943002171000000000U8,GIMNASIO BOX CROSSFIT,NA,713943,Centros de acondicionamiento físico del sector privado,0 a 5 personas,CALLE,CONCEPCION BEISTEGUI,CALLE,UXMAL,AVENIDA,UNIVERSIDAD,AVENIDA,UNIVERSIDAD,1563,NA,NA,18,NA,NA,COLONIA,NARVARTE PONIENTE,EDIFICIO COMERCIAL Y DE SERVICIOS,EDIFICIO CON LOCALES,4,03020,09,Ciudad de México,014,Benito Juárez,0001,Benito Juárez,0420,019,NA,BOXCROSSFITBYDIEGOS@GMAIL.COM,NA,Fijo,19.38690772,-99.15488465,2024-11
10621951,09005713943005381000000000U8,GIMNASIO BOX ROOSTER,NA,713943,Centros de acondicionamiento físico del sector privado,0 a 5 personas,CALLE,20 A,EJE VIAL,1 PONIENTE (CALZADA VALLEJO),AVENIDA,3-A,CALLE,18-A,NA,SN,NA,NA,NA,NA,COLONIA,SANTA ROSA,NA,NA,NA,07620,09,Ciudad de México,005,Gustavo A. Madero,0001,Gustavo A. Madero,0421,001,NA,NA,NA,Fijo,19.52267422,-99.16793634,2024-11
9993776,09011713943002191000000000U2,GIMNASIO BOXING CLUB,NA,713943,Centros de acondicionamiento físico del sector privado,0 a 5 personas,CALLE,SANTA CRUZ,OTRO(ESPECIFIQUE),MANZANA O EDIFICACION CONTIGUA,CALLE,SALTO DEL AGUA,CALLE,SANTA CRUZ,25,NA,NA,NA,NA,NA,COLONIA,LAS ARBOLEDAS,NA,NA,NA,13219,09,Ciudad de México,011,Tláhuac,0001,Tláhuac,154A,003,5555012441,NA,NA,Fijo,19.31249202,-99.04598236,2024-11
10079266,09007713943006721000000000U0,GIMNASIO BRITOS GIM,NA,713943,Centros de acondicionamiento físico del sector privado,0 a 5 personas,AVENIDA,CANAL DEL MORAL,CALLE,ARIEL,CALLE,OBERON,CALLE,SATELITES,NA,SN,NA,NA,NA,NA,COLONIA,SIDERAL,NA,NA,NA,09320,09,Ciudad de México,007,Iztapalapa,0001,Iztapalapa,0426,031,5615425095,NA,NA,Fijo,19.37489416,-99.06442198,2024-11
11248146,09012713943002711000000000U5,GIMNASIO BULL BUG,NA,713943,Centros de acondicionamiento físico del sector privado,0 a 5 personas,CERRADA,CEDRO,AVENIDA,CRUZ BLANCA,CERRADA,COLORINES,CALLE,TEJOCOTES,NA,SN,NA,NA,NA,NA,PUEBLO,SAN MIGUEL TOPILEJO,NA,NA,NA,14500,09,Ciudad de México,012,Tlalpan,0027,San Miguel Topilejo,1763,042,NA,NA,NA,Fijo,19.20039407,-99.14921705,2024-11
11175893,09010713943002672000000000U3,GIMNASIO BY LIFE FIT,JORGE BARCENAS,713943,Centros de acondicionamiento físico del sector privado,6 a 10 personas,CALZADA,CALZADA DE LAS AGUILAS,CALLE,PRIMERA CERRADA BAHIA,CALLE,LLANURAS,CALLE,BAHIA,1036,NA,NA,NA,NA,NA,COLONIA,AMPLIACIÓN LAS ÁGUILAS,NA,NA,NA,01759,09,Ciudad de México,010,Álvaro Obregón,0001,Álvaro Obregón,1839,012,NA,NA,NA,Fijo,19.34991018,-99.22218969,2024-11
943243,09011713943001111002000000U1,GIMNASIO CABAÑAS GYM,NA,713943,Centros de acondicionamiento físico del sector privado,0 a 5 personas,AVENIDA,TLAHUAC,CALLE,OLIVOS,AVENIDA,RENO,AVENIDA,RENO,5293,NA,NA,17,NA,NA,COLONIA,LOS OLIVOS,CENTRO Y PLAZA COMERCIAL,PLAZA TLAHUAC,D 01-02,13210,09,Ciudad de México,011,Tláhuac,0001,Tláhuac,0058,008,NA,AUTODEFENZA1980@YAHOO.COM.MX,NA,Fijo,19.3049396,-99.06178703,2014-12
8401910,09011713943001601000000000U1,GIMNASIO CACHORROS,NA,713943,Centros de acondicionamiento físico del sector privado,0 a 5 personas,CALLE,CORNELIO HISPANO,CERRADA,PRIMERA CORNELIO HISPANO,CALLE,FRANCISCO ACUÑA DE FIGUEROA,CALLE,MIGUEL NEGRETE,NA,SN,NA,NA,NA,NA,COLONIA,SAN MIGUEL ZAPOTITLA,NA,NA,NA,13310,09,Ciudad de México,011,Tláhuac,0001,Tláhuac,1111,001,NA,NA,NA,Fijo,19.308088,-99.03807154,2019-11
9777778,09013713943002123000000000U1,GIMNASIO CAM,NA,713943,Centros de acondicionamiento físico del sector privado,11 a 30 personas,CALLE,ESMERALDA,CALLE,CUAUHTEMOC,CALLE,MARIANO ABASOLO,CERRADA,JOYA,NA,SN,NA,NA,NA,NA,PUEBLO,SANTA MARÍA TEPEPAN,NA,NA,NA,16020,09,Ciudad de México,013,Xochimilco,0001,Xochimilco,0014,023,5511930225,NA,NA,Fijo,19.27685098,-99.14160631,2024-11
11760265,09012713943003281000000000U8,GIMNASIO CAPI GYM,NA,713943,Centros de acondicionamiento físico del sector privado,0 a 5 personas,CALLE,PEDRO MORENO,CALLE,Ajusco Picacho,BOULEVARD,Ocotlatonco,CALLE,Ninguno,5,NA,NA,NA,NA,NA,PUEBLO,SANTO TOMÁS AJUSCO,NA,NA,NA,14710,09,Ciudad de México,012,Tlalpan,0026,San Miguel Ajusco,2297,006,5525362284,NA,NA,Fijo,19.21663722,-99.21440317,2025-04
10987584,09011713943002071000000000U6,GIMNASIO CARDIO FIT IRIS,NA,713943,Centros de acondicionamiento físico del sector privado,0 a 5 personas,CALLE,SUR DEL COMERCIO,CERRADA,NINGUNO,AVENIDA,CAMINO REAL,AVENIDA,CAMINO REAL,489,NA,NA,NA,NA,NA,PUEBLO,SAN JUAN IXTAYOPAN,NA,NA,NA,13550,09,Ciudad de México,011,Tláhuac,0021,San Juan Ixtayopan,1022,006,5613852010,NA,NA,Fijo,19.23549978,-98.9946962,2024-11
674892,09005713943002071000000000U8,GIMNASIO CARDIO FITNES CTM,NA,713943,Centros de acondicionamiento físico del sector privado,0 a 5 personas,AVENIDA,FERNANDO AMILPA,AVENIDA,RICARDO FLORES MAGON,CALLE,AVENIDA FERNANDO AMILPA,CALLE,ATILANO MORALES,80,NA,NA,NA,NA,NA,COLONIA,CTM ATZACOALCO,NA,NA,NA,07090,09,Ciudad de México,005,Gustavo A. Madero,0001,Gustavo A. Madero,263A,022,NA,NA,NA,Fijo,19.50895568,-99.10018311,2014-12
11578849,09007713943007591000000000U6,GIMNASIO CARDIO GALAXY,NA,713943,Centros de acondicionamiento físico del sector privado,0 a 5 personas,CALLE,MIGUEL HIDALGO,CALLE,ANILLO DE CIRCUNVALACION,CALLE,FELIPE ANGELES,CALLE,FRANCISCO VILLA,NA,SN,NA,NA,NA,NA,COLONIA,SANTA MARÍA AZTAHUACAN,NA,NA,NA,09570,09,Ciudad de México,007,Iztapalapa,0001,Iztapalapa,1509,014,5540289354,NA,NA,Fijo,19.35079453,-99.0377572,2024-11
8126675,09007713943004941000000000U6,GIMNASIO CARDIO SIN NOMBRE,CESAR ESTRADA,713943,Centros de acondicionamiento físico del sector privado,0 a 5 personas,AVENIDA,AVENIDA DE LAS TORRES,AVENIDA,PAROTAS,PRIVADA,MERIDA (TEPOZTLAN),CERRADA,SEGUNDA DE PAROTAS,NA,SN,NA,NA,NA,NA,COLONIA,SANTIAGO ACAHUALTEPEC SEGUNDA AMPLIACIÓN,NA,NA,NA,09609,09,Ciudad de México,007,Iztapalapa,0001,Iztapalapa,4931,012,NA,NA,NA,Fijo,19.34975622,-99.00606216,2019-11
11798218,09016713943002024000000000U4,GIMNASIO CASA ONZE,GRUPO SUET,713943,Centros de acondicionamiento físico del sector privado,31 a 50 personas,AVENIDA,HORACIO,CALLE,EMERSON,CALLE,LAMARTINE,AVENIDA,HOMERO,511,NA,NA,NA,NA,NA,COLONIA,POLANCO V SECCIÓN,NA,NA,NA,11560,09,Ciudad de México,016,Miguel Hidalgo,0001,Miguel Hidalgo,0660,001,NA,STAFFCASAONZE@GMAIL.COM,WWW.GRUPO-GIRO.COM,Fijo,19.43352612,-99.18920664,2025-04
785852,09005713943001241000000000U8,GIMNASIO CASTILLO,NA,713943,Centros de acondicionamiento físico del sector privado,0 a 5 personas,CALZADA,CALZADA DE GUADALUPE,AVENIDA,VICTORIA,CALLE,NECAXA,CALLE,ESCUELA INDUSTRIAL,498,NA,NA,NA,NA,NA,COLONIA,INDUSTRIAL,NA,NA,NA,07800,09,Ciudad de México,005,Gustavo A. Madero,0001,Gustavo A. Madero,1275,019,5589393741,NA,NA,Fijo,19.47441967,-99.12144626,2010-07
915671,09012713943001291001000000U9,GIMNASIO CEFORMA,NA,713943,Centros de acondicionamiento físico del sector privado,6 a 10 personas,CALLE,AVENIDA MIGUEL HIDALGO,PRIVADA,CANTERA,CALLE,AVENIDA FUENTES BROTANTES,PRIVADA,CUARTA CANTERA,195,NA,NA,NA,NA,NA,COLONIA,FUENTES BROTANTES,NA,NA,NA,14410,09,Ciudad de México,012,Tlalpan,0001,Tlalpan,2085,038,5634366969,NA,NA,Fijo,19.28104291,-99.18712983,2014-12
11583483,09007713943007101000000000U4,GIMNASIO CENTER FITNESS GYM,EDGAR,713943,Centros de acondicionamiento físico del sector privado,0 a 5 personas,EJE VIAL,5 ORIENTE AVENIDA JAVIER ROJO GOMEZ,CERRADA,JAVIER ROJO GOMEZ,CALLE,ARTEMIO ALPIZAR RUZ (MOCTEZUMA),CALLE,RAFAEL GARCIA MORENO,1428,NA,NA,NA,NA,NA,COLONIA,SAN MIGUEL,NA,NA,NA,09360,09,Ciudad de México,007,Iztapalapa,0001,Iztapalapa,4912,011,NA,NA,NA,Fijo,19.35959333,-99.08484579,2024-11
11134628,09010713943002741000000000U6,GIMNASIO CENTRO COMUNITARIO,ASOCIACION MEXICANA DE BOXEO,713943,Centros de acondicionamiento físico del sector privado,0 a 5 personas,CALLE,AVENIDA PUERTO MAZATLAN,CALLE,PRIMERA CERRADA PUERTO MAZATLAN,AVENIDA,SANTA LUCIA,CALLE,HUAPANGO,17,NA,NA,NA,NA,NA,COLONIA,AMPLIACIÓN PILOTO ADOLFO LÓPEZ MATEOS,NA,NA,NA,01290,09,Ciudad de México,010,Álvaro Obregón,0001,Álvaro Obregón,0544,019,5576100283,NA,NA,Fijo,19.3669901,-99.23285673,2024-11
726384,09007713943003391000000000U5,GIMNASIO CESAR S TEAM SPORT FIT CENTER,NA,713943,Centros de acondicionamiento físico del sector privado,0 a 5 personas,CALLE,JACARANDAS,AVENIDA,4,CALLE,NOCHE BUENA,CALLE,GLADIOLA,12,MANZANA 48,NA,NA,NA,NA,COLONIA,LOMAS DE SAN LORENZO,NA,NA,NA,09780,09,Ciudad de México,007,Iztapalapa,0001,Iztapalapa,2051,024,5519942828,SPORTFIT@HOTMAIL.COM,NA,Fijo,19.31490249,-99.05983912,2014-12
871409,09015713943000311000000000U9,GIMNASIO CHABACANO,NA,713943,Centros de acondicionamiento físico del sector privado,0 a 5 personas,EJE VIAL,3 SUR CALZADA DE CHABACANO,CALLE,JOSE SOTERO CASTAÑEDA,CALLE,JOSE ANTONIO TORRES,CALLE,GUMERSINDO ESQUER,65,NA,NA,NA,NA,NA,COLONIA,AMPLIACIÓN ASTURIAS,NA,NA,NA,06890,09,Ciudad de México,015,Cuauhtémoc,0001,Cuauhtémoc,1500,008,NA,NA,WWW.GYMBOXCHABACANO.COM.MX,Fijo,19.40842518,-99.13297723,2010-07
1002012,09004713943000241100000000U2,GIMNASIO CHAMPION FITNESS,NA,713943,Centros de acondicionamiento físico del sector privado,0 a 5 personas,CALLE,SAN JOSE DE LOS CEDROS,CALLE,PIÑON,CALLE,NOGAL,CALLE,OYAMEL,219,NA,NA,NA,NA,NA,COLONIA,SAN JOSÉ DE LOS CEDROS,NA,NA,NA,05200,09,Ciudad de México,004,Cuajimalpa de Morelos,0001,Cuajimalpa de Morelos,034A,025,NA,NA,NA,Fijo,19.36919417,-99.2879671,2010-07
8583941,09003713943001841000000000U0,GIMNASIO CHILANGO BUX,CRISTIAN RODRIGUEZ,713943,Centros de acondicionamiento físico del sector privado,0 a 5 personas,CALLE,COPAL,CALLE,COYAMEL,AVENIDA,ESCUINAPA,CALLE,PIPIZAHUA,68,NA,NA,NA,NA,NA,CIUDAD INDUSTRIAL,PEDREGAL DE SANTO DOMINGO,NA,NA,NA,04369,09,Ciudad de México,003,Coyoacán,0001,Coyoacán,1162,007,5516876658,NA,NA,Fijo,19.33342515,-99.16815543,2019-11
633339,09002713943000402000000000U4,GIMNASIO CHINCOYAS GYM,NA,713943,Centros de acondicionamiento físico del sector privado,0 a 5 personas,CALLE,HERREROS,CALLE,QUIMICA,CALLE,FISICA,CALLE,MATEMATICAS,81,NA,NA,NA,NA,NA,COLONIA,EL ROSARIO,NA,NA,NA,02100,09,Ciudad de México,002,Azcapotzalco,0001,Azcapotzalco,0010,004,5553829159,NA,NA,Fijo,19.51172378,-99.20601715,2010-07
922613,09010713943001061000000000U0,GIMNASIO CICLIN & MUSIC,NA,713943,Centros de acondicionamiento físico del sector privado,0 a 5 personas,AVENIDA,VASCO DE QUIROGA,PEATONAL,PRIVADA DEL TEJOCOTE,AVENIDA,VASCO DE QUIROGA,CALLE,ROSALES,1726,NA,NA,NA,2,NA,COLONIA,EL PIRÚ SANTA FE,NA,NA,NA,01230,09,Ciudad de México,010,Álvaro Obregón,0001,Álvaro Obregón,0313,010,5563707177,NA,NA,Fijo,19.38079143,-99.24168671,2014-12
8564715,09010713943001463000000000U8,GIMNASIO CIMOS CENTRO INTEGRAL DE MOVIMIENTO Y SALUD,DESEO SICCOB SOLUTIONS,713943,Centros de acondicionamiento físico del sector privado,11 a 30 personas,AVENIDA,DESIERTO DE LOS LEONES,CERRADA,TLAHUICOLE,PRIVADA,ALCANTARILLA,CERRADA,OCOTILLOS,5525,NA,NA,17,26,NA,COLONIA,ALCANTARILLA,CENTRO Y PLAZA COMERCIAL,PLAZA GRAN SAN FRANCISCO,SN,01729,09,Ciudad de México,010,Álvaro Obregón,0001,Álvaro Obregón,1843,029,5541910197,CONTACTO@CIMOS.COM.MX,WWW.CIMOS.COM.MX,Fijo,19.33865379,-99.24262471,2019-11
8138862,09007713943006051000000000U2,GIMNASIO CLUB CARDIO SHADDAI,NA,713943,Centros de acondicionamiento físico del sector privado,0 a 5 personas,CALLE,AYAPANGO,CALLE,ROSA BLANCA,CALLE,BENITO JUAREZ,PRIVADA,PRIMERA BENITO JUAREZ,6,NA,NA,NA,NA,NA,COLONIA,SANTIAGO ACAHUALTEPEC PRIMERA AMPLIACIÓN,NA,NA,NA,09608,09,Ciudad de México,007,Iztapalapa,0001,Iztapalapa,2579,003,5529533193,RIBCO_SEDDN02777@HOTMAIL.COM,WWW.CLUBCARDIOSHADDAI,Fijo,19.3543521,-99.00856697,2019-11
11733580,09010713943002761000000000U4,GIMNASIO CLUB CROSSTRAINING,NA,713943,Centros de acondicionamiento físico del sector privado,0 a 5 personas,AVENIDA,DESIERTO DE LOS LEONES,CALLE,Lázaro Cárdenas,CERRADA,Bugambilia,CALLE,Jacarandas,6319,NA,NA,NA,NA,NA,COLONIA,LOMAS DE LA ERA,NA,NA,NA,01860,09,Ciudad de México,010,Álvaro Obregón,0001,Álvaro Obregón,167A,016,5568636454,NA,NA,Fijo,19.32404452,-99.26330025,2025-04
11680731,09005713943004341000000000U3,GIMNASIO CLUB LOBOS,NA,713943,Centros de acondicionamiento físico del sector privado,0 a 5 personas,CALLE,SALAVERRY,CALLE,LA RIOJA,CALLE,PINAR DEL RIO,CALLE,RAMIRIQUI,1150,NA,NA,NA,NA,NA,COLONIA,RESIDENCIAL ZACATENCO,NA,NA,NA,07639,09,Ciudad de México,005,Gustavo A. Madero,0001,Gustavo A. Madero,060A,001,5620392208,NA,NA,Fijo,19.50571497,-99.1258319,2024-11
640770,09005713943000181000000000U7,GIMNASIO COBRA,NA,713943,Centros de acondicionamiento físico del sector privado,0 a 5 personas,CALLE,GUADALUPE VICTORIA,PRIVADA,PRIMERA GUADALUPE VICTORIA,CALLE,PALMIRA,CALLE,GUADALUPE VICTORIA,16,NA,NA,NA,NA,NA,COLONIA,GUADALUPE VICTORIA CUAUTEPEC,NA,NA,NA,07200,09,Ciudad de México,005,Gustavo A. Madero,0001,Gustavo A. Madero,0243,067,NA,NA,NA,Fijo,19.53829165,-99.14052862,2010-07
10938474,09007713943007181000000000U6,GIMNASIO COLISEOS GYM,MANUEL CHAVEZ,713943,Centros de acondicionamiento físico del sector privado,0 a 5 personas,CALLE,17,AVENIDA,4,CALLE,2,CALLE,19,32,NA,NA,NA,NA,NA,COLONIA,SANTA CRUZ MEYEHUALCO,NA,NA,NA,09290,09,Ciudad de México,007,Iztapalapa,0001,Iztapalapa,1689,022,NA,NA,NA,Fijo,19.34549303,-99.03627077,2024-11
7718310,09003713943001921000000000U0,GIMNASIO CONFISGYM,MIGUEL ALCANTARA,713943,Centros de acondicionamiento físico del sector privado,0 a 5 personas,CALLE,TOTONACAS,CALLE,REY TOPILTZIN,CALLE,REY MECONETZIN,CALLE,MIXTECAS,210,NA,NA,NA,NA,NA,COLONIA,AJUSCO,NA,NA,NA,04300,09,Ciudad de México,003,Coyoacán,0001,Coyoacán,0643,004,NA,NA,NA,Fijo,19.32175363,-99.15977292,2019-11
836333,09007713943000171000000000U4,GIMNASIO CORPOSANO GYM,NA,713943,Centros de acondicionamiento físico del sector privado,0 a 5 personas,CALLE,3,CALLE,17,CALLE,18,CALLE,4,3,MZ 17,NA,NA,NA,NA,COLONIA,JOSÉ LÓPEZ PORTILLO,NA,NA,NA,09910,09,Ciudad de México,007,Iztapalapa,0001,Iztapalapa,2085,017,NA,NA,NA,Fijo,19.30906959,-99.08207193,2010-07
848977,09012713943000572002000000U3,GIMNASIO CORPS FITNES,JORGE GALVES,713943,Centros de acondicionamiento físico del sector privado,0 a 5 personas,CALLE,POPOLNA,CALLE,OPICHEN,CALLE,SEYBAPLAYA,CALLE,SEYBAPLAYA,81,NA,NA,NA,NA,NA,COLONIA,PEDREGAL DE SAN NICOLÁS PRIMERA SECCIÓN,NA,NA,NA,14100,09,Ciudad de México,012,Tlalpan,0001,Tlalpan,0303,027,NA,NA,WWW.CORPGIMNASIO.COM,Fijo,19.29388298,-99.23457118,2010-07
1015390,09003713944000043000000000U2,GIMNASIO COYOACAN,DELEGACION DE COYOACAN GOBIERNO DEL DISTRITO FEDERAL,713944,Centros de acondicionamiento físico del sector público,11 a 30 personas,PRIVADA,CUAUHTEMOC,CALLE,CENTENARIO,CALLE,AGUAYO,CALLE,MALINTZIN,NA,SN,NA,NA,NA,NA,COLONIA,DEL CARMEN,NA,NA,NA,04100,09,Ciudad de México,003,Coyoacán,0001,Coyoacán,0037,024,NA,NA,NA,Fijo,19.35129383,-99.16311916,2010-07
12334047,09004713943000871000000000U6,GIMNASIO CROSSFIT,ROLANDO MIAGI,713943,Centros de acondicionamiento físico del sector privado,0 a 5 personas,CALLE,ANTONIO ANCONA,CARRETERA,FEDERAL MEXICO-TOLUCA (PROLONGACION PASEO DE LA REFORMA),CALLE,COAHUILA,AVENIDA,JUAREZ,97,NA,NA,NA,NA,NA,COLONIA,CUAJIMALPA,NA,NA,NA,05000,09,Ciudad de México,004,Cuajimalpa de Morelos,0001,Cuajimalpa de Morelos,0104,012,5522720871,NA,NA,Fijo,19.35689786,-99.2914532,2026-04
959538,09014713943000221000000000U3,GIMNASIO CURVES,NA,713943,Centros de acondicionamiento físico del sector privado,0 a 5 personas,AVENIDA,COYOACAN,AVENIDA,DIVISION DEL NORTE,CALLE,PEDRO ROMERO DE TERREROS,CALLE,ADOLFO PRIETO,351,NA,NA,NA,NA,NA,COLONIA,DEL VALLE NORTE,NA,NA,NA,03103,09,Ciudad de México,014,Benito Juárez,0001,Benito Juárez,0242,014,5555432558,CUERVESDELVALLE@YAHOO.COM,NA,Fijo,19.39273834,-99.16610489,2010-07
9081945,09012713943002501000000000U0,GIMNASIO DAAPS,NA,713943,Centros de acondicionamiento físico del sector privado,0 a 5 personas,CALLE,POTRERITO,CALLE,BOSQUES,CALLE,RANCHO VIEJO,CALLE,RANCHO VIEJO,13,MZ2 LT13,NA,NA,NA,NA,COLONIA,SAN NICOLAS II,NA,NA,NA,14735,09,Ciudad de México,012,Tlalpan,0001,Tlalpan,2210,036,5571524717,NA,NA,Fijo,19.27004118,-99.24021298,2019-11
795291,09006713943000512000000000U1,GIMNASIO DAGMO IN,NA,713943,Centros de acondicionamiento físico del sector privado,0 a 5 personas,OTRO(ESPECIFIQUE),NINGUNO,OTRO(ESPECIFIQUE),NINGUNO,OTRO(ESPECIFIQUE),NINGUNO,OTRO(ESPECIFIQUE),NINGUNO,0,SN,NA,3,NA,NA,COLONIA,INFONAVIT IZTACALCO,CENTRO Y PLAZA COMERCIAL,CENTRO COMERCIAL 1 RAIZ,12,08900,09,Ciudad de México,006,Iztacalco,0001,Iztacalco,0931,032,NA,NA,NA,Fijo,19.38237346,-99.10552826,2010-07
9081557,09007713943006201001000000U3,GIMNASIO DAILY SPORT,NA,713943,Centros de acondicionamiento físico del sector privado,6 a 10 personas,CALLE,MANUEL MANZO,CALLE,TRINIDAD GUERRERO,CALLE,JOSE ANTONIO VALENZUELA,CALLE,JOSE M. QUINTERO,17,NA,NA,NA,NA,NA,COLONIA,PARAJE SAN JUAN,NA,NA,NA,09830,09,Ciudad de México,007,Iztapalapa,0001,Iztapalapa,2812,016,5613383282,NA,NA,Fijo,19.34212444,-99.07131238,2019-11
7153077,09017713943001491100000000U4,GIMNASIO DANY SPORT,NA,713943,Centros de acondicionamiento físico del sector privado,0 a 5 personas,CALLE,LA PAZ,CALLE,Matamoros,CALLE,Morelos,CALLE,Durango,NA,SN,NA,NA,NA,NA,COLONIA,PEÑÓN DE LOS BAÑOS,NA,NA,NA,15520,09,Ciudad de México,017,Venustiano Carranza,0001,Venustiano Carranza,0348,011,NA,NA,NA,Fijo,19.43961095,-99.0816663,2019-11
706271,09006713943000891001000000U9,GIMNASIO DE ACONDICIONAMIENTO FISICO BODY FITNESS,NA,713943,Centros de acondicionamiento físico del sector privado,6 a 10 personas,CALLE,EMILIO CARRANZA,CALLE,ALVARO OBREGON,EJE VIAL,4 SUR (PRESIDENTE PLUTARCO ELIAS CALLES),CALLE,ALVARO OBREGON,63,A,NA,NA,NA,NA,COLONIA,SANTA ANITA,NA,NA,NA,08300,09,Ciudad de México,006,Iztacalco,0001,Iztacalco,026A,004,5524091439,NA,NA,Fijo,19.39854851,-99.11973139,2014-12
895244,09015611611000961001000000U3,GIMNASIO DE ARTE Y CULTURA,GIMNASIO DE ARTE Y CULTURA,713943,Centros de acondicionamiento físico del sector privado,0 a 5 personas,AVENIDA,ALVARO OBREGON,EJE VIAL,2 PONIENTE (MONTERREY),CALLE,TONALA,CALLE,TABASCO,185,BIS,NA,NA,3,NA,COLONIA,ROMA NORTE,NA,NA,NA,06700,09,Ciudad de México,015,Cuauhtémoc,0001,Cuauhtémoc,1002,021,NA,INFO.GIMNASIODEARTE@GMAIL.COM,WWW.GIMNASIODEARTE.COM,Fijo,19.41773982,-99.16304903,2014-12
8038580,09013713944000131000000000U4,GIMNASIO DE BASQUETBOL,GOBIERNO,713944,Centros de acondicionamiento físico del sector público,0 a 5 personas,CALLE,FRANCISCO I MADERO,CALLE,AMARANTO,CALLE,LAS ANIMAS,AVENIDA,AQUILES SERDAN,23,NA,NA,NA,NA,SN,PUEBLO,GUADALUPITA,NA,NA,NA,16700,09,Ciudad de México,013,Xochimilco,0001,Xochimilco,1313,001,5554662632,NA,NA,Fijo,19.25639584,-99.02123136,2019-11
11130381,09007713944000371000000000U8,GIMNASIO DE BOX,ALCALDIA IZTAPALAPA,713944,Centros de acondicionamiento físico del sector público,0 a 5 personas,CALLE,ENRIQUE RAMBAL,CALLE,PEDRO INFANTE,CALLE,MARIO MORENO CANTINFLAS,CALLE,LUCHA REYES,NA,SN,NA,NA,NA,NA,COLONIA,AMPLIACIÓN EMILIANO ZAPATA,NA,NA,NA,09638,09,Ciudad de México,007,Iztapalapa,0001,Iztapalapa,5037,001,NA,NA,NA,Fijo,19.33872809,-98.97885117,2024-11
9866842,09010713943002451000000000U2,GIMNASIO DE BOX,NA,713943,Centros de acondicionamiento físico del sector privado,0 a 5 personas,CALLE,PURISIMA,CALLE,CUAUHTEMOC,CALLE,MORELOS,CERRADA,CUAUHTEMOC,8,NA,NA,NA,NA,NA,PUEBLO,SAN BARTOLO AMEYALCO,NA,NA,NA,01800,09,Ciudad de México,010,Álvaro Obregón,0001,Álvaro Obregón,1345,009,NA,NA,NA,Fijo,19.33037246,-99.27313853,2024-11
11137964,09005561431001811000000000U7,GIMNASIO DE BOX,ISRAEL HERNANDEZ,713943,Centros de acondicionamiento físico del sector privado,0 a 5 personas,AVENIDA,602 AVENIDA TEXCOCO VIA TAPO,RETORNO,608,AVENIDA,604,AVENIDA,602 (AVENIDA TEXCOCO-VIA TAPO),NA,SN,NA,NA,NA,NA,COLONIA,SAN JUAN DE ARAGÓN III SECCIÓN,NA,NA,NA,07989,09,Ciudad de México,005,Gustavo A. Madero,0001,Gustavo A. Madero,2381,023,NA,NA,NA,Fijo,19.45024291,-99.07840337,2024-11
1046480,09011713943000011000000000U4,GIMNASIO DE BOX EL HUASTECO,NA,713943,Centros de acondicionamiento físico del sector privado,0 a 5 personas,CALLE,TURANDOT,AVENIDA,TLAHUAC,CALLE,RICARDO MONGES LOPEZ,CALLE,CISNE,32,NA,NA,NA,NA,NA,COLONIA,MIGUEL HIDALGO,NA,NA,NA,13220,09,Ciudad de México,011,Tláhuac,0001,Tláhuac,0077,026,5565113506,NA,NA,Fijo,19.30041695,-99.05491029,2010-07
679599,09005713943002701000000000U0,GIMNASIO DE BOX EL TIO,NA,713943,Centros de acondicionamiento físico del sector privado,0 a 5 personas,CALLE,IXCATEOPAN,AVENIDA,VILLA DE AYALA,AVENIDA,REPUBLICA MEXICANA,CALLE,AYUTLA,2904,NA,NA,NA,NA,NA,COLONIA,SAN FELIPE DE JESÚS,NA,NA,NA,07510,09,Ciudad de México,005,Gustavo A. Madero,0001,Gustavo A. Madero,1203,015,NA,NA,NA,Fijo,19.49078597,-99.07940535,2014-12
10592098,09010713943002491000000000U8,GIMNASIO DE BOX GOLDEN BOXING,NA,713943,Centros de acondicionamiento físico del sector privado,0 a 5 personas,CALLE,CALLE DEL PLOMO,CALLE,JARDIN,CALLE,PARALELA 7,CALLE,JARDIN,8,NA,NA,NA,NA,NA,COLONIA,MOLINO DE SANTO DOMINGO,NA,NA,NA,01130,09,Ciudad de México,010,Álvaro Obregón,0001,Álvaro Obregón,0116,014,NA,NA,WWW.GOLDENBOXING,Fijo,19.39378866,-99.20275497,2024-11
875236,09012713943000751000000000U3,GIMNASIO DE BOX KUMA,NA,713943,Centros de acondicionamiento físico del sector privado,0 a 5 personas,CALLE,HOPELCHEN,CALLE,TUNKAS,CALLE,YAXKUKUL,CALLE,YOBAIN,18,MZ 7 LT 18,NA,NA,NA,NA,COLONIA,POPULAR SANTA TERESA,NA,NA,NA,14160,09,Ciudad de México,012,Tlalpan,0001,Tlalpan,1369,018,5530010823,NA,NA,Fijo,19.29985922,-99.22446234,2012-06
710812,09006713943000691000000000U3,GIMNASIO DE BOX LOS CAMPEONES,NA,713943,Centros de acondicionamiento físico del sector privado,0 a 5 personas,CALLE,SAGRADO CORAZON,CALLE,UNION,CALLE,GUADALUPE,CALLE,3,18,NA,NA,NA,NA,NA,COLONIA,AGRÍCOLA PANTITLAN,NA,NA,NA,08100,09,Ciudad de México,006,Iztacalco,0001,Iztacalco,001A,011,5557589541,NA,NA,Fijo,19.41629506,-99.06486094,2014-12
8561733,09004713943000691000000000U8,GIMNASIO DE BOX PROFESOR GOYO VARGAS,ARQUIDIOCESIS PRIMADA DE MEXICO,713943,Centros de acondicionamiento físico del sector privado,0 a 5 personas,CARRETERA,FEDERAL MEXICO TOLUCA,CALLE,MONTE DE LAS CRUCES,CALLE,5 DE MAYO,CERRADA,MONTE DE LAS CRUCES,NA,SN,NA,NA,NA,NA,COLONIA,LA PILA,NA,NA,NA,05750,09,Ciudad de México,004,Cuajimalpa de Morelos,0020,San Lorenzo Acopilco,0316,036,NA,NA,NA,Fijo,19.30881357,-99.33471226,2019-11
11124827,09007713943006831000000000U7,GIMNASIO DE BOX REYES,NA,713943,Centros de acondicionamiento físico del sector privado,0 a 5 personas,AVENIDA,INSURGENTES,CALLE,CAMINO VECINAL,CALLE,REFORMA TECNICA,CALLE,REFORMA DEPORTIVA,41,NA,NA,NA,NA,NA,COLONIA,REFORMA POLÍTICA,NA,NA,NA,09730,09,Ciudad de México,007,Iztapalapa,0001,Iztapalapa,4999,005,NA,NA,NA,Fijo,19.34116695,-99.02953512,2024-11
718809,09007713943001922001000000U9,GIMNASIO DE BOX RING CENTRAL,NA,713943,Centros de acondicionamiento físico del sector privado,11 a 30 personas,EJE VIAL,5 SUR LEYES DE REFORMA,CALLE,ENCOMENDEROS,CALLE,BARATILLO,CALLE,POCHTECAS,50,NA,NA,NA,38,NA,COLONIA,CENTRAL DE ABASTO,NA,NA,NA,09410,09,Ciudad de México,007,Iztapalapa,0001,Iztapalapa,2403,003,5579808205,NA,NA,Fijo,19.38005816,-99.08550789,2014-12
11771248,09013713943002331000000000U0,GIMNASIO DE BOX XOLALPA,NA,713943,Centros de acondicionamiento físico del sector privado,0 a 5 personas,CALLE,HIGUERAS,PRIVADA,Ninguno,CERRADA,Higueras,CALLE,Ninguno,13,NA,NA,NA,NA,NA,BARRIO,SAN ANDRÉS,NA,NA,NA,16604,09,Ciudad de México,013,Xochimilco,0001,Xochimilco,0368,063,NA,NA,NA,Fijo,19.2504176,-99.04840703,2025-04
9774504,09005713944000271000000000U4,GIMNASIO DE BOX ZONA NORTE,SECRETARIA DE SEGURIDAD CIUDADANA,713944,Centros de acondicionamiento físico del sector público,0 a 5 personas,CALLE,ANDADOR 667,CALLE,AVENIDA 604-A,AVENIDA,606,AVENIDA,661,NA,SN,NA,NA,NA,NA,COLONIA,SAN JUAN DE ARAGÓN V SECCIÓN,NA,NA,NA,07990,09,Ciudad de México,005,Gustavo A. Madero,0001,Gustavo A. Madero,270A,021,NA,NA,NA,Fijo,19.4554781,-99.05948317,2024-11
10396780,09007713943007271000000000U5,GIMNASIO DE BOXEO LALO BOXING,NA,713943,Centros de acondicionamiento físico del sector privado,0 a 5 personas,AVENIDA,1 PONIENTE,CALLE,8,CALLE,9,CALLE,AVENIDA 5 (CARLOS L GARCIA),NA,SN,NA,NA,NA,NA,COLONIA,RENOVACIÓN,NA,NA,NA,09209,09,Ciudad de México,007,Iztapalapa,0001,Iztapalapa,465A,013,5534506866,NA,NA,Fijo,19.37144412,-99.04970731,2024-11
10100121,09017713943001841000000000U0,GIMNASIO DE CARDIO BODY MOTION,NA,713943,Centros de acondicionamiento físico del sector privado,0 a 5 personas,CALLE,ESTAÑO,EJE VIAL,2 ORIENTE (HONORABLE CONGRESO DE LA UNION),CALLE,BABBIT,CALLE,PLATINO,262,A,NA,NA,NA,NA,COLONIA,FELIPE ÁNGELES,NA,NA,NA,15210,09,Ciudad de México,017,Venustiano Carranza,0001,Venustiano Carranza,0047,040,NA,NA,NA,Fijo,19.45280948,-99.11459551,2024-11
10405262,09016713943001872000000000U7,GIMNASIO DE ESCALAR GIMNASIO,ADAMANTA BOOLDERING,713943,Centros de acondicionamiento físico del sector privado,6 a 10 personas,CALLE,JOSE MARTI,CALLE,MINERIA,CALLE,PROSPERIDAD,CALLE,AVENIDA PROGRESO,195,NA,NA,NA,NA,NA,COLONIA,ESCANDÓN II SECCIÓN,NA,NA,NA,11800,09,Ciudad de México,016,Miguel Hidalgo,0001,Miguel Hidalgo,118A,013,NA,NA,WWW.ADAMANTA.MX,Fijo,19.40161749,-99.17585356,2024-11
1046099,09015713944000011001000000U3,GIMNASIO DE LA SECRETARIA DE EDUCACION PUBLICA,NA,713944,Centros de acondicionamiento físico del sector público,0 a 5 personas,CALLE,PROLONGACION FRANCISCO ZARCO,CALLE,MARTINELLI,CALLE,TOLNAHUAC,CALLE,ZOLTAN KODALY,18,NA,NA,NA,NA,NA,COLONIA,SAN SIMÓN TOLNAHUAC,NA,NA,NA,06900,09,Ciudad de México,015,Cuauhtémoc,0001,Cuauhtémoc,0080,005,NA,NA,NA,Fijo,19.46045363,-99.14145074,2010-07
812602,09007713943000921000000000U2,GIMNASIO DE RACIELES,NA,713943,Centros de acondicionamiento físico del sector privado,0 a 5 personas,CALLE,HERMANOS WRIGHT,CALLE,EMILIO BERLINER,CALLE,3 DE MAYO,CALLE,3 DE MAYO,62,NA,NA,NA,1,NA,COLONIA,FUEGO NUEVO,NA,NA,NA,09800,09,Ciudad de México,007,Iztapalapa,0001,Iztapalapa,2988,045,5556087734,JULIGOC77GYM@YAHOO.COM.MX,NA,Fijo,19.33261903,-99.10094855,2010-07
9555484,09007713944000381000000000U7,GIMNASIO DE USOS MULTIPLES,GOBIERNO DE LA CIUDAD DE MEXICO,713944,Centros de acondicionamiento físico del sector público,0 a 5 personas,CALLE,ENRIQUE RAMBAL,CALLE,PEDRO INFANTE,CALLE,MARIO MORENO CANTINFLAS,CALLE,LUCHA REYES,NA,SN,NA,NA,NA,NA,COLONIA,AMPLIACIÓN EMILIANO ZAPATA,NA,NA,NA,09638,09,Ciudad de México,007,Iztapalapa,0001,Iztapalapa,5037,001,NA,NA,NA,Fijo,19.33868144,-98.97886456,2024-11
800065,09007931610000513011000000U8,GIMNASIO DE USOS MULTIPLES G2,ALCALDIA DE IZTAPALAPA,713944,Centros de acondicionamiento físico del sector público,11 a 30 personas,CALLE,55,CALLE,10,CALLE,NINGUNO,CALLE,47,NA,SN,NA,NA,NA,NA,UNIDAD HABITACIONAL,SANTA CRUZ MEYEHUALCO,NA,NA,NA,09290,09,Ciudad de México,007,Iztapalapa,0001,Iztapalapa,1496,021,NA,NA,NA,Fijo,19.34773775,-99.04446942,2010-07
7627765,09013713943001591000000000U0,GIMNASIO DEL VALLE,NA,713943,Centros de acondicionamiento físico del sector privado,0 a 5 personas,CALLE,PASEO DE LOS SAUCES,CALLE,PROLONGACION IGNACIO ALDAMA,CALLE,PASEO DE LOS CEDROS,CALLE,PASEO DE LOS SAUCES,34,NA,NA,NA,NA,NA,COLONIA,PASEOS DEL SUR,NA,NA,NA,16010,09,Ciudad de México,013,Xochimilco,0001,Xochimilco,1065,047,NA,NA,NA,Fijo,19.27358668,-99.12245944,2019-11
987324,09003713943000663002000000U9,GIMNASIO DEPORTE Y SALUD TRUJANO,NA,713943,Centros de acondicionamiento físico del sector privado,6 a 10 personas,CALLE,PENNSYLVANIA,CALLE,AMERICA,CALLE,E. PALLARES Y PORTILLO,CALLE,E. PALLARES Y PORTILLO,81,NA,NA,NA,NA,NA,COLONIA,SAN LUCAS,NA,NA,NA,04030,09,Ciudad de México,003,Coyoacán,0001,Coyoacán,015A,002,5555446540,ROGELIO@MAHAGYM.COM,NA,Fijo,19.34595581,-99.15123367,2010-07
894070,09015713943000933002000000U0,GIMNASIO DEPORTIVO GYMKA,NA,713943,Centros de acondicionamiento físico del sector privado,0 a 5 personas,AVENIDA,RIBERA DE SAN COSME,CALLE,GABINO BARREDA,CALLE,MANUEL MARIA CONTRERAS,CALLE,JOAQUIN GARCIA ICAZBALCETA,106,B,NA,NA,NA,NA,COLONIA,SAN RAFAEL,NA,NA,NA,06470,09,Ciudad de México,015,Cuauhtémoc,0001,Cuauhtémoc,0678,015,5513209734,GYMKAPANTALEON@GMAIL.COM,NA,Fijo,19.44246335,-99.16295073,2014-12
941538,09013713944000096002000000U9,GIMNASIO DEPORTIVO XOCHIMILCO,GIMNACIO ALCALDIA XOCHIMILCO,713944,Centros de acondicionamiento físico del sector público,6 a 10 personas,CALLE,FRANCISCO GOYTIA,CALLE,NUEVA CARRETERA XOCHIMILCO-TULYEHUALCO (16 DE SEPTIEMBRE),CALLE,REDENCION,CALLE,MAIZ,NA,DOMICILIO CONOCIDO,NA,NA,NA,NA,BARRIO,SAN PEDRO,NA,NA,NA,16090,09,Ciudad de México,013,Xochimilco,0001,Xochimilco,032A,001,NA,NA,NA,Fijo,19.25626613,-99.108314,2014-12
11090023,09008713943000852000000000U7,GIMNASIO DESARROLLO INTEGRAL HUMANO,NA,713943,Centros de acondicionamiento físico del sector privado,6 a 10 personas,CALLE,ALMENDRO,CALLE,HUAYATLA,AVENIDA,SAN JERONIMO,AVENIDA,SAN JERONIMO,2,BIS,NA,NA,NA,NA,COLONIA,NUEVO ALTO,NA,NA,NA,10640,09,Ciudad de México,008,La Magdalena Contreras,0001,La Magdalena Contreras,0423,015,5539343471,NA,NA,Fijo,19.30451527,-99.25228307,2024-11
828542,09007713943002191000000000U0,GIMNASIO DONOVAN,ITZEL RODRIGUEZ,713943,Centros de acondicionamiento físico del sector privado,0 a 5 personas,CALLE,PRIMAVERA,CALLE,ACARINO,CALLE,YECAHUIZOTL,CALLE,VERACRUZ,32,NA,NA,NA,25,NULO,COLONIA,CAMPESTRE POTRERO,NA,NA,NA,09637,09,Ciudad de México,007,Iztapalapa,0001,Iztapalapa,4293,011,5570129329,GYMDONOVAN-MIXTO23@HOTMAIL.COM,NA,Fijo,19.32987647,-98.9700091,2010-07
8671659,09007713943005741000000000U9,GIMNASIO DRAGON FITNESS HOLISTIC,NA,713943,Centros de acondicionamiento físico del sector privado,0 a 5 personas,CALLE,RIO CHURUBUSCO,AVENIDA,SANTA CRUZ,CALLE,RIO PERITAS,CALLE,RIO NAZAS,NA,SN,NA,NA,NA,NA,COLONIA,PUENTE BLANCO,NA,NA,NA,09770,09,Ciudad de México,007,Iztapalapa,0001,Iztapalapa,1918,027,NA,NA,NA,Fijo,19.32835167,-99.0635222,2019-11
10096268,09004713943000991000000000U2,GIMNASIO DRAGONS CAVE,NA,713943,Centros de acondicionamiento físico del sector privado,0 a 5 personas,CALLE,ALCANFORES,CALLE,LA TABIQUERA,CALLE,JULIAN ADAME,CALLE,JULIAN ADAME,166,NA,NA,NA,NA,NA,COLONIA,SAN JOSÉ DE LOS CEDROS,NA,NA,NA,05200,09,Ciudad de México,004,Cuajimalpa de Morelos,0001,Cuajimalpa de Morelos,0354,008,NA,NA,NA,Fijo,19.36872389,-99.28502795,2024-11
655567,09005713943000941000000000U4,GIMNASIO DREAMS,NA,713943,Centros de acondicionamiento físico del sector privado,0 a 5 personas,AVENIDA,FERROCARRIL DE VERACRUZ,CALLE,JAVIER SOLIS,CALLEJON,L. F.,CALLE,ERNESTO FINANCE,110,D,NA,NA,NA,NA,COLONIA,JORGE NEGRETE,NA,NA,NA,07290,09,Ciudad de México,005,Gustavo A. Madero,0001,Gustavo A. Madero,0328,015,5519866244,NA,NA,Fijo,19.52528079,-99.14057933,2010-07
11203021,09007713943007341000000000U6,GIMNASIO EL GRAN FARAON,NA,713943,Centros de acondicionamiento físico del sector privado,0 a 5 personas,AVENIDA,EMILIANO ZAPATA,CALLE,RIO BRAVO,CALLE,RIO MAYO,CALLE,RIO RHIN,229,NA,NA,NA,NA,NA,COLONIA,VALLE DE SAN LORENZO,NA,NA,NA,09970,09,Ciudad de México,007,Iztapalapa,0001,Iztapalapa,351A,011,5547061840,ELGRANFARAONGYM@GMAIL.COM,NA,Fijo,19.29694709,-99.07547234,2024-11
9742985,09003713943002531000000000U6,GIMNASIO EL SEGUNDO AIRE,EDUARDO CANON,713943,Centros de acondicionamiento físico del sector privado,0 a 5 personas,CALLE,CORAS,CALLE,MOCTECUZOMA,CALLE,REY HUEMAN,CALLE,NAHUATLACAS,297,NA,NA,NA,NA,NA,COLONIA,AJUSCO,NA,NA,NA,04300,09,Ciudad de México,003,Coyoacán,0001,Coyoacán,0817,010,5566644698,NA,NA,Fijo,19.31573758,-99.16049414,2024-11
713850,09007713943003201000000000U6,GIMNASIO EL SHADDAY,NA,713943,Centros de acondicionamiento físico del sector privado,0 a 5 personas,EJE VIAL,8 SUR CALZADA ERMITA IZTAPALAPA,CALLE,CENTENO,CALLE,MAIZ,CALLE,CAMPESINOS,NA,SN,NA,NA,NA,NA,COLONIA,GRANJAS ESMERALDA,NA,NA,NA,09810,09,Ciudad de México,007,Iztapalapa,0001,Iztapalapa,1180,019,5530439826,NA,WWW.ELSHADDAIFITNESSCENTER.COM.MX,Fijo,19.35692345,-99.1163998,2014-12
10450050,09010713943002471000000000U0,GIMNASIO ELEGANCE ACADEMY,NA,713943,Centros de acondicionamiento físico del sector privado,0 a 5 personas,CALLE,PROLONGACION 5 DE MAYO,AVENIDA,CENTENARIO,CALLE,ARTURO GAMIZ,CALLE,PROLONGACION 5 DE MAYO,3121,A,NA,NA,NA,NA,COLONIA,EX-HACIENDA DE TARANGO,NA,NA,NA,01620,09,Ciudad de México,010,Álvaro Obregón,0001,Álvaro Obregón,2292,034,NA,NA,NA,Fijo,19.36187138,-99.22361266,2024-11
8711550,09011713943001701001000000U9,GIMNASIO ELEMENT FITNES,ELEMENT FITNESS,713943,Centros de acondicionamiento físico del sector privado,6 a 10 personas,CALLE,MONTES DE LAS CORDILLERAS,CALLE,GOLFO DE LOS IRIS,CALLE,MAR FRIO,CALLE,MURALLA RECTA,NA,SN,NA,NA,219,NA,COLONIA,SELENE,NA,NA,NA,13420,09,Ciudad de México,011,Tláhuac,0001,Tláhuac,0170,030,NA,NA,NA,Fijo,19.29452218,-99.00857944,2019-11
753521,09016713943000272002000000U1,GIMNASIO ELITE FITNESS,NA,713943,Centros de acondicionamiento físico del sector privado,0 a 5 personas,CALLE,LAGO CHIEM,CALLE,LAGO NAUR,CALLE,PRIVADA LAGO WETTER,CALLE,CASA AMARILLA,181,NA,NA,NA,NA,NA,COLONIA,REFORMA PENSIL,NA,NA,NA,11440,09,Ciudad de México,016,Miguel Hidalgo,0001,Miguel Hidalgo,1349,012,NA,NA,NA,Fijo,19.447254,-99.19149412,2010-07
806150,09005713943001533001000000U8,GIMNASIO ELITE SPORT,NA,713943,Centros de acondicionamiento físico del sector privado,6 a 10 personas,CALLE,AVENIDA 553,CALLE,CUARTA 553,EJE VIAL,3 NORTE (AVENIDA 506),CALLE,AVENIDA 555,127,NA,NA,NA,NA,NA,COLONIA,SAN JUAN DE ARAGÓN II SECCIÓN,NA,NA,NA,07969,09,Ciudad de México,005,Gustavo A. Madero,0001,Gustavo A. Madero,2339,007,NA,NA,NA,Fijo,19.45397287,-99.08500551,2010-07
972899,09013713943000191000000000U0,GIMNASIO ELYFE,NA,713943,Centros de acondicionamiento físico del sector privado,0 a 5 personas,CALLE,CAMINO REAL A XOCHITEPEC,CALLE,DIENTE DE LEON,CALLE,CAMINO AL AJUSCO,CALLE,AYUME,180,NA,NA,NA,NA,NA,COLONIA,AMPLIACIÓN TEPEPAN,NA,NA,NA,16029,09,Ciudad de México,013,Xochimilco,0001,Xochimilco,1332,008,5545293058,NA,NA,Fijo,19.26583174,-99.13252226,2010-07
720434,09007713943002921000000000U0,GIMNASIO ENERGY,NA,713943,Centros de acondicionamiento físico del sector privado,0 a 5 personas,CALLE,12 DE JULIO DE 1859,CALLE,BATALLA DE CASABLANCA,CALLE,BATALLA DE LOMA ALTA,CALLE,23 DE JULIO DE 1859,1527,NA,NA,NA,NA,NA,COLONIA,LEYES DE REFORMA TERCERA SECCIÓN,NA,NA,NA,09310,09,Ciudad de México,007,Iztapalapa,0001,Iztapalapa,0407,023,NA,NA,NA,Fijo,19.38048952,-99.07455062,2014-12
7664782,09009713943000441100000000U7,GIMNASIO ENERGY FITNESS GYM,NA,713943,Centros de acondicionamiento físico del sector privado,0 a 5 personas,CALLE,FRAY SERVANDO TERESA DE MIER,CALLE,FRAY PEDRO DE GANTE,AVENIDA,JOSE MARIA MORELOS,CALLE,16 DE SEPTIEMBRE,26,NA,NA,NA,NA,NA,PUEBLO,SAN ANTONIO TECOMITL,NA,NA,NA,12100,09,Ciudad de México,009,Milpa Alta,0011,San Antonio Tecómitl,0420,046,5510476401,NA,NA,Fijo,19.21349961,-98.99654347,2019-11
10790793,09010713943002611000000000U1,GIMNASIO ENERGYM,LUIS BLANCO,713943,Centros de acondicionamiento físico del sector privado,0 a 5 personas,AVENIDA,CENTENARIO,CALLE,TLAXCALA,OTRO(ESPECIFIQUE),ARROYO,OTRO(ESPECIFIQUE),MANZANA O EDIFICACION CONTIGUA,1555,NA,NA,NA,NA,NA,COLONIA,REACOMODO VALENTÍN GÓMEZ FARÍAS,NA,NA,NA,01569,09,Ciudad de México,010,Álvaro Obregón,0001,Álvaro Obregón,1627,054,NA,NA,NA,Fijo,19.35679599,-99.23637545,2024-11
9255455,09007713943006361000000000U5,GIMNASIO ENERGYM,NA,713943,Centros de acondicionamiento físico del sector privado,0 a 5 personas,CALLE,REFORMA SOCIAL,CALLE,REFORMA ELECTORAL,CALLE,REFORMA MAGISTERIAL,CALLE,REFORMA ELECTORAL,47,MZ 47 LT33,NA,NA,NA,NA,COLONIA,REFORMA POLÍTICA,NA,NA,NA,09730,09,Ciudad de México,007,Iztapalapa,0001,Iztapalapa,2901,016,5527715030,DEIVID@13LIVE.COM.MX,NA,Fijo,19.33777335,-99.02890916,2020-11
1048928,09011713943000462002000000U9,GIMNASIO ENERGYM TLAHUAC,NA,713943,Centros de acondicionamiento físico del sector privado,0 a 5 personas,CALLE,ADOLFO UNDA,CALLE,ANDRES NELLADO,CALLE,AGUSTIN DIAZ,CALLE,MAGDALENO ITA,611,NA,NA,NA,NA,NA,COLONIA,LA CONCHITA,NA,NA,NA,13360,09,Ciudad de México,011,Tláhuac,0001,Tláhuac,0927,001,5558415077,NA,NA,Fijo,19.29119409,-99.03920378,2010-07
739997,09005713943002741000000000U6,GIMNASIO ENIGMA,NA,713943,Centros de acondicionamiento físico del sector privado,0 a 5 personas,CALLE,ETEN,CALLE,APASEO EL ALTO,CALLE,ARTICULO 27 CONSTITUCIONAL,CALLE,CELAYA,628,E,NA,NA,NA,NA,COLONIA,SAN BARTOLO ATEPEHUACAN,NA,NA,NA,07730,09,Ciudad de México,005,Gustavo A. Madero,0001,Gustavo A. Madero,1097,020,NA,NA,NA,Fijo,19.49010991,-99.13879231,2010-07
10435459,09016713943001951000000000U9,GIMNASIO ENIGMA FIST,NA,713943,Centros de acondicionamiento físico del sector privado,0 a 5 personas,CALLE,GUTENBERG,CIRCUITO,INTERIOR (CALZADA MELCHOR OCAMPO),AVENIDA,EJERCITO NACIONAL MEXICANO,CIRCUITO,INTERIOR (CALZADA MELCHOR OCAMPO),34,NA,NA,NA,NA,NA,COLONIA,VERÓNICA ANZURES,NA,NA,NA,11300,09,Ciudad de México,016,Miguel Hidalgo,0001,Miguel Hidalgo,0603,018,5532639678,FERCAMPUZANOA@GMAIL.COM,NA,Fijo,19.43326149,-99.17246709,2024-11
9187244,09005713943004201000000000U9,GIMNASIO ENTRENAMIENTO GENETICO,NA,713943,Centros de acondicionamiento físico del sector privado,0 a 5 personas,EJE VIAL,3 ORIENTE AVENIDA INGENIERO EDUARDO MOLINA,CALLE,ORIENTE 157,CALLE,MANUEL BUENROSTRO,EJE VIAL,3 ORIENTE (AVENIDA INGENIERO EDUARDO MOLINA),1623,NA,NA,1,NA,E 21 22,COLONIA,EL COYOL,CENTRO Y PLAZA COMERCIAL,LA PLAZA ORIENTE,1623,07420,09,Ciudad de México,005,Gustavo A. Madero,0001,Gustavo A. Madero,2907,033,NA,NA,NA,Fijo,19.4857239,-99.09459524,2019-11
1005037,09003713943000111000000000U9,GIMNASIO ESPARTA GYM,NA,713943,Centros de acondicionamiento físico del sector privado,0 a 5 personas,AVENIDA,AVENIDA DEL IMAN,CERRADA,CUARTA DEL IMAN,CALLE,TERCERA CERRADA DEL IMAN,CALLE,NINGUNO,1,MZ 7 LOTE 1 ICIA,NA,NA,NA,NA,COLONIA,PEDREGAL DE SANTA ÚRSULA,NA,NA,NA,04600,09,Ciudad de México,003,Coyoacán,0001,Coyoacán,1656,009,5548758675,NA,NA,Fijo,19.30575698,-99.16130105,2010-07
10886614,09004713943000981000000000U3,GIMNASIO ESPARTANOS,PEDRO MORENO,713943,Centros de acondicionamiento físico del sector privado,0 a 5 personas,CALLE,LOMA DEL PADRE,CALLE,ANDADOR CHAMIXTO,CALLE,LOMA DE CHAMIXTO,PRIVADA,CHAMIXTO,150,NA,NA,NA,NA,NA,COLONIA,LOMA DEL PADRE,NA,NA,NA,05010,09,Ciudad de México,004,Cuajimalpa de Morelos,0001,Cuajimalpa de Morelos,0231,012,NA,NA,NA,Fijo,19.34962145,-99.30979584,2024-11
1005234,09012713943000051001000000U8,GIMNASIO ESTELARIS,NA,713943,Centros de acondicionamiento físico del sector privado,0 a 5 personas,CALLE,ZAPOTECAS,CALLE,NAVAJOS,CALLE,YAQUIS,CALLE,NAHOAS,175,NA,NA,NA,NA,NA,COLONIA,TLALCOLIGIA,NA,NA,NA,14430,09,Ciudad de México,012,Tlalpan,0001,Tlalpan,1119,002,5538790604,NA,NA,Fijo,19.2729287,-99.17389691,2010-07
1035500,09010713943000191002000000U6,GIMNASIO ESTRESS GYM,NA,713943,Centros de acondicionamiento físico del sector privado,0 a 5 personas,CALLE,GUSTAVO DIAZ ORDAZ,CALLE,MATAMOROS,CALLE,GUADALUPE VICTORIA,OTRO(ESPECIFIQUE),ARROYO,3,MZA20,NA,NA,NA,NA,COLONIA,JALALPA TEPITO,NA,NA,NA,01296,09,Ciudad de México,010,Álvaro Obregón,0001,Álvaro Obregón,0440,018,5552573369,NA,NA,Fijo,19.37857327,-99.23052078,2010-07
986422,09013713943000201000000000U7,GIMNASIO EVOLUTION,NA,713943,Centros de acondicionamiento físico del sector privado,0 a 5 personas,CIRCUITO,PLAN DE MUYUGUARDA,CALLE,CANAL ALAHUELTACO,CALLE,CANAL DE ALMOLOYA,CIRCUITO,CUEMANCO,111,NA,NA,NA,NA,NA,CANTON,BARRIO 18,NA,NA,NA,16034,09,Ciudad de México,013,Xochimilco,0001,Xochimilco,1385,016,5559185935,NICOLASKS83@HOTMAIL.COM,NA,Fijo,19.2775376,-99.11776636,2010-07
674295,09005713943002271000000000U4,GIMNASIO EXTASIS,NA,713943,Centros de acondicionamiento físico del sector privado,0 a 5 personas,CALLE,MANUEL FERNANDO SOTO,EJE VIAL,3 ORIENTE (AVENIDA INGENIERO EDUARDO MOLINA),CALLE,GREGORIO PAYRO,CALLE,FELIX ROMERO,172,NA,NA,NA,NA,NA,COLONIA,CONSTITUCIÓN DE LA REPÚBLICA,NA,NA,NA,07469,09,Ciudad de México,005,Gustavo A. Madero,0001,Gustavo A. Madero,1487,007,5511117474,NA,NA,Fijo,19.4834001,-99.09738957,2014-12
896790,09015713943001701000000000U0,GIMNASIO EXTASIS,VICTOR VAZQUEZ,713943,Centros de acondicionamiento físico del sector privado,0 a 5 personas,CALLE,BOLIVAR,AVENIDA,FRAY SERVANDO TERESA DE MIER,CALLE,NEZAHUALCOYOTL,CALLEJON,IGUALDAD,131,NA,NA,NA,NA,NA,COLONIA,CENTRO,NA,NA,NA,06000,09,Ciudad de México,015,Cuauhtémoc,0001,Cuauhtémoc,0964,012,5554142636,NA,NA,Fijo,19.42490582,-99.13967272,2014-12
9170025,09010713943001992001000000U6,GIMNASIO EXTREME GYM,NA,713943,Centros de acondicionamiento físico del sector privado,0 a 5 personas,CALLE,PARAISO,CALLE,ECUATORIANOS,CALLE,DOMINICANOS,CALLE,RIO SANTO DOMINGO,66,A,NA,NA,NA,NA,COLONIA,PARAÍSO,NA,NA,NA,01130,09,Ciudad de México,010,Álvaro Obregón,0001,Álvaro Obregón,014A,011,5529036373,NA,NA,Fijo,19.39133096,-99.21100254,2019-11
9547509,09008713943000771000000000U9,GIMNASIO FACTOR 300,NA,713943,Centros de acondicionamiento físico del sector privado,0 a 5 personas,CALLE,PALMAS,CALLE,LIRIO,CALLE,GARDENIA,CALLE,AZUCENA,317,NA,NA,NA,NA,NA,COLONIA,EL TORO,NA,NA,NA,10610,09,Ciudad de México,008,La Magdalena Contreras,0001,La Magdalena Contreras,0230,009,5523007112,NA,NA,Fijo,19.3123296,-99.24847588,2024-11
8602726,09012713943001771000000000U0,GIMNASIO FARAON GYM,NA,713943,Centros de acondicionamiento físico del sector privado,0 a 5 personas,CALLE,CARRASCO,CALLE,MECACALCO,CALLE,TEPETLASTOQUE,CALLE,CUAUHTEMOC,3,A,NA,NA,NA,NA,COLONIA,CANTERA PUENTE DE PIEDRA,NA,NA,NA,14050,09,Ciudad de México,012,Tlalpan,0001,Tlalpan,0182,002,5556066855,NA,NA,Fijo,19.29908696,-99.16438469,2019-11
10525168,09010713943002583000000000U2,GIMNASIO FEVER CLUB,E FURNITURE,713943,Centros de acondicionamiento físico del sector privado,11 a 30 personas,CALLE,PROLONGACION AVENIDA SANTA FE,AVENIDA,JAVIER BARROS SIERRA,CALLE,ANTONIO DOVALI JAIME,CALLE,PROLONGACION AVENIDA SANTA FE,70,NA,NA,1,NA,NA,COLONIA,SANTA FE,CENTRO Y PLAZA COMERCIAL,PLAZA SAMARA,SN,01219,09,Ciudad de México,010,Álvaro Obregón,0001,Álvaro Obregón,1542,053,NA,NA,WWW.FVRCLUB.COM,Fijo,19.3680925,-99.25993192,2024-11
861010,09012713943000421000000000U3,GIMNASIO FIGURA IDEAL,NA,713943,Centros de acondicionamiento físico del sector privado,0 a 5 personas,EJE VIAL,2 ORIENTE AVENIDA CANAL DE MIRAMONTES,CALZADA,ACOXPA,CALLE,VEREDA,CALZADA,ACOXPA,7620,NA,NA,5,NA,NA,UNIDAD HABITACIONAL,NARCISO MENDOZA,CENTRO Y PLAZA COMERCIAL,MIRA COAPA,10,14390,09,Ciudad de México,012,Tlalpan,0001,Tlalpan,0479,002,NA,NA,WWW.GIMNASIOFIJURAIDEAL,Fijo,19.29189174,-99.12551239,2010-07
11055099,09006713943001371000000000U1,GIMNASIO FIREZONEMX,NA,713943,Centros de acondicionamiento físico del sector privado,0 a 5 personas,CALLE,ORIENTE 253,CALLE,SUR 20,CALLE,SUR 16,CALLE,RETORNO 6 SUR 20,260,NA,NA,NA,NA,NA,COLONIA,AGRÍCOLA ORIENTAL,NA,NA,NA,08500,09,Ciudad de México,006,Iztacalco,0001,Iztacalco,0363,011,NA,NA,NA,Fijo,19.39253421,-99.06573943,2024-11
8182650,09005713943003541000000000U9,GIMNASIO FISICC GYM,NA,713943,Centros de acondicionamiento físico del sector privado,0 a 5 personas,CALLE,PUERTO MARFIL,CALLE,JOAQUIN PARDAVE,CALLE,MARIA GREVER,CALLE,JOAQUIN PARDAVE,23,LT 23 MZ 82,NA,NA,NA,NA,COLONIA,LOMA LA PALMA,NA,NA,NA,07160,09,Ciudad de México,005,Gustavo A. Madero,0001,Gustavo A. Madero,3252,003,NA,NA,NA,Fijo,19.56088781,-99.139697,2019-11
11803346,09004713943001113000000000U2,GIMNASIO FIT 24,GU HOLDING,713943,Centros de acondicionamiento físico del sector privado,11 a 30 personas,AVENIDA,JOSÉ MARÍA CASTORENA,CALLE,ANTONIO ANCONA,CALLE,NINGUNO,CARRETERA,FEDERAL MÉXICO TOLUCA (PROLONGACIÓN PASEO DE LA REFORMA),425,NA,NA,NA,NA,NA,COLONIA,CUAJIMALPA,NA,NA,NA,5000,09,Ciudad de México,004,Cuajimalpa de Morelos,0001,Cuajimalpa de Morelos,0104,005,NA,CUAJIMALPA@THEFIT24.COM,NA,Fijo,19.36125749,-99.28857223,2025-04
10601927,09014713943002381000000000U3,GIMNASIO FIT CAMP WORKSOHOP,NA,713943,Centros de acondicionamiento físico del sector privado,0 a 5 personas,CALLE,SAN BORJA,CALLE,TAJIN,CALLE,PETEN,EJE VIAL,6 SUR (ANGEL URRAZA),1457,NA,NA,NA,NA,NA,COLONIA,VÉRTIZ NARVARTE,NA,NA,NA,03023,09,Ciudad de México,014,Benito Juárez,0001,Benito Juárez,044A,004,NA,NA,NA,Fijo,19.38198002,-99.15450106,2024-11
9676404,09010713943002321000000000U7,GIMNASIO FIT CLUB DIO,NA,713943,Centros de acondicionamiento físico del sector privado,0 a 5 personas,CALLE,ENCINOS,CALLE,COLORINES,CALLE,PINO,CALLE,PALMAS,11,NA,NA,NA,NA,NA,PUEBLO,TLACOYAQUE,NA,NA,NA,01800,09,Ciudad de México,010,Álvaro Obregón,0001,Álvaro Obregón,1735,021,5539792687,NA,NA,Fijo,19.32464442,-99.26992419,2024-11
855365,09012713943000492002000000U4,GIMNASIO FIT PEREGRINE,NA,713943,Centros de acondicionamiento físico del sector privado,6 a 10 personas,CALLE,BOULEVARD PICACHO AJUSCO,CALLE,PASEO GIRASOL,CALLE,FRESAS,CALLE,FRESAS,21,77,NA,NA,NA,NA,COLONIA,PARAJE 38,NA,NA,NA,14275,09,Ciudad de México,012,Tlalpan,0001,Tlalpan,1570,037,5526151571,NA,NA,Fijo,19.26744107,-99.20911951,2010-07
7299256,09010713943001581000000000U7,GIMNASIO FITCROSS MX,NA,713943,Centros de acondicionamiento físico del sector privado,0 a 5 personas,AVENIDA,SANTA LUCIA,CALZADA,CALZADA DE LOS CORCELES,CALLE,HUAPANGO,CALZADA,CALZADA DE LOS CORCELES,1120,C,NA,NA,NA,NA,COLONIA,COLINA DEL SUR,NA,NA,NA,01430,09,Ciudad de México,010,Álvaro Obregón,0001,Álvaro Obregón,0686,032,NA,NA,NA,Fijo,19.36662814,-99.2318521,2019-11
1055022,09010713943000121000000000U3,GIMNASIO FITNES GYM,NA,713943,Centros de acondicionamiento físico del sector privado,0 a 5 personas,CALLE,SANTA FE MILPA ALTA,AVENIDA,5 DE MAYO,AVENIDA,CENTENARIO,CALLE,MEJIA DELGADO,5,NA,NA,NA,NA,NA,COLONIA,MERCED GÓMEZ,NA,NA,NA,01600,09,Ciudad de México,010,Álvaro Obregón,0001,Álvaro Obregón,0690,035,NA,NA,NA,Fijo,19.36593293,-99.20645176,2010-07
685026,09016713943000531000000000U0,GIMNASIO FITNES STUDIO,NA,713943,Centros de acondicionamiento físico del sector privado,0 a 5 personas,CALLE,FELIPE CARRILLO PUERTO,CALLE,MAR JAPON,AVENIDA,GENERAL MARIANO ESCOBEDO,CALLE,MAR ADRIATICO,261,NA,NA,NA,NA,NA,COLONIA,POPOTLA,NA,NA,NA,11400,09,Ciudad de México,016,Miguel Hidalgo,0001,Miguel Hidalgo,0177,003,5512504813,FITNESSTUDIO@HOTMAIL.COM,NA,Fijo,19.45115138,-99.18167513,2014-12
11471716,09011713943002291000000000U0,GIMNASIO FITNESS,FRANCISCO ROSALES,713943,Centros de acondicionamiento físico del sector privado,0 a 5 personas,CALLE,CRISTOBAL MORALES JUAN DE LA BARRERA,CALLE,GALLO DE ORO,CALLE,EL BARON GITANO (MANUEL ACUÑA),CALLE,MUZIO CLEMENTI,37,NA,NA,NA,NA,NA,COLONIA,LA NOPALERA,NA,NA,NA,13220,09,Ciudad de México,011,Tláhuac,0001,Tláhuac,0626,019,5515296342,NA,NA,Fijo,19.29690503,-99.05334876,2024-11
8254499,09007713943004481000000000U3,GIMNASIO FITNESS CENTER,NA,713943,Centros de acondicionamiento físico del sector privado,0 a 5 personas,CALLE,TEJOCOTES,CALLE,AVENIDA PALMITAS,CALLE,DURAZNO,CALLE,TEJOCOTES,78,NA,NA,NA,NA,NA,COLONIA,XALPA,NA,NA,NA,09640,09,Ciudad de México,007,Iztapalapa,0001,Iztapalapa,2757,004,NA,NA,NA,Fijo,19.34155424,-99.01942104,2019-11
682660,09002713943000611100000000U0,GIMNASIO FITNESS GYM,ISMAEL HERNANDEZ,713943,Centros de acondicionamiento físico del sector privado,0 a 5 personas,CALLE,FRANCISCO I MADERO,CALLE,CATARINO BENAVIDES,CALLE,IGNACIO COMONFORT,CALLE,ADOLFO LOPEZ MATEOS,NA,SN,NA,NA,NA,NA,COLONIA,AMPLIACIÓN SAN PEDRO XALPA,NA,NA,NA,02719,09,Ciudad de México,002,Azcapotzalco,0001,Azcapotzalco,0612,021,NA,NA,NA,Fijo,19.47982286,-99.21905465,2014-12
841549,09007713943001071000000000U5,GIMNASIO FLEX GYM,NA,713943,Centros de acondicionamiento físico del sector privado,0 a 5 personas,CALLE,RIO ELBA,CALLE,RIO FUERTE,CALLE,RIO RHIN,CALLE,RIO GANGES,28,NA,NA,NA,NA,NA,COLONIA,VALLE DE SAN LORENZO,NA,NA,NA,09970,09,Ciudad de México,007,Iztapalapa,0001,Iztapalapa,3539,022,NA,NA,NA,Fijo,19.29721255,-99.07715174,2010-07
9066016,09007713943006171000000000U8,GIMNASIO FLORES,NA,713943,Centros de acondicionamiento físico del sector privado,0 a 5 personas,CALLE,5 DE MAYO,CALLE,SEGUNDO CALLEJON HUALQUILA,CALLE,CULTURAS PREHISPANICAS,CALLE,SEGUNDO CALLEJON HUALQUILA,323,NA,NA,NA,NA,NA,BARRIO,SANTA BÁRBARA,NA,NA,NA,09000,09,Ciudad de México,007,Iztapalapa,0001,Iztapalapa,0731,025,5626543057,NA,NA,Fijo,19.36389582,-99.10316122,2019-11
7337563,09006713943001231001000000U7,GIMNASIO FLOWSPORT GYM,PABLO SANDOVAL,713943,Centros de acondicionamiento físico del sector privado,6 a 10 personas,AVENIDA,SANTIAGO,EJE VIAL,1 ORIENTE (AVENIDA ANDRES MOLINA ENRIQUEZ),CERRADA,CALDERITAS,CALLE,PLAYA NIZUC,210,NA,NA,NA,NA,NA,BARRIO,SANTIAGO SUR,NA,NA,NA,08800,09,Ciudad de México,006,Iztacalco,0001,Iztacalco,0753,015,NA,NA,NA,Fijo,19.39076811,-99.12902259,2019-11
10897421,09007713943006651000000000U9,GIMNASIO FOURSGYM,NA,713943,Centros de acondicionamiento físico del sector privado,0 a 5 personas,CALLE,MOLINO DE ORQUIDEA,CALLE,MACAHUITE,CALLE,MOLINO DE MAGNOLIA,CALLE,TULIPAN,5,MANZANA 7,NA,NA,NA,NA,MANZANA,CELOALLIOTLI,NA,NA,NA,09960,09,Ciudad de México,007,Iztapalapa,0001,Iztapalapa,5427,038,5592322821,NA,NA,Fijo,19.28717072,-99.06795459,2024-11
726237,09002713943000433002000000U9,GIMNASIO FUENTES GYM FITNESS,NA,713943,Centros de acondicionamiento físico del sector privado,0 a 5 personas,AVENIDA,CLAVERIA,CALLE,TEXCOCO,CALLE,MARAVATIO,CALLE,NILO,180,NA,NA,NA,NA,NA,MANZANA,CLAVERÍA,NA,NA,NA,02080,09,Ciudad de México,002,Azcapotzalco,0001,Azcapotzalco,0701,001,NA,CONTACTO@FUENTESGYM.COM.MX,WWW.FUENTESGYM.COM.MX,Fijo,19.46509253,-99.18016523,2010-07
865999,09015713941000101011000000U8,GIMNASIO FUN & FIT FITNESS CENTER,GRUPO DIANVE,713943,Centros de acondicionamiento físico del sector privado,11 a 30 personas,CALLE,COAHUILA,CALLE,MANZANILLO,AVENIDA,INSURGENTES SUR,CALLE,CAMPECHE,212,NA,NA,NA,NA,NA,COLONIA,ROMA SUR,NA,NA,NA,06760,09,Ciudad de México,015,Cuauhtémoc,0001,Cuauhtémoc,1356,010,5535040064,NA,NA,Fijo,19.41043533,-99.16653381,2010-07
948288,09011713943000491001000000U8,GIMNASIO FURY GYM,NA,713943,Centros de acondicionamiento físico del sector privado,6 a 10 personas,CERRADA,NINGUNO,CERRADA,FIERRO,CERRADA,NINGUNO,AVENIDA,CAMINO REAL,NA,SN,NA,NA,NA,NA,PUEBLO,SAN JUAN IXTAYOPAN,NA,NA,NA,13550,09,Ciudad de México,011,Tláhuac,0021,San Juan Ixtayopan,1022,006,NA,NA,NA,Fijo,19.23221559,-98.99392835,2014-12
11647535,09009713943000592000000000U7,GIMNASIO FURY GYM,NA,713943,Centros de acondicionamiento físico del sector privado,6 a 10 personas,AVENIDA,JOSE MARIA MORELOS,CALLE,DOCTOR GASTON MELO,CALLE,IGNACIO ALDAMA,AVENIDA,MIGUEL HIDALGO,115,NA,NA,NA,NA,NA,PUEBLO,SAN ANTONIO TECOMITL,NA,NA,NA,12100,09,Ciudad de México,009,Milpa Alta,0011,San Antonio Tecómitl,0401,009,NA,NA,NA,Fijo,19.22122149,-98.9937969,2024-11
8936472,09007713943004241000000000U1,GIMNASIO FUT 7,NA,713943,Centros de acondicionamiento físico del sector privado,0 a 5 personas,PERIFERICO,CANAL DE SAN JUAN,CALLE,NINGUNO,CALLE,NINGUNO,CALLE,NINGUNO,NA,SN,NA,NA,NA,NA,COLONIA,CHINAMPAC DE JUÁREZ,NA,NA,NA,09220,09,Ciudad de México,007,Iztapalapa,0001,Iztapalapa,547A,001,NA,NA,NA,Fijo,19.38006903,-99.06020698,2019-11
869554,09009713944000074001000000U4,GIMNASIO G1,ALCALDIA MILPA ALTA,713944,Centros de acondicionamiento físico del sector público,11 a 30 personas,CALLE,SINALOA NORTE,CALLE,NINGUNO,CALLE,SINALOA,CALLE,TLAXCALA,NA,SN,NA,NA,NA,NA,PUEBLO,VILLA MILPA ALTA,NA,NA,NA,12000,09,Ciudad de México,009,Milpa Alta,0001,Villa Milpa Alta,0492,004,NA,NA,NA,Fijo,19.19977035,-99.02642252,2010-07
11206017,09005713943005322000000000U2,GIMNASIO GAIAH,NA,713943,Centros de acondicionamiento físico del sector privado,6 a 10 personas,CALLE,CALLAO,OTRO(ESPECIFIQUE),NINGUNO,CALLE,MONTIEL,CALLE,COQUIMBO,668,NA,NA,NA,NA,NA,COLONIA,LINDAVISTA SUR,NA,NA,NA,07300,09,Ciudad de México,005,Gustavo A. Madero,0001,Gustavo A. Madero,1114,003,5532283637,NA,NA,Fijo,19.48689925,-99.12765297,2024-11
11457793,09006713943001351000000000U3,GIMNASIO GARGO,NA,713943,Centros de acondicionamiento físico del sector privado,0 a 5 personas,CALLE,RETORNO ANA MARIA,CALLE,ADOLFO LOPEZ MATEOS,PERIFERICO,CALLE 7,CALLE,RETORNO MARIA DEL CARMEN,12,NA,NA,NA,NA,NA,COLONIA,AGRÍCOLA PANTITLAN,NA,NA,NA,08100,09,Ciudad de México,006,Iztacalco,0001,Iztacalco,0109,008,NA,NA,NA,Fijo,19.40586728,-99.0585863,2024-11
10418188,09005713943005031000000000U9,GIMNASIO GIDIANIS SPORT,NA,713943,Centros de acondicionamiento físico del sector privado,0 a 5 personas,CALLE,TETECONTLA,CALLE,VENUS,AVENIDA,AVENIDA DEL CASTILLO,CALLE,JOYA DE NIEVES,24,29,NA,NA,NA,NA,COLONIA,ARBOLEDAS,NA,NA,NA,07140,09,Ciudad de México,005,Gustavo A. Madero,0001,Gustavo A. Madero,2610,004,NA,NA,NA,Fijo,19.55953099,-99.12688145,2024-11
1026793,09009713943000051000000000U4,GIMNASIO GIGANTES GYM,NA,713943,Centros de acondicionamiento físico del sector privado,0 a 5 personas,AVENIDA,FABIAN FLORES,CERRADA,NINGUNO,CALLE,JOSEFA ORTIZ DE DOMINGUEZ,CALLE,JOSE MARIA MORELOS PONIENTE,NA,SN,NA,NA,54,NA,PUEBLO,SAN PABLO OZTOTEPEC,NA,NA,NA,12400,09,Ciudad de México,009,Milpa Alta,0024,San Pablo Oztotepec,0191,012,NA,NA,NA,Fijo,19.18758057,-99.07624275,2010-07
784460,09007713943000101002000000U1,GIMNASIO GLADIADOR,NA,713943,Centros de acondicionamiento físico del sector privado,0 a 5 personas,AVENIDA,JALISCO,CALLE,JOSE MARIA MORELOS,CALLE,PIPILA,EJE VIAL,MIGUEL HIDALGO,686,NA,NA,NA,NA,NA,COLONIA,GUADALUPE DEL MORAL,NA,NA,NA,9300,09,Ciudad de México,007,Iztapalapa,0001,Iztapalapa,0553,020,5556008007,ESTHEREM6@HOTMAIL.COM,NA,Fijo,19.36876494,-99.07428615,2010-07
9032149,09008713943000512000000000U7,GIMNASIO GOLD CLUB FITNESS,NA,713943,Centros de acondicionamiento físico del sector privado,6 a 10 personas,CALLE,VIOLETA,AVENIDA,SAN JERONIMO,CALLE,NUBE,CALLE,BUGAMBILIA,741,NA,NA,NA,NA,NA,COLONIA,EL TORO,NA,NA,NA,10610,09,Ciudad de México,008,La Magdalena Contreras,0001,La Magdalena Contreras,0245,004,NA,GOLDCLUBFITNESS@GMAIL.COM,NA,Fijo,19.31215622,-99.24408416,2019-11
11686072,09016713943001672000000000U1,GIMNASIO GORILAS,NA,713943,Centros de acondicionamiento físico del sector privado,6 a 10 personas,CALLE,LAGO GINEBRA,CALLE,NORTE 4,CALLE,PONIENTE 117,CALLE,NORTE 4,5998,NA,NA,NA,NA,NA,COLONIA,POPO,NA,NA,NA,11490,09,Ciudad de México,016,Miguel Hidalgo,0001,Miguel Hidalgo,036A,011,NA,NA,NA,Fijo,19.44609319,-99.19888908,2024-11
644664,09002713943000311000000000U7,GIMNASIO GRECIA,NA,713943,Centros de acondicionamiento físico del sector privado,0 a 5 personas,CALLE,AMADO NERVO,CALLE,REY MAXTLA,AVENIDA,FERROCARRILES NACIONALES,EJE VIAL,3 NORTE (SANTA APOLONIA),8,NA,NA,NA,NA,NA,COLONIA,SAN FRANCISCO TETECALA,NA,NA,NA,02730,09,Ciudad de México,002,Azcapotzalco,0001,Azcapotzalco,1023,026,NA,NA,NA,Fijo,19.47898484,-99.19092207,2010-07
919814,09004713943000251001000000U1,GIMNASIO GT,NA,713943,Centros de acondicionamiento físico del sector privado,6 a 10 personas,CALLE,JUAREZ PONIENTE,CERRADA,PRIMERA AHUATENCO,CALLE,AHUATENCO,CERRADA,PRIMERA AHUATENCO,69,NA,NA,NA,NA,NA,COLONIA,CUAJIMALPA,NA,NA,NA,05270,09,Ciudad de México,004,Cuajimalpa de Morelos,0001,Cuajimalpa de Morelos,0208,002,5573997253,NA,NA,Fijo,19.36216348,-99.30105355,2014-12
865707,09015713943000862002000000U1,GIMNASIO GUERRERO FITNESS CLUB,DAVID LOPEZ,713943,Centros de acondicionamiento físico del sector privado,11 a 30 personas,CALLE,LERDO,AVENIDA,RICARDO FLORES MAGON,CALLE,ESTRELLA,CALLE,ZARCO,212,NA,NA,NA,NA,NA,COLONIA,GUERRERO,NA,NA,NA,06300,09,Ciudad de México,015,Cuauhtémoc,0001,Cuauhtémoc,0517,012,NA,NA,NA,Fijo,19.45068482,-99.14142939,2010-07
9539889,09013713943002221000000000U3,GIMNASIO GYM 7 TEPEPAN,GYM TSK BLACK,713943,Centros de acondicionamiento físico del sector privado,0 a 5 personas,OTRO(ESPECIFIQUE),AREA VERDE,CALLE,16 DE SEPTIEMBRE,CALLE,ACUEDUCTO ALDAMA,CALLE,JAVIER MINA,NA,SN,NA,NA,NA,NA,PUEBLO,SANTA MARÍA TEPEPAN,NA,NA,NA,16020,09,Ciudad de México,013,Xochimilco,0001,Xochimilco,0067,010,NA,NA,NA,Fijo,19.27258657,-99.13163794,2024-11
6199994,09005713943000041000000000U3,GIMNASIO GYM BODY SPORT,NA,713943,Centros de acondicionamiento físico del sector privado,0 a 5 personas,CALLE,314,CALLE,307,CALLE,309,CALLE,312,NA,SN,NA,NA,NA,NA,COLONIA,NUEVA ATZACOALCO,NA,NA,NA,07420,09,Ciudad de México,005,Gustavo A. Madero,0001,Gustavo A. Madero,0845,017,5531244014,NA,NA,Fijo,19.50107211,-99.08648581,2010-07
7673386,09010713943001961010000000U1,GIMNASIO GYM BOXING 70,NA,713943,Centros de acondicionamiento físico del sector privado,0 a 5 personas,CALLE,LUIS ECHEVERRIA,CERRADA,LAS FLORES,AVENIDA,AVENIDA DE LAS TORRES,AVENIDA,AVENIDA DE LAS TORRES,14,NA,NA,NA,NA,NA,COLONIA,TORRES DE POTRERO,NA,NA,NA,01840,09,Ciudad de México,010,Álvaro Obregón,0001,Álvaro Obregón,1684,065,NA,NA,NA,Fijo,19.32890948,-99.25530108,2019-11
945472,09011713943000633001000000U5,GIMNASIO GYM CAUTION,NA,713943,Centros de acondicionamiento físico del sector privado,6 a 10 personas,CALLE,FRANCISCO PEÑALOZA,CALLE,LA GIOCONDA,CALLE,LA HEBREA,CALLE,TOMAS MORLEY,10,MZ 171 LT 10,NA,NA,NA,NA,COLONIA,MIGUEL HIDALGO,NA,NA,NA,13200,09,Ciudad de México,011,Tláhuac,0001,Tláhuac,1268,009,NA,INFOCAUTIONGYM@GMAIL.COM,WWW.CAUTIONGYM.COM.MX,Fijo,19.29198871,-99.04533129,2014-12
7628339,09013713943001651000000000U2,GIMNASIO GYM CLUB,NA,713943,Centros de acondicionamiento físico del sector privado,0 a 5 personas,CALLE,CERRO LAS TORRES,CALLE,CAMINO REAL AL AJUSCO,OTRO(ESPECIFIQUE),AREA VERDE,PRIVADA,LAS TORRES,314,NA,NA,NA,NA,NA,BARRIO,AMPLIACIÓN TEPEPAN,NA,NA,NA,16029,09,Ciudad de México,013,Xochimilco,0001,Xochimilco,0917,037,NA,NA,NA,Fijo,19.26610597,-99.13636462,2019-11
1035868,09013713943000261000000000U1,GIMNASIO GYM ELITE TEAM PRO,NA,713943,Centros de acondicionamiento físico del sector privado,0 a 5 personas,AVENIDA,TENOCHTITLAN,CALLE,NINGUNO,CALLE,LA GALLERA,PROLONGACION,IGNACIO ZARAGOZA,NA,SN,NA,NA,NA,NA,PUEBLO,TETITLA,NA,NA,NA,16500,09,Ciudad de México,013,Xochimilco,0001,Xochimilco,1366,001,5521574004,NA,NA,Fijo,19.25193943,-99.07008536,2010-07
663618,09017713943000301000000000U6,GIMNASIO GYM FLEX,NA,713943,Centros de acondicionamiento físico del sector privado,0 a 5 personas,CALLE,PRIVADA XICHU,CALLE,XALOSTOC,CALLE,XICHU,CALLE,XOCOYOTE,29,NA,NA,NA,NA,NA,COLONIA,ARENAL TERCERA SECCIÓN,NA,NA,NA,15660,09,Ciudad de México,017,Venustiano Carranza,0001,Venustiano Carranza,0831,008,5621192690,NA,NA,Fijo,19.42944419,-99.05530487,2010-07
922488,09010713943001072002000000U7,GIMNASIO GYM MC FIT,NA,713943,Centros de acondicionamiento físico del sector privado,6 a 10 personas,AVENIDA,VASCO DE QUIROGA,CALLE,LOS ARRIEROS,CALLE,PASO DE LOS LIBRES,CALLE,PASEO DE PIEDRA,1246,NA,NA,NA,NA,NA,COLONIA,AMPLIACIÓN LA MEXICANA,NA,NA,NA,01260,09,Ciudad de México,010,Álvaro Obregón,0001,Álvaro Obregón,0351,031,5513278383,NA,NA,Fijo,19.38467833,-99.22823951,2014-12
10327765,09006713943001361000000000U2,GIMNASIO GYM MONSTERS,NA,713943,Centros de acondicionamiento físico del sector privado,0 a 5 personas,CALLE,SUR 20,CALLE,ORIENTE 257,CALLE,ORIENTE 255-D,CALLE,SUR 18-B,578,NA,NA,NA,NA,NA,COLONIA,AGRÍCOLA ORIENTAL,NA,NA,NA,08500,09,Ciudad de México,006,Iztacalco,0001,Iztacalco,0363,015,NA,NA,NA,Fijo,19.390308,-99.06336302,2024-11
8711601,09011713943001712000000000U6,GIMNASIO GYM OZONO,NA,713943,Centros de acondicionamiento físico del sector privado,6 a 10 personas,CALLE,MONTES DE LAS CORDILLERAS,CALLE,MAR DE LA SERENIDAD,CALLE,GOLFO DE LOS IRIS,CALLE,MURALLA RECTA,NA,SN,NA,NA,NA,NA,COLONIA,SELENE,NA,NA,NA,13420,09,Ciudad de México,011,Tláhuac,0001,Tláhuac,0170,029,NA,NA,NA,Fijo,19.29362804,-99.00872296,2019-11
1020330,09008713943000262001000000U9,GIMNASIO GYM PAWER HOUSE,NA,713943,Centros de acondicionamiento físico del sector privado,0 a 5 personas,CALLE,CRUZ BLANCA,CALLE,MONTECRISTO,CALLE,LA PRESA,CALLE,ALAMO,43,NA,NA,NA,NA,NA,COLONIA,CUAUHTÉMOC,NA,NA,NA,10020,09,Ciudad de México,008,La Magdalena Contreras,0001,La Magdalena Contreras,0211,007,5556685257,NA,NA,Fijo,19.31933268,-99.24242298,2010-07
11262039,09007713943006671000000000U7,GIMNASIO GYM REYES,NA,713943,Centros de acondicionamiento físico del sector privado,0 a 5 personas,CALLE,VILLA ATUEL,CALLE,VILLA CARLOS,CALLE,VILLA CASTIN,CALLE,VILLA ARRIAGA,11,NA,NA,NA,NA,NA,COLONIA,DESARROLLO URBANO QUETZALCOATL,NA,NA,NA,09700,09,Ciudad de México,007,Iztapalapa,0001,Iztapalapa,305A,049,5556932845,NA,NA,Fijo,19.33480955,-99.04065,2024-11
7721916,09011713943001541000000000U9,GIMNASIO GYM SMART FLEX LA TURBA,NA,713943,Centros de acondicionamiento físico del sector privado,0 a 5 personas,CALLE,CARACOL,AVENIDA,LA TURBA,CALLE,LISA,CALLE,GITANA,NA,SN,EDIFICIO SIN NOMBRE,17,NA,NA,COLONIA,LA MAR NORTE,NA,NA,NA,13270,09,Ciudad de México,011,Tláhuac,0001,Tláhuac,0630,022,NA,NA,NA,Fijo,19.29244201,-99.05903275,2019-11
662008,09007713943001371000000000U9,GIMNASIO GYM SUYOI,NA,713943,Centros de acondicionamiento físico del sector privado,0 a 5 personas,CALZADA,AMPLIACION ERMITA IZTAPALAPA,CALLE,ANTIGUO CAMINO A LOS REYES,EJE VIAL,8 SUR (CALZADA ERMITA IZTAPALAPA),CALLE,PASTORES,939,NA,NA,NA,2,NA,COLONIA,SANTA ISABEL INDUSTRIAL,NA,NA,NA,09820,09,Ciudad de México,007,Iztapalapa,0001,Iztapalapa,1208,006,NA,NA,NA,Fijo,19.35558134,-99.10121121,2010-07
674299,09005713943002691000000000U3,GIMNASIO GYM VITAL,NA,713943,Centros de acondicionamiento físico del sector privado,0 a 5 personas,EJE VIAL,3 ORIENTE AVENIDA INGENIERO EDUARDO MOLINA,CALLE,GABINO ORTIZ,CALLE,MANUEL FERNANDO SOTO,CALLE,FRANCISCO DIAZ BARRIGA,7344,NA,NA,NA,NA,NA,COLONIA,CONSTITUCIÓN DE LA REPÚBLICA,NA,NA,NA,07469,09,Ciudad de México,005,Gustavo A. Madero,0001,Gustavo A. Madero,1487,020,5549013010,NA,NA,Fijo,19.48347986,-99.09629086,2014-12
7903352,09007713943004491000000000U2,GIMNASIO GYM XTREME FORCE,NA,713943,Centros de acondicionamiento físico del sector privado,0 a 5 personas,AVENIDA,LUIS HIDALGO MONROY,CALLEJON,200,CALLE,RAFAEL GARCIA MORENO,CALLE,ARTEMIO ALPIZAR RUZ (MOCTEZUMA),242,NA,NA,NA,NA,NA,COLONIA,SAN MIGUEL,NA,NA,NA,09360,09,Ciudad de México,007,Iztapalapa,0001,Iztapalapa,4912,011,NA,XTREMEFORCEGYM@GMAIL.COM,NA,Fijo,19.35698264,-99.08308799,2019-11
8038634,09013713943001341000000000U0,GIMNASIO GYM7,NA,713943,Centros de acondicionamiento físico del sector privado,0 a 5 personas,CALLE,AVENIDA CUAUHTEMOC,CALLE,TEPEYAC,CALLE,ACUEDUCTO SAN GREGORIO ATLAPULCO,CALLE,AVENIDA CUAUHTEMOC,51,NA,NA,NA,196,NA,PUEBLO,SAN GREGORIO ATLAPULCO,NA,NA,NA,16600,09,Ciudad de México,013,Xochimilco,0001,Xochimilco,0353,028,NA,NA,NA,Fijo,19.24992168,-99.05670515,2019-11
10554042,09013713943002021000000000U7,GIMNASIO GYMBOX,NA,713943,Centros de acondicionamiento físico del sector privado,0 a 5 personas,CALLE,HONOR Y GLORIA,CALLE,REPUBLICA DEL PERU,CALLE,CERRADA SAN JOSE,CALLE,NINGUNO,NA,SN,NA,NA,NA,NA,COLONIA,CERRILLOS PRIMERA SECCIÓN,NA,NA,NA,16780,09,Ciudad de México,013,Xochimilco,0001,Xochimilco,0870,012,5520082613,NA,NA,Fijo,19.24493822,-99.02067865,2024-11
9779677,09007713943006871000000000U3,GIMNASIO HD,NA,713943,Centros de acondicionamiento físico del sector privado,0 a 5 personas,CALLE,TRIGO,AVENIDA,DE LAS MINAS,CALLE,CALABAZAS,CERRADA,DE ARROZ,NA,SN,NA,NA,NA,NA,COLONIA,TENORIOS,NA,NA,NA,09680,09,Ciudad de México,007,Iztapalapa,0001,Iztapalapa,3276,013,NA,NA,NA,Fijo,19.32949978,-99.01973565,2024-11
11374258,09007713943006701000000000U2,GIMNASIO HD,NA,713943,Centros de acondicionamiento físico del sector privado,0 a 5 personas,CALLE,FRANCISCO RAMIREZ VILLAREAL,CALLE,INGENIERO RAFAEL CURIEL,CALLE,ANTONIO ANCONA ALBERTO,CALLE,DOCTOR ARTURO MENDEZ,6,NA,NA,NA,NA,NA,COLONIA,CONSTITUCIÓN DE 1917,NA,NA,NA,09260,09,Ciudad de México,007,Iztapalapa,0001,Iztapalapa,1439,010,NA,NA,NA,Fijo,19.34777195,-99.0657722,2024-11
11220184,09007713943006781000000000U4,GIMNASIO HD,NA,713943,Centros de acondicionamiento físico del sector privado,0 a 5 personas,AVENIDA,MORELOS,CALLE,CELIO GARCIA,CALLE,JOSE INDELICATO,CALLE,CELIO GARCIA,3013,NA,NA,NA,NA,NA,PUEBLO,SANTA MARTHA ACATITLA,NA,NA,NA,09510,09,Ciudad de México,007,Iztapalapa,0001,Iztapalapa,1138,018,5523263524,NA,NA,Fijo,19.36336435,-99.00471948,2024-11
1025699,09008713943000171000000000U2,GIMNASIO HEALTH CENTER,NA,713943,Centros de acondicionamiento físico del sector privado,0 a 5 personas,CALLE,ALUMNOS,CALLE,GUERRERO,CALLE,ALVARO OBREGON,CERRADA,PRIMERA ALVARO OBREGON,4,NA,NA,NA,NA,NA,PUEBLO,SAN BERNABÉ OCOTEPEC,NA,NA,NA,10300,09,Ciudad de México,008,La Magdalena Contreras,0001,La Magdalena Contreras,0550,029,5533232019,NA,NA,Fijo,19.31335799,-99.25783186,2010-07
688709,09016713943000751000000000U4,GIMNASIO HORUS,NA,713943,Centros de acondicionamiento físico del sector privado,0 a 5 personas,CALLE,LAGO VALENCIA,CALLE,LAGO CARDIEL,CALLE,LAGO VIEDMA,CALLE,LAGO CANEGUIN,48,NA,NA,NA,NA,NA,COLONIA,ARGENTINA ANTIGUA,NA,NA,NA,11260,09,Ciudad de México,016,Miguel Hidalgo,0001,Miguel Hidalgo,011A,002,5546180561,NA,NA,Fijo,19.45603685,-99.20236397,2014-12
12334092,09003713943002431000000000U9,GIMNASIO IMPERIO BOXING,NA,713943,Centros de acondicionamiento físico del sector privado,0 a 5 personas,CERRADA,CERRADA J SANTIAGO,CERRADA,CERRADA J SANTIAGO,EJE VIAL,2 ORIENTE (HEROICA ESCUELA NAVAL MILITAR),AVENIDA,ALFREDO V BONFIL,1,3,NA,NA,NA,NA,COLONIA,PRESIDENTES EJIDALES SEGUNDA SECCIÓN,NA,NA,NA,04470,09,Ciudad de México,003,Coyoacán,0001,Coyoacán,1707,028,NA,NA,NA,Fijo,19.32680884,-99.12440624,2026-04
746644,09005713943000511000000000U5,GIMNASIO INDIOS VERDES,NA,713943,Centros de acondicionamiento físico del sector privado,0 a 5 personas,CALLE,MOCTEZUMA,AVENIDA,INSURGENTES NORTE,CALLE,CACAMA,CALLE,CUAUHTEMOC,9,NA,NA,NA,NA,NA,COLONIA,SANTA ISABEL TOLA,NA,NA,NA,07010,09,Ciudad de México,005,Gustavo A. Madero,0001,Gustavo A. Madero,0775,004,NA,NA,NA,Fijo,19.49849912,-99.11777109,2010-07
741641,09005713943000571000000000U9,GIMNASIO INFINITY,NA,713943,Centros de acondicionamiento físico del sector privado,0 a 5 personas,CALZADA,TICOMAN,CALLE,NINGUNO,AVENIDA,INSTITUTO POLITECNICO NACIONAL,CALLE,SEGUNDO RETORNO,430,NA,NA,NA,NA,NA,COLONIA,LINDAVISTA NORTE,NA,NA,NA,07340,09,Ciudad de México,005,Gustavo A. Madero,0001,Gustavo A. Madero,0629,019,5555868384,NA,NA,Fijo,19.50422395,-99.12866509,2010-07
723625,09007713943002591000000000U1,GIMNASIO INFOS GYM,ROBERTO GARCIA,713943,Centros de acondicionamiento físico del sector privado,0 a 5 personas,CALLE,FELIPE OBREGON,CALLE,BALTAZAR BORRAYO,CALLE,MANUEL DE JESUS,CALLE,IGNACIO ELIAS,27,MZ14,NA,NA,NA,NA,COLONIA,AMPLIACIÓN PARAJE SAN JUAN,NA,NA,NA,09830,09,Ciudad de México,007,Iztapalapa,0001,Iztapalapa,2846,004,5532314681,NA,NA,Fijo,19.33826653,-99.07052531,2014-12
1048452,09011713943000221002000000U9,GIMNASIO INOVACION,NA,713943,Centros de acondicionamiento físico del sector privado,0 a 5 personas,PRIVADA,DON GIOVANI,CALLE,DON PASCUALE (AMAPA),CALLE,DON CARLO (VIOLETA),CALLE,JACOBO DE LIEJA,29,MZ 29 LT 15,NA,NA,NA,NA,COLONIA,AGRICOLA METROPOLITANA,NA,NA,NA,13280,09,Ciudad de México,011,Tláhuac,0001,Tláhuac,0664,003,NA,NA,NA,Fijo,19.28845766,-99.05367681,2010-07
670624,09005713943002091000000000U6,GIMNASIO INSPIRA SPORT LIFE,NA,713943,Centros de acondicionamiento físico del sector privado,0 a 5 personas,CALLE,LAZARO CARDENAS,CALLE,ADOLFO RUIZ CORTINES,CALLE,JUSTO SIERRA,CALLE,FRANCISCO VILLA,29,MZ12LT29,NA,NA,NA,NA,COLONIA,ZONA ESCOLAR,NA,NA,NA,07230,09,Ciudad de México,005,Gustavo A. Madero,0001,Gustavo A. Madero,0173,015,5626510320,NA,NA,Fijo,19.54346566,-99.150655510000007,2014-12
10137533,09004713943000971000000000U4,GIMNASIO IRONFIT GYM CUAJIMALPA,NA,713943,Centros de acondicionamiento físico del sector privado,0 a 5 personas,AVENIDA,VERACRUZ,CARRETERA,FEDERAL MEXICO-TOLUCA (PROLONGACION PASEO DE LA REFORMA),CERRADA,NINGUNO,CARRETERA,FEDERAL MEXICO-TOLUCA (PROLONGACION PASEO DE LA REFORMA),158,NA,NA,NA,NA,NA,COLONIA,CUAJIMALPA,NA,NA,NA,05000,09,Ciudad de México,004,Cuajimalpa de Morelos,0001,Cuajimalpa de Morelos,0091,005,5532335381,NA,NA,Fijo,19.35205967,-99.30124683,2024-11
1003760,09004713943000411000000000U1,GIMNASIO IRONFITNESS,NA,713943,Centros de acondicionamiento físico del sector privado,0 a 5 personas,CALLE,CONSTITUYENTE HECTOR VICTORIA,CALLE,6 DE ENERO,CERRADA,CONSTITUYENTE HECTOR VICTORIA,CALLE,PRIMERA CERRADA DEL MORAL,162,NA,NA,NA,NA,NA,COLONIA,GRANJAS NAVIDAD,NA,NA,NA,05219,09,Ciudad de México,004,Cuajimalpa de Morelos,0001,Cuajimalpa de Morelos,027A,002,NA,NA,NA,Fijo,19.37218122,-99.28530605,2010-07
8632419,09011713943001671000000000U4,GIMNASIO J&M,NA,713943,Centros de acondicionamiento físico del sector privado,0 a 5 personas,CALZADA,PLUTARCO ELIAS CALLES CALZADA MIXQUIC CHALCO,CALLE,NUEVO MEXICO,AVENIDA,INDEPENDENCIA,CALLE,MEDELLIN,NA,SN,NA,NA,NA,NA,COLONIA,SAN ANDRES MIXQUIC,NA,NA,NA,13600,09,Ciudad de México,011,Tláhuac,0011,San Andrés Mixquic,1037,019,NA,NA,NA,Fijo,19.22591766,-98.96539846,2019-11
824924,09007713943000391000000000U8,GIMNASIO JANET,NA,713943,Centros de acondicionamiento físico del sector privado,0 a 5 personas,CALLE,ZACATECAS,CALLE,CAYETANO ANDRADE,AVENIDA,FELIPE NERI,CALLE,FRANCISCO MANRIQUE,43,NA,NA,NA,NA,NA,COLONIA,EL EDÉN,NA,NA,NA,09510,09,Ciudad de México,007,Iztapalapa,0001,Iztapalapa,0784,038,NA,NA,NA,Fijo,19.36516099,-99.01539415,2010-07
754066,09007713943001692002000000U8,GIMNASIO JAVI KEVIN,NA,713943,Centros de acondicionamiento físico del sector privado,0 a 5 personas,CALLE,JOSE MARIA CHAVEZ,CALLE,GENERAL FELIPE DE LA GARZA,CALLE,JOSE MARIA PARRAS,CALLE,CORONEL BENITO S. ZENEA,77,NA,NA,NA,NA,NA,COLONIA,JUAN ESCUTIA,NA,NA,NA,09100,09,Ciudad de México,007,Iztapalapa,0001,Iztapalapa,0040,010,NA,NA,NA,Fijo,19.39408505,-99.04490739,2010-07
962389,09014713943000091002000000U0,GIMNASIO JENNY GYM,NA,713943,Centros de acondicionamiento físico del sector privado,0 a 5 personas,CALLE,JOSE SIMON BOLIVAR,CALLE,FRANCISCO FIELD JURADO,CALLE,KIFF,CALLE,RAFAEL SOLANA,1116,NA,NA,NA,NA,NA,COLONIA,INDEPENDENCIA,NA,NA,NA,03630,09,Ciudad de México,014,Benito Juárez,0001,Benito Juárez,0469,036,NA,LIC.SANTAMARIAVELAZQUEZ@HOTMAIL.COM,NA,Fijo,19.38065803,-99.14637264,2010-07
10192055,09016713943001781000000000U0,GIMNASIO JONHY FUNCIONAL FITNESS,NA,713943,Centros de acondicionamiento físico del sector privado,0 a 5 personas,CALLE,28 DE AGOSTO,VIADUCTO,RIO BECERRA,CALLE,13 DE SEPTIEMBRE,CALLE,12 DE DICIEMBRE,20,NA,NA,NA,NA,NA,COLONIA,ESCANDÓN II SECCIÓN,NA,NA,NA,11800,09,Ciudad de México,016,Miguel Hidalgo,0001,Miguel Hidalgo,1211,014,NA,NA,NA,Fijo,19.39838294,-99.1782305,2024-11
7648876,09009713943000401001000000U1,GIMNASIO JOSHINSUL CLUB,NA,713943,Centros de acondicionamiento físico del sector privado,6 a 10 personas,CALLE,5 DE MAYO,AVENIDA,JOSE MARIA MORELOS,AVENIDA,MIGUEL HIDALGO,CALLE,AGUSTIN DE ITURBIDE,3,NA,NA,17,NA,NA,PUEBLO,SAN ANTONIO TECOMITL,CENTRO Y PLAZA COMERCIAL,PLAZA LOS ARCOS,3,12100,09,Ciudad de México,009,Milpa Alta,0011,San Antonio Tecómitl,0420,035,5528626541,NA,NA,Fijo,19.21696288,-98.99370255,2019-11
1052568,09011531119000091011000000U3,GIMNASIO KAIZEN FITNESS,NA,713943,Centros de acondicionamiento físico del sector privado,6 a 10 personas,CALLE,EMILIO LAURENT,PRIVADA,LORENZO P. CASTRO,CALLE,AGUSTIN CAMARENA,CALLE,LORENZO PEREZ CASTRO,NA,SN,NA,NA,NA,NA,COLONIA,LA CONCHITA B,NA,NA,NA,13360,09,Ciudad de México,011,Tláhuac,0001,Tláhuac,0128,021,NA,KAIZEN004@GMAIL.COM,NA,Fijo,19.29380892,-99.0344046,2014-12
7338181,09007713943006111000000000U4,GIMNASIO KATOS ESCUELA DE BOX,GERARDO CARRANZA,713943,Centros de acondicionamiento físico del sector privado,0 a 5 personas,AVENIDA,APATLACO,CALLE,CUENTISTAS,CALLE,CRONISTAS,EJE VIAL,5 SUR (SANTA MARIA LA PURISIMA),NA,SN,NA,NA,NA,NA,COLONIA,PURÍSIMA ATLAZOLPA,NA,NA,NA,09429,09,Ciudad de México,007,Iztapalapa,0001,Iztapalapa,0375,021,NA,NA,NA,Fijo,19.38072204,-99.10733301,2019-11
879045,09009713943000011000000000U8,GIMNASIO KIKES GYM,NA,713943,Centros de acondicionamiento físico del sector privado,0 a 5 personas,CALLE,AVENIDA MEXICO SUR,CALLE,AVENIDA MEXICO SUR,CALLE,CHIHUAHUA,CALLE,AVENIDA MEXICO SUR,115,NA,NA,NA,NA,NA,PUEBLO,VILLA MILPA ALTA,NA,NA,NA,12000,09,Ciudad de México,009,Milpa Alta,0001,Villa Milpa Alta,0026,028,NA,NA,NA,Fijo,19.18737322,-99.0243792,2010-07
9867225,09014713943001941000000000U5,GIMNASIO KIMURA,NA,713943,Centros de acondicionamiento físico del sector privado,0 a 5 personas,CALLE,LUIS BRAILE,CALLE,RAFAEL SOLANA,CALLE,MARIO ROJAS AVENDAÑO,EJE VIAL,6 SUR (INDEPENDENCIA),27,NA,NA,NA,NA,NA,COLONIA,SAN SIMÓN TICUMAC,NA,NA,NA,03660,09,Ciudad de México,014,Benito Juárez,0001,Benito Juárez,0647,019,5543650645,NA,NA,Fijo,19.37806408,-99.14625661,2024-11
11728855,09009713943000691000000000U7,GIMNASIO KINER GYM,NA,713943,Centros de acondicionamiento físico del sector privado,0 a 5 personas,CALLE,AVENIDA CONSTITUCIÓN,CALLE,Tamaulipas Sur,CALLE,Avenida Yucatán Sur,CALLE,Colima Oriente,59,NA,NA,NA,NA,NA,PUEBLO,VILLA MILPA ALTA,NA,NA,NA,12000,09,Ciudad de México,009,Milpa Alta,0001,Villa Milpa Alta,0026,009,NA,NA,NA,Fijo,19.19093058,-99.0217672,2025-04
836756,09007713943000211000000000U8,GIMNASIO KING KONG,NA,713943,Centros de acondicionamiento físico del sector privado,0 a 5 personas,CALZADA,DEL VERGEL,CALLE,PORFIRIO DIAZ,CALLE,MARTIN CARRERA,CALLE,CANAL PEDRO VELEZ,24,NA,NA,NA,NA,NA,COLONIA,PRESIDENTES DE MÉXICO,NA,NA,NA,09740,09,Ciudad de México,007,Iztapalapa,0001,Iztapalapa,287A,015,NA,NA,NA,Fijo,19.33385209,-99.05693343,2010-07
8623150,09005713943003041000000000U0,GIMNASIO KING S GYM K&K,NA,713943,Centros de acondicionamiento físico del sector privado,0 a 5 personas,CALZADA,TICOMAN,AVENIDA,ACUEDUCTO,AVENIDA,CHIQUIHUITE,CALLE,CALLEJON LA CAÑADA,1353,NA,NA,NA,NA,NA,BARRIO,SAN JUAN Y GUADALUPE TICOMÁN,NA,NA,NA,07350,09,Ciudad de México,005,Gustavo A. Madero,0001,Gustavo A. Madero,0417,007,5586565527,NA,NA,Fijo,19.51985179,-99.13452906,2019-11
795939,09006713943000241000000000U7,GIMNASIO KOSAN CHURUBUSCO,NA,713943,Centros de acondicionamiento físico del sector privado,0 a 5 personas,CIRCUITO,INTERIOR AVENIDA RIO CHURUBUSCO,AVENIDA,RECREO,CALLE,ORIENTE 102,CALLE,139,2319,NA,NA,NA,NA,NA,COLONIA,GABRIEL RAMOS MILLÁN SECCIÓN BRAMADERO,NA,NA,NA,08000,09,Ciudad de México,006,Iztacalco,0001,Iztacalco,0679,024,NA,KOSANCHURUBUSCO@GMAIL.COM,NA,Fijo,19.39405202,-99.09883827,2010-07
10811443,09003713943002391000000000U5,GIMNASIO LA RUTA 11B,NA,713943,Centros de acondicionamiento físico del sector privado,0 a 5 personas,CALLE,MALINTZIN,CALLE,SAN PEDRO,CALLE,MORELOS,CALLE,XICOTENCATL,11,NA,NA,NA,NA,NA,COLONIA,DEL CARMEN,NA,NA,NA,04100,09,Ciudad de México,003,Coyoacán,0001,Coyoacán,0041,018,5513642904,NA,NA,Fijo,19.35315863,-99.15763655,2024-11
9680455,09007713943007141000000000U0,GIMNASIO LADY TIME,NA,713943,Centros de acondicionamiento físico del sector privado,0 a 5 personas,CALLE,PABLO GARCIA,CALLE,GENERAL JOAQUIN M. GUTIERREZ,CALLE,GENERAL VICENTE MARISCAL,CALLE,CORONEL LINO MERINO,NA,SN,NA,NA,NA,NA,COLONIA,JUAN ESCUTIA,NA,NA,NA,09100,09,Ciudad de México,007,Iztapalapa,0001,Iztapalapa,0040,016,NA,NA,NA,Fijo,19.39419072,-99.0486181,2024-11
10218386,09008713943000801000000000U4,GIMNASIO LATINOS GYM,NA,713943,Centros de acondicionamiento físico del sector privado,0 a 5 personas,AVENIDA,LAS TORRES,CALLE,JILGUERO,CERRADA,LAS TORRES,CALLE,LAS FLORES,33,NA,NA,NA,NA,NA,COLONIA,LOS PADRES,NA,NA,NA,10320,09,Ciudad de México,008,La Magdalena Contreras,0001,La Magdalena Contreras,0137,004,5541765986,NA,NA,Fijo,19.32202846,-99.24718472,2024-11
961992,09011713943000361000000000U3,GIMNASIO LEA LEONES,NA,713943,Centros de acondicionamiento físico del sector privado,0 a 5 personas,CALLE,ERNESTO CORTAZAR ORIENTE 2,CALLE,CANCIONERO (NORTE 9),CALLE,ESTRELLA (NORTE 11),CALLE,JUAN MENDOZA (ORIENTE 4),737,B,NA,NA,NA,NA,COLONIA,SAN JOSE,NA,NA,NA,13020,09,Ciudad de México,011,Tláhuac,0001,Tláhuac,0397,009,5530336639,NA,NA,Fijo,19.27898068,-98.99306721,2010-07
9826729,09014713943002221000000000U1,GIMNASIO LEGEND,NA,713943,Centros de acondicionamiento físico del sector privado,0 a 5 personas,CALLE,JUAN SANCHEZ AZCONA,CALLE,LA MORENA,EJE VIAL,4 SUR (XOLA),CALLE,NICOLAS SAN JUAN,307,B,NA,NA,NA,NA,COLONIA,NARVARTE PONIENTE,NA,NA,NA,03103,09,Ciudad de México,014,Benito Juárez,0001,Benito Juárez,005A,020,5644734577,NA,NA,Fijo,19.39783655,-99.16020811,2024-11
8443075,09003713943001661000000000U2,GIMNASIO LEGENDS GYM,NA,713943,Centros de acondicionamiento físico del sector privado,0 a 5 personas,CALLE,COPAL,PRIVADA,PRIMERA CERRADA,EJE VIAL,10 SUR (AVENIDA PEDRO ENRIQUEZ UREÑA),CALLE,NESMEL,21,NA,NA,NA,NA,NA,COLONIA,PEDREGAL DE SANTO DOMINGO,NA,NA,NA,04369,09,Ciudad de México,003,Coyoacán,0001,Coyoacán,1158,025,5568166077,NA,NA,Fijo,19.33486593,-99.16777543,2019-11
821567,09007713943001451000000000U9,GIMNASIO LEMVERT,NA,713943,Centros de acondicionamiento físico del sector privado,0 a 5 personas,CALLE,SILVERIO PEREZ,CALLE,DALIA,CALLE,SARABIA,CALLE,JAZMIN,19,MZ 62,NA,NA,NA,NA,COLONIA,SAN MIGUEL TEOTONGO SECCIÓN LA CRUZ,NA,NA,NA,09630,09,Ciudad de México,007,Iztapalapa,0001,Iztapalapa,2973,022,5528433595,NA,NA,Fijo,19.34108429,-98.98884186,2010-07
678331,09005531113002481012000000U9,GIMNASIO LENCHOS,NA,713943,Centros de acondicionamiento físico del sector privado,0 a 5 personas,AVENIDA,535,OTRO(ESPECIFIQUE),AREA VERDE,CALLE,AVENIDA 531,CALLE,AVENIDA 531,3,NA,NA,NA,NA,NA,COLONIA,SAN JUAN DE ARAGÓN I SECCIÓN,NA,NA,NA,07969,09,Ciudad de México,005,Gustavo A. Madero,0001,Gustavo A. Madero,2150,021,5591195560,NA,NA,Fijo,19.46344682,-99.0869944,2014-12
769781,09007713943001471000000000U7,GIMNASIO LEO,NA,713943,Centros de acondicionamiento físico del sector privado,0 a 5 personas,CALLE,ACAMAPICHTLI,CALLE,QUETZAL,CALLE,ILHUICAMINA,CALLE,BATALLA DE OJITOS,4,MZA8,NA,NA,NA,NA,COLONIA,EL PARAÍSO,NA,NA,NA,09230,09,Ciudad de México,007,Iztapalapa,0001,Iztapalapa,0445,015,NA,NA,NA,Fijo,19.37627827,-99.03519217,2010-07
11746496,09008713943000911000000000U1,GIMNASIO LEVEL CROSSFIT,NA,713943,Centros de acondicionamiento físico del sector privado,0 a 5 personas,CALLE,PUEBLA,CALLE,Naranjo,CERRADA,Durango,CALLE,Reforma,15,NA,NA,NA,NA,NA,COLONIA,SAN FRANCISCO,NA,NA,NA,10810,09,Ciudad de México,008,La Magdalena Contreras,0001,La Magdalena Contreras,0495,011,5585344615,NA,NA,Fijo,19.31240802,-99.2289357,2025-04
11147672,09015713943002841000000000U3,GIMNASIO LEVEN FITNESS,NA,713943,Centros de acondicionamiento físico del sector privado,0 a 5 personas,CALLE,DOCTOR MIGUEL FRANCISCO JIMENEZ,CALLE,DOCTOR FEDERICO GOMEZ UGARTE SANTOS,CALLE,DOCTOR RAFAEL NORMA,CALLE,PRIVADA DOCTOR MARQUEZ,332,NA,NA,NA,NA,NA,COLONIA,DOCTORES,NA,NA,NA,06720,09,Ciudad de México,015,Cuauhtémoc,0001,Cuauhtémoc,1394,021,NA,NA,NA,Fijo,19.40876206,-99.1509386,2024-11
9843784,09007713943007731000000000U8,GIMNASIO LEYENDA,FERNANDO MONTALVAN,713943,Centros de acondicionamiento físico del sector privado,0 a 5 personas,CALLE,VILLA FRATI,CALLE,VILLA MAYO (JUSTO SIERRA),CALLE,VILLA DEL REY,CALLE,VILLA FRATI,3,NA,NA,NA,NA,NA,COLONIA,DESARROLLO URBANO QUETZALCOATL,NA,NA,NA,09700,09,Ciudad de México,007,Iztapalapa,0001,Iztapalapa,3204,016,5528073199,NA,NA,Fijo,19.33153708,-99.03762396,2024-11
954710,09014713943000352000000000U6,GIMNASIO LOIEROS GYM,NA,713943,Centros de acondicionamiento físico del sector privado,6 a 10 personas,CALZADA,CALZADA DE TLALPAN,CALLE,SEGOVIA,CALLE,FERNANDO,CALZADA,CALZADA DE TLALPAN,449,NA,EDIFICIO SIN NOMBRE,18,NA,NA,COLONIA,ALAMOS,NA,NA,NA,03400,09,Ciudad de México,014,Benito Juárez,0001,Benito Juárez,0030,024,NA,LOEIROS.GYM@GMAIL.COM,NA,Fijo,19.40051048,-99.13721552,2010-07
10294261,09011713943002081000000000U5,GIMNASIO LOPEZ,ALEJANDRO LOPEZ,713943,Centros de acondicionamiento físico del sector privado,0 a 5 personas,CALLE,ZARAGOZA JUAN BAUTISTA,CALLE,CABALLERIA RUSTICANA (VICTOR HUGO),CALLE,EL BARON GITANO (MANUEL ACUÑA),CALLE,JACOBO POLACO (GUADALUPE VICTORIA),46,31,NA,NA,NA,NA,COLONIA,LA NOPALERA,NA,NA,NA,13220,09,Ciudad de México,011,Tláhuac,0001,Tláhuac,0626,005,NA,NA,NA,Fijo,19.29486811,-99.05422795,2024-11
6430430,09005713943000811000000000U9,GIMNASIO LOTUS FIGTH GYM SCH,NA,713943,Centros de acondicionamiento físico del sector privado,0 a 5 personas,CALLE,NORTE 66 A,CALLE,ORIENTE 85,CALLE,ORIENTE 83,CALLE,NORTE 66,3548,NA,NA,NA,NA,NA,COLONIA,CUCHILLA LA JOYA,NA,NA,NA,07890,09,Ciudad de México,005,Gustavo A. Madero,0001,Gustavo A. Madero,2273,005,5587172037,NA,NA,Fijo,19.45701062,-99.11149084,2010-07
823930,09007713943000221000000000U7,GIMNASIO LUCKYS GIM,NA,713943,Centros de acondicionamiento físico del sector privado,0 a 5 personas,CALLE,BIZANCIO,CALLE,NUMANCIA,CALLE,NARBONA,CALLE,PASEO DE GALIAS,19,NA,NA,NA,NA,NA,FRACCIONAMIENTO,LOMAS ESTRELLA,NA,NA,NA,09890,09,Ciudad de México,007,Iztapalapa,0001,Iztapalapa,1941,001,NA,NA,NA,Fijo,19.3177222,-99.09541239,2010-07
9007246,09013713943001851000000000U8,GIMNASIO LUDOS GYM,NA,713943,Centros de acondicionamiento físico del sector privado,0 a 5 personas,CALLE,SELEDONIO GARCES,CALLE,ALEGRIAS,CALLE,SAN MARCOS,CERRADA,LOS OLIVOS,NA,SN,NA,NA,31,NA,COLONIA,CERRILLOS PRIMERA SECCIÓN,NA,NA,NA,16780,09,Ciudad de México,013,Xochimilco,0001,Xochimilco,1192,025,5551919504,NA,NA,Fijo,19.24784817,-99.02028377,2019-11
989126,09003713943000492000000000U3,GIMNASIO LUDUS GYM,NA,713943,Centros de acondicionamiento físico del sector privado,0 a 5 personas,CALLE,CAPRICORNIO,CALLE,OSA MENOR,CALLE,OSA MAYOR,CALLE,PERSEO,148,NA,NA,NA,NA,NA,COLONIA,PRADO CHURUBUSCO,NA,NA,NA,04320,09,Ciudad de México,003,Coyoacán,0001,Coyoacán,0107,001,5546323343,NA,NA,Fijo,19.35359155,-99.12480487,2010-07
681911,09002713943000661000000000U5,GIMNASIO M ALAK,NA,713943,Centros de acondicionamiento físico del sector privado,0 a 5 personas,CALLE,LACANDONES NORTE,CALLE,TOTONACAS,CALLE,ZEMPOALTECAS,CALLE,ZOQUES NORTE,92,NA,NA,NA,NA,NA,COLONIA,TEZOZOMOC,NA,NA,NA,02459,09,Ciudad de México,002,Azcapotzalco,0001,Azcapotzalco,0260,013,NA,NA,NA,Fijo,19.49116327,-99.19800533,2014-12
10083030,09005713943004751000000000U3,GIMNASIO MAMA2,NA,713943,Centros de acondicionamiento físico del sector privado,0 a 5 personas,CALLE,BUHO,CALLE,RIO SAN JAVIER,CALLE,ARROYO LA ARMELLA,CALLE,AGUILILLAS,28,MZ28 T5,NA,NA,NA,NA,COLONIA,LUIS DONALDO COLOSIO,NA,NA,NA,07164,09,Ciudad de México,005,Gustavo A. Madero,0001,Gustavo A. Madero,2979,025,NA,NA,NA,Fijo,19.56095972,-99.1452268,2024-11
1034968,09010713943000131000000000U2,GIMNASIO MARA MARU,NA,713943,Centros de acondicionamiento físico del sector privado,0 a 5 personas,AVENIDA,GUSTAVO DIAZ ORDAZ,CALLE,ROOSEVELT,CALLE,TOMAS JEFFERSON,CALLE,HOOVER,28,MZ 4 LT 28,NA,NA,NA,NA,COLONIA,PRIMERA AMPLIACIÓN PRESIDENTES,NA,NA,NA,01290,09,Ciudad de México,010,Álvaro Obregón,0001,Álvaro Obregón,1947,017,5559130181,NA,NA,Fijo,19.37401775,-99.22426375,2010-07
813871,09005611621000832002000000U0,GIMNASIO MARA SPORT,GERARDO MARAVILLA,713943,Centros de acondicionamiento físico del sector privado,0 a 5 personas,AVENIDA,FRANCISCO MORAZAN,CALLE,VOLCAN SANTA MARIA,CALLE,VOLCAN SAN PEDRO,CALLE,VOLCAN LANIN,17,NA,NA,NA,0,MANZANA 10 LOTE 16,COLONIA,AMPLIACIÓN PROVIDENCIA,NA,NA,NA,07560,09,Ciudad de México,005,Gustavo A. Madero,0001,Gustavo A. Madero,1699,018,NA,NA,NA,Fijo,19.47758089,-99.07299849,2010-07
820727,09005713943002842001000000U2,GIMNASIO MARA SPORT,MARIO MENDOZA,713943,Centros de acondicionamiento físico del sector privado,0 a 5 personas,AVENIDA,602 AVENIDA TEXCOCO VIA TAPO,CALLE,ORIENTE 10,CALLE,ORIENTE 9,AVENIDA,CUCHILLA DEL TESORO (TEXCOCO),30,NA,NA,NA,NA,NA,COLONIA,CUCHILLA DEL TESORO,NA,NA,NA,07900,09,Ciudad de México,005,Gustavo A. Madero,0001,Gustavo A. Madero,2485,011,NA,NA,NA,Fijo,19.45124967,-99.05380304,2010-07
814782,09005611621000611001000000U8,GIMNASIO MARA SPORT,NA,713943,Centros de acondicionamiento físico del sector privado,11 a 30 personas,CALLE,TERCER ANILLO DE CIRCUNVALACION,AVENIDA,CAMINO A SAN JUAN DE ARAGON,CALLE,PUERTO TAMPICO,CALLE,PUERTO CIUDAD MADERO,22,NA,NA,NA,NA,NA,COLONIA,AMPLIACIÓN CASAS ALEMÁN,NA,NA,NA,07580,09,Ciudad de México,005,Gustavo A. Madero,0001,Gustavo A. Madero,1913,024,NA,NA,NA,Fijo,19.47397441,-99.07929962,2010-07
909360,09003713943001211000000000U6,GIMNASIO MARABUNTAS,MARCO SANCHEZ,713943,Centros de acondicionamiento físico del sector privado,0 a 5 personas,CALLE,CENTRAL,CALLE,NINGUNO,CALLE,NINGUNO,OTRO(ESPECIFIQUE),MANZANA O EDIFICACION CONTIGUA,NA,SN,NA,NA,NA,NA,COLONIA,ALIANZA POPULAR REVOLUCIONARIA,NA,NA,NA,04800,09,Ciudad de México,003,Coyoacán,0001,Coyoacán,1340,032,NA,NA,NA,Fijo,19.31451491,-99.11973882,2014-12
987892,09013713943000071001000000U4,GIMNASIO MARCUSE GYM,NA,713943,Centros de acondicionamiento físico del sector privado,6 a 10 personas,CALLE,5 DE MAYO,CALLE,CANAL DE CIRCUNVALACION,CALLE,CUAUHTEMOC,CALLE,16 DE SEPTIEMBRE,71,NA,NA,NA,NA,NA,BARRIO,XALTOCAN,NA,NA,NA,16080,09,Ciudad de México,013,Xochimilco,0001,Xochimilco,025A,019,5555554803,NA,NA,Fijo,19.25872093,-99.10315029,2010-07
1025754,09008713943000141000000000U5,GIMNASIO MAXIMUS GYM,NA,713943,Centros de acondicionamiento físico del sector privado,0 a 5 personas,AVENIDA,SAN JERONIMO,CALLE,MEMETLA,CALLE,MEMETLA,CALLE,MEMETLA,2629,NA,NA,NA,NA,NA,COLONIA,SAN BERNABÉ OCOTEPEC,NA,NA,NA,10300,09,Ciudad de México,008,La Magdalena Contreras,0001,La Magdalena Contreras,0550,012,NA,NA,NA,Fijo,19.31096811,-99.25922442,2010-07
813215,09005713943001352002000000U3,GIMNASIO MEGA GYM,NA,713943,Centros de acondicionamiento físico del sector privado,6 a 10 personas,CALLE,CAMINO ESFUERZO,CALLE,CAMINO DE LA LIGA,CALLE,CAMINO SUR,CALLE,CAMINO TRIUNFO A,122,NA,NA,NA,NA,NA,COLONIA,CAMPESTRE ARAGÓN,NA,NA,NA,07530,09,Ciudad de México,005,Gustavo A. Madero,0001,Gustavo A. Madero,167A,002,NA,NA,NA,Fijo,19.48010632,-99.08010053,2010-07
830323,09007713943003501000000000U9,GIMNASIO MENEO GYM,NA,713943,Centros de acondicionamiento físico del sector privado,0 a 5 personas,CALLE,CUEVITAS,PRIVADA,PRIMERA INDEPENDENCIA,CALLE,LA ERA,CALLE,CUEVITAS,NA,SN,NA,NA,NA,NA,COLONIA,TENORIOS,NA,NA,NA,09680,09,Ciudad de México,007,Iztapalapa,0001,Iztapalapa,3238,004,5511484449,NA,NA,Fijo,19.33230675,-99.02146012,2014-12
8903838,09005713943003411000000000U5,GIMNASIO METAMORFOSIS,NA,713943,Centros de acondicionamiento físico del sector privado,0 a 5 personas,CALLE,AVENIDA 521,AVENIDA,MANZANA O EDIFICACION CONTIGUA,EJE VIAL,3 NORTE (AVENIDA 506),CALLE,AVENIDA 519,80,NA,NA,NA,NA,NA,COLONIA,SAN JUAN DE ARAGÓN I SECCIÓN,NA,NA,NA,07969,09,Ciudad de México,005,Gustavo A. Madero,0001,Gustavo A. Madero,231A,019,NA,NA,NA,Fijo,19.45623859,-99.09247973,2019-11
8680350,09005713943003131000000000U9,GIMNASIO MEXICANO,NA,713943,Centros de acondicionamiento físico del sector privado,0 a 5 personas,AVENIDA,CUAUTEPEC,CALLE,GERMAN VALDES,CALLE,ADOLFO LOPEZ MATEOS,AVENIDA,FERROCARRIL DE VERACRUZ,14,NA,NA,NA,NA,NA,COLONIA,JORGE NEGRETE,NA,NA,NA,07290,09,Ciudad de México,005,Gustavo A. Madero,0001,Gustavo A. Madero,0328,012,NA,GIMNASIO.MX2@GMAIL.COM,GIMNASIOMX2.WIXSITE.COM,Fijo,19.52792689,-99.14204089,2019-11
688846,09016713944000082000000000U2,GIMNASIO MIGUEL HIDALGO,DELEGACION MIGUEL HIDALGO,713944,Centros de acondicionamiento físico del sector público,6 a 10 personas,AVENIDA,RIO SAN JOAQUIN,AVENIDA,RIO SAN JOAQUIN,CALZADA,SANTA CRUZ CACALCO,AVENIDA,RIO SAN JOAQUIN,5,NA,NA,NA,NA,NA,COLONIA,SAN JOAQUÍN,NA,NA,NA,11470,09,Ciudad de México,016,Miguel Hidalgo,0001,Miguel Hidalgo,0228,001,5553861867,ERNESTOLOPEZ@MIGUELHIDALGO.GOB.MX,NA,Fijo,19.45243658,-99.21462523,2014-12
11792013,09012713943003271000000000U9,GIMNASIO MISTO ERER,NA,713943,Centros de acondicionamiento físico del sector privado,0 a 5 personas,CALLE,LAUREL,CALLE,Enseñanza,CALLE,Calle del Rosal,CALLE,Violeta,NA,SN,NA,NA,NA,NA,PUEBLO,SAN PEDRO MÁRTIR,NA,NA,NA,14650,09,Ciudad de México,012,Tlalpan,0001,Tlalpan,1176,008,NA,NA,WWW.DOSANTKD.COM,Fijo,19.26681493,-99.16756349,2025-04
8564450,09010713943001421000000000U6,GIMNASIO MIURA BOXING,MIURA BOXING,713943,Centros de acondicionamiento físico del sector privado,0 a 5 personas,PERIFERICO,BOULEVARD ADOLFO LOPEZ MATEOS,AVENIDA,BARRANCA DEL MUERTO,CALLE,ALPES,AVENIDA,REVOLUCION,1809,NA,NA,NA,NA,NA,COLONIA,LOS ALPES,NA,NA,NA,01010,09,Ciudad de México,010,Álvaro Obregón,0001,Álvaro Obregón,0987,018,5515371312,NA,NA,Fijo,19.36308897,-99.19092043,2019-11
1027276,09010713944000045000000000U2,GIMNASIO MODULAR DE USOS MULTIPLES G3,ALCALDIA ALVARO OBREGON,713944,Centros de acondicionamiento físico del sector público,51 a 100 personas,AVENIDA,ESCUADRON 201,CALLE,JOSE ESPINOZA FUENTES,CERRADA,FAUSTO VEGA,CALLE,G,NA,SN,NA,NA,NA,NA,COLONIA,TOLTECA,NA,NA,NA,01160,09,Ciudad de México,010,Álvaro Obregón,0001,Álvaro Obregón,1788,020,5552766880,NA,NA,Fijo,19.38864846,-99.20039532,2010-07
784840,09006713943000061000000000U9,GIMNASIO MR FORTIS,PABLO FORTIS,713943,Centros de acondicionamiento físico del sector privado,0 a 5 personas,AVENIDA,SANTIAGO,CALLE,TOMAS VAZQUEZ,CALLE,TIZOC,CALLE,RAMON Y CAJAL,249,A,NA,NA,NA,NA,BARRIO,SAN PEDRO,NA,NA,NA,08220,09,Ciudad de México,006,Iztacalco,0001,Iztacalco,0378,010,5522402421,NA,NA,Fijo,19.39110824,-99.13111692,2010-07
10135976,09004713943001031000000000U6,GIMNASIO MUSCLE FIT,NA,713943,Centros de acondicionamiento físico del sector privado,0 a 5 personas,CALLE,EMILIANO ZAPATA,PRIVADA,NINGUNO,PRIVADA,NINGUNO,CALLE,PROLONGACION VICENTE GUERRERO,167,NA,NA,99,NA,NA,COLONIA,SAN MATEO TLALTENANGO,CENTRO Y PLAZA COMERCIAL,PLAZA DON CARMELO,"6, 1",05600,09,Ciudad de México,004,Cuajimalpa de Morelos,0001,Cuajimalpa de Morelos,0138,038,NA,NA,NA,Fijo,19.34174134,-99.27697392,2024-11
1023232,09008713943000221000000000U5,GIMNASIO MUSCLE HOUSE,NA,713943,Centros de acondicionamiento físico del sector privado,0 a 5 personas,CALLE,COAHUILA,CALLE,MORELIA,CALLE,TOLUCA,CALLE,CHIHUAHUA,49,NA,NA,NA,NA,NA,COLONIA,SANTA TERESA,NA,NA,NA,10710,09,Ciudad de México,008,La Magdalena Contreras,0001,La Magdalena Contreras,0495,021,NA,NA,NA,Fijo,19.30880231,-99.23029133,2010-07
7714122,09005713943003201000000000U0,GIMNASIO MUTANTES GYM,NA,713943,Centros de acondicionamiento físico del sector privado,0 a 5 personas,CALLE,CABO VERDE,CALLE,CABO BOJADOR,CALLE,CABO GRIS,CALLE,CABO FARO,18,NA,NA,NA,NA,NA,COLONIA,GABRIEL HERNÁNDEZ,NA,NA,NA,07080,09,Ciudad de México,005,Gustavo A. Madero,0001,Gustavo A. Madero,1167,009,NA,NA,NA,Fijo,19.49710304,-99.09947347,2019-11
11405214,09007713943007261000000000U6,GIMNASIO MUTNT GYM Y FITNESS,BENJAMIN FIGUEROA,713943,Centros de acondicionamiento físico del sector privado,0 a 5 personas,CALLE,PORVENIR,CALLE,PRIMERA PORVENIR,CALLE,NINGUNO,CALLE,CERRDA DE PORVENIR,NA,SN,NA,NA,NA,NA,COLONIA,LAS ARBOLEDAS,NA,NA,NA,13219,09,Ciudad de México,007,Iztapalapa,0001,Iztapalapa,2051,084,5585882562,NA,NA,Fijo,19.31235943,-99.04854099,2024-11
10315496,09012713943003041000000000U6,GIMNASIO NAVA BOXING,RIGOBERTO NAVA,713943,Centros de acondicionamiento físico del sector privado,0 a 5 personas,CALLE,LAUREL,CALLE,DILIGENCIAS,CALLE,CALLE DEL ROSAL,CALLE,VIOLETA,18,NA,NA,NA,NA,NA,PUEBLO,SAN PEDRO MÁRTIR,NA,NA,NA,14650,09,Ciudad de México,012,Tlalpan,0001,Tlalpan,1176,016,NA,NA,NA,Fijo,19.26738665,-99.16900132,2024-11
799838,09005713943001522000000000U1,GIMNASIO NAVAS GYM,NA,713943,Centros de acondicionamiento físico del sector privado,0 a 5 personas,CALLE,PUERTO TAMPICO,CALLE,PUERTO SAN BLAS,CALLE,CERRADA JUAN FRANCISCO,AVENIDA,CAMINO A SAN JUAN DE ARAGON,57,NA,NA,NA,NA,NA,COLONIA,AMPLIACIÓN CASAS ALEMÁN,NA,NA,NA,07580,09,Ciudad de México,005,Gustavo A. Madero,0001,Gustavo A. Madero,1909,007,NA,NA,NA,Fijo,19.47675511,-99.08563295,2010-07
978489,09003713943000261000000000U2,GIMNASIO NC FITNESS,NA,713943,Centros de acondicionamiento físico del sector privado,0 a 5 personas,CALLE,CALLE MARIQUITA SANCHEZ,CALLE,JULIO LOPEZ CHAVEZ,CALLE,ROSA MARIA SEQUEIRA,CALLE,CALLE JULIO LOPEZ CHAVEZ,90,NA,NA,17,36,N,COLONIA,CULHUACÁN CTM CROC,MERCADO PUBLICO,MERCADO SIGLO XX1,N36,04420,09,Ciudad de México,003,Coyoacán,0001,Coyoacán,1745,018,NA,NA,NA,Fijo,19.32623454,-99.12044805,2010-07
984784,09013713943000121000000000U7,GIMNASIO NEW BODY,NA,713943,Centros de acondicionamiento físico del sector privado,0 a 5 personas,CALLE,NUEVO LEON,CALLE,VIOLETA,CALLE,16 DE SEPTIEMBRE,CALLE,PINO,36,NA,NA,NA,NA,NA,BARRIO,SANTA CRUCITA,NA,NA,NA,16070,09,Ciudad de México,013,Xochimilco,0001,Xochimilco,0137,005,NA,NA,NA,Fijo,19.26220475,-99.10210032,2010-07
10313822,09009713943000621000000000U4,GIMNASIO NOCAUT FUNCTIONAL STUDIO,NA,713943,Centros de acondicionamiento físico del sector privado,0 a 5 personas,CALLE,AGUSTIN DE ITURBIDE,CALLE,FRAY PEDRO DE GANTE,CALLE,FRAY PEDRO DE GANTE,CALLE,AGUSTIN DE ITURBIDE,NA,SN,NA,NA,NA,NA,PUEBLO,SAN ANTONIO TECOMITL,NA,NA,NA,12100,09,Ciudad de México,009,Milpa Alta,0011,San Antonio Tecómitl,0420,022,5553347802,NA,NA,Fijo,19.21617941,-98.99709593,2024-11
8443187,09003713943001681000000000U0,GIMNASIO NRGYM,NA,713943,Centros de acondicionamiento físico del sector privado,0 a 5 personas,AVENIDA,SANTA ANA,CALLE,EUSEBIO ROSAS DE LA ROSA,PRIVADA,ANTONIO ARIAS B.,CALLE,CALLE LUIS MORALES,NA,SN,NA,NA,NA,NA,COLONIA,PRESIDENTES EJIDALES PRIMERA SECCIÓN,NA,NA,NA,04470,09,Ciudad de México,003,Coyoacán,0001,Coyoacán,0713,055,NA,NA,NA,Fijo,19.32961286,-99.13019832,2019-11
754933,09005713944000021000000000U3,GIMNASIO NUEVA ATZACOALCO,GOBIERNO DEL DISTRITO FEDERAL,713944,Centros de acondicionamiento físico del sector público,11 a 30 personas,CALLE,314,CALLE,NORTE 74-A,EJE VIAL,3 ORIENTE (AVENIDA INGENIERO EDUARDO MOLINA),PERIFERICO,ORIENTE (AVENIDA RIO DE LOS REMEDIOS),NA,SN,NA,NA,NA,NA,COLONIA,NUEVA ATZACOALCO,NA,NA,NA,07428,09,Ciudad de México,005,Gustavo A. Madero,0001,Gustavo A. Madero,2682,038,NA,NA,NA,Fijo,19.50212767,-99.08791675,2010-07
1016450,09010713943000422000000000U5,GIMNASIO NUEVA IMAGEN,NA,713943,Centros de acondicionamiento físico del sector privado,0 a 5 personas,AVENIDA,VASCO DE QUIROGA,CALLE,NICOLAS BRAVO,CALLE,VIOLETA,CALLE,GALEANA,1545,B,NA,NA,NA,NA,COLONIA,SANTA FE,NA,NA,NA,01210,09,Ciudad de México,010,Álvaro Obregón,0001,Álvaro Obregón,0296,011,5573429672,NA,NA,Fijo,19.38302152,-99.236341,2010-07
1041986,09015713943000812001000000U6,GIMNASIO NUEVO JORDAN,NA,713943,Centros de acondicionamiento físico del sector privado,0 a 5 personas,CALLE,BUEN TONO,CALLE,DELICIAS,AVENIDA,ARCOS DE BELEN,CALLE,ARANDA,36,NA,NA,1,NA,NA,COLONIA,CENTRO,EDIFICIO COMERCIAL Y DE SERVICIOS,DESPACHO JURIDICO,36,06070,09,Ciudad de México,015,Cuauhtémoc,0001,Cuauhtémoc,0875,003,5559630106,NA,NA,Fijo,19.42728512,-99.14375279,2010-07
1004974,09003713943000892000000000U4,GIMNASIO NUSAC GYM,NA,713943,Centros de acondicionamiento físico del sector privado,6 a 10 personas,CALLE,SAN ISAURO,AVENIDA,SANTA URSULA,CALLE,SAN JORGE,CALLE,SAN FEDERICO,200,NA,NA,NA,NA,NA,COLONIA,PEDREGAL DE SANTA ÚRSULA,NA,NA,NA,04600,09,Ciudad de México,003,Coyoacán,0001,Coyoacán,0978,026,5515170712,NA,NA,Fijo,19.30963465,-99.1563615,2010-07
969072,09014713943000051001000000U4,GIMNASIO OCRAN,NA,713943,Centros de acondicionamiento físico del sector privado,6 a 10 personas,CALZADA,CALZADA DE TLALPAN,CALLE,RUFINO BLANCO FOMBONA,CALLE,LUIS GONZAGA INCLAN,CALLE,DIEGO ARENAS GUZMAN,798,A,NA,NA,NA,NA,COLONIA,IZTACCÍHUATL,NA,NA,NA,03520,09,Ciudad de México,014,Benito Juárez,0001,Benito Juárez,0327,015,5535514885,LUADBG@HOTMAIL.COM,NA,Fijo,19.38992111,-99.13834708,2010-07
10026125,09007713943006841000000000U6,GIMNASIO ODY,NA,713943,Centros de acondicionamiento físico del sector privado,0 a 5 personas,CALLE,CAMINO AL CERRO,CALLE,ARANDANO (PEDREGAL),CALLE,UVAS,CALLE,UVAS,NA,SN,NA,NA,NA,NA,COLONIA,LOMAS DE LA ESTANCIA,NA,NA,NA,09640,09,Ciudad de México,007,Iztapalapa,0001,Iztapalapa,3257,034,5566534878,NA,NA,Fijo,19.33596333,-99.01408374,2024-11
9927780,09009713944000111000000000U4,GIMNASIO OHTENCO,ALCALDIA MILPA ALTA,713944,Centros de acondicionamiento físico del sector público,0 a 5 personas,CALLE,NIÑOS HEROES,AVENIDA,MARIANO MATAMOROS,CALLE,LA PRADERA,PRIVADA,LAS FLORES,NA,SN,NA,NA,NA,NA,PUEBLO,SAN AGUSTIN OHTENCO,NA,NA,NA,12080,09,Ciudad de México,009,Milpa Alta,0017,San Francisco Tecoxpa,0365,031,NA,NA,NA,Fijo,19.19325594,-99.01345859,2024-11
980925,09015713943000331000000000U7,GIMNASIO OLIMPIA,NA,713943,Centros de acondicionamiento físico del sector privado,0 a 5 personas,EJE VIAL,CENTRAL LAZARO CARDENAS,CALLE,REPUBLICA DE ECUADOR,PEATONAL,PLAZA GARIBALDI,CALLE,SAN CAMILITO,85,NA,NA,NA,NA,NA,COLONIA,CENTRO,NA,NA,NA,06010,09,Ciudad de México,015,Cuauhtémoc,0001,Cuauhtémoc,0536,014,NA,NA,NA,Fijo,19.44258084,-99.13939143,2010-07
737658,09016713943000631001000000U8,GIMNASIO OLIMPIA DOS,NA,713943,Centros de acondicionamiento físico del sector privado,6 a 10 personas,CALLE,HEROES DE PADIERNA,CIRCUITO,INTERIOR (AVENIDA REVOLUCION),AVENIDA,PRIMERO DE MAYO,CALLE,MARTIRES DE TACUBAYA,305,NA,NA,NA,NA,NA,COLONIA,TACUBAYA,NA,NA,NA,11870,09,Ciudad de México,016,Miguel Hidalgo,0001,Miguel Hidalgo,1156,020,5552761427,NA,NA,Fijo,19.39760503,-99.18544133,2014-12
7816879,09007713943005821001000000U9,GIMNASIO OLIMPO,NA,713943,Centros de acondicionamiento físico del sector privado,6 a 10 personas,CALLE,20 DE NOVIEMBRE,CALLE,BELLOTA,CALLE,LAZARO CARDENAS,CALLE,SEGUNDA CERRADA PIRULES,49,MZ 226,NA,NA,NA,NA,COLONIA,IZTLAHUACAN,NA,NA,NA,09690,09,Ciudad de México,007,Iztapalapa,0001,Iztapalapa,2920,003,NA,NA,NA,Fijo,19.34319212,-98.99731798,2019-11
913495,09012713943001532001000000U6,GIMNASIO OLIMPYGYM AJUSCO,NA,713943,Centros de acondicionamiento físico del sector privado,0 a 5 personas,CALLE,AKIL,CALLE,TIZIMIN,CALLE,ACANCEH,CALLE,YUCALPETEN,NA,SN,NA,NA,214,NA,COLONIA,LOMAS DE PADIERNA,NA,NA,NA,14240,09,Ciudad de México,012,Tlalpan,0001,Tlalpan,0642,024,NA,NA,NA,Fijo,19.29029674,-99.22231518,2014-12
879940,09009713944000052002000000U0,GIMNASIO OLLA DE PIEDRA TECOMITL,ALCALDIA MILPA ALTA,713944,Centros de acondicionamiento físico del sector público,6 a 10 personas,CALLE,PROLONGACION IGNACIO ZARAGOZA ORIENTE,CALLE,JOSEFA ORTIZ DE DOMINGUEZ (BARRANCA SECA),PROLONGACION,RICARDO FLORES MAGON,CALLE,POTRERO,NA,SN,NA,NA,NA,NA,PUEBLO,SAN ANTONIO TECOMITL,NA,NA,NA,12100,09,Ciudad de México,009,Milpa Alta,0011,San Antonio Tecómitl,0416,002,NA,NA,NA,Fijo,19.21736195,-98.98847838,2014-12
915206,09012713943000721000000000U6,GIMNASIO OLYMPUS,NA,713943,Centros de acondicionamiento físico del sector privado,0 a 5 personas,CALLE,MARIANO ABASOLO,CALLE,MIGUEL HIDALGO,PRIVADA,HIDALGO,CALLE,MARIANO ABASOLO,40,NA,NA,NA,NA,NA,COLONIA,SAN MIGUEL AJUSCO,NA,NA,NA,14700,09,Ciudad de México,012,Tlalpan,0026,San Miguel Ajusco,1674,010,5518027583,NA,NA,Fijo,19.22563876,-99.19979132,2014-12
647136,09005713943000031000000000U4,GIMNASIO OLYMPUS GYM,NA,713943,Centros de acondicionamiento físico del sector privado,0 a 5 personas,CALLE,12,AVENIDA,GUADALUPE,EJE VIAL,CENTRAL (LAZARO CARDENAS),CALLE,11,184,NA,NA,NA,NA,NA,COLONIA,GUADALUPE PROLETARIA,NA,NA,NA,07640,09,Ciudad de México,005,Gustavo A. Madero,0001,Gustavo A. Madero,0385,023,5553893244,NA,NA,Fijo,19.52266491,-99.15812412,2010-07
1051907,09011713943000452000000000U0,GIMNASIO OLYMPUS GYM,NA,713943,Centros de acondicionamiento físico del sector privado,0 a 5 personas,AVENIDA,TLAHUAC,CERRADA,LEOCADIO HUERTA,CALLE,AQUILES SERDAN,CALLEJON,JUAREZ,5465,NA,NA,NA,NA,NA,COLONIA,SANTIAGO ZAPOTITLAN,NA,NA,NA,13300,09,Ciudad de México,011,Tláhuac,0001,Tláhuac,0039,003,5533268574,RAMSES1500AC@GMAIL.COM,NA,Fijo,19.29627535,-99.03780337,2010-07
10014523,09009713943000611000000000U5,GIMNASIO OMFITNESS,NA,713943,Centros de acondicionamiento físico del sector privado,0 a 5 personas,CALLE,AVENIDA CONSTITUCION,CALLE,SONORA SUR,CALLE,AVENIDA MEXICO SUR,CALLE,MIGUEL HIDALGO,7,NA,NA,NA,NA,NA,PUEBLO,VILLA MILPA ALTA,NA,NA,NA,12000,09,Ciudad de México,009,Milpa Alta,0001,Villa Milpa Alta,0026,011,5527628259,NA,NA,Fijo,19.19103349,-99.02368137,2024-11
805142,09005713943000651001000000U9,GIMNASIO OPTIMUS FITNES CENTER,NA,713943,Centros de acondicionamiento físico del sector privado,6 a 10 personas,CALLE,NORTE 86 A,CALLE,ORIENTE 119,AVENIDA,VICTORIA ORIENTE (ORIENTE 117),CALLE,NORTE 86,6006,NA,NA,NA,NA,NA,COLONIA,GERTRUDIS SÁNCHEZ SEGUNDA SECCIÓN,NA,NA,NA,07839,09,Ciudad de México,005,Gustavo A. Madero,0001,Gustavo A. Madero,1881,013,NA,NA,NA,Fijo,19.465591,-99.09914602,2010-07
9752588,09007713943007671000000000U6,GIMNASIO OXYGN FITNESS CENTER,NA,713943,Centros de acondicionamiento físico del sector privado,0 a 5 personas,AVENIDA,SAN FRANCISCO TLALTENCO,CALLE,CAMINO A TETECON,CALLE,PUERTO ARISTA,CALLE,PLAYA ENCANTADA,1,MZ1,NA,NA,NA,NA,COLONIA,LA POLVORILLA,NA,NA,NA,09750,09,Ciudad de México,007,Iztapalapa,0001,Iztapalapa,5380,011,5620346045,OXYGN.FITNESS.CENTER@GMAIL.COM,NA,Fijo,19.31909824,-99.04469675,2024-11
11364842,09009713943000652000000000U9,GIMNASIO OZONO FITNESS,NA,713943,Centros de acondicionamiento físico del sector privado,6 a 10 personas,CERRADA,GUILLERMO PRIETO,CALLE,VICENTE GUERRERO,CERRADA,IGNACIO ZARAGOZA,CALLE,PROLONGACION IGNACIO ZARAGOZA ORIENTE,NA,SN,NA,NA,NA,NA,PUEBLO,SAN ANTONIO TECOMITL,NA,NA,NA,12100,09,Ciudad de México,009,Milpa Alta,0011,San Antonio Tecómitl,0416,003,5559495011,NA,NA,Fijo,19.21832555,-98.98987504,2024-11
721326,09007713944000152001000000U2,GIMNASIO PABLO GARRIDO LUGO,GOBIERNO,713944,Centros de acondicionamiento físico del sector público,0 a 5 personas,CALLE,MANZANA O EDIFICACION CONTIGUA,CALLE,1 MIGUEL RIOS,CALLE,2 SEBASTIAN VARELA,AVENIDA,DIAZ SOTO Y GAMA,NA,SN,NA,NA,NA,SN,UNIDAD HABITACIONAL,UNIDAD VICENTE GUERRERO,NA,NA,NA,09200,09,Ciudad de México,007,Iztapalapa,0001,Iztapalapa,1034,017,5562557662,NA,NA,Fijo,19.3611605,-99.05899916,2014-12
8165602,09014713943001412001000000U7,GIMNASIO PANCHO ROSALES HMX,RUBEN OROPEZA,713943,Centros de acondicionamiento físico del sector privado,0 a 5 personas,CALLE,XOCHICALCO,AVENIDA,UNIVERSIDAD,EJE VIAL,5 SUR (AVENIDA EUGENIA),CALLE,TAJIN,418,NA,NA,NA,NA,NA,COLONIA,NARVARTE ORIENTE,NA,NA,NA,03020,09,Ciudad de México,014,Benito Juárez,0001,Benito Juárez,044A,007,NA,NA,NA,Fijo,19.38568221,-99.15474761,2019-11
10468097,09004713943001082000000000U9,GIMNASIO PILATES EVOLUTION WELLNESS & FISIOTERAPIA,NA,713943,Centros de acondicionamiento físico del sector privado,6 a 10 personas,CALLE,AVENIDA NOCHE DE PAZ,AVENIDA,CARRETERA AL OLIVO,CALLE,16 DE DICIEMBRE,OTRO(ESPECIFIQUE),MANZANA O EDIFICACION CONTIGUA,49,NA,NA,1,NA,NA,COLONIA,LOMAS DE VISTA HERMOSA,CENTRO Y PLAZA COMERCIAL,PLAZA VISTA HERMOSA,3,05219,09,Ciudad de México,004,Cuajimalpa de Morelos,0001,Cuajimalpa de Morelos,0405,012,NA,NA,NA,Fijo,19.37321679,-99.27845025,2024-11
766515,09005713943000931000000000U5,GIMNASIO PIRAMY GYM,NA,713943,Centros de acondicionamiento físico del sector privado,0 a 5 personas,CALLE,NORTE 92 A,CALLE,ORIENTE 167,CALLE,ORIENTE 165,CALLE,NORTE 92-B,8423,NA,NA,NA,NA,NA,COLONIA,LA ESMERALDA,NA,NA,NA,07540,09,Ciudad de México,005,Gustavo A. Madero,0001,Gustavo A. Madero,3341,004,NA,NA,NA,Fijo,19.48581018,-99.08687906,2010-07
10867406,09011713943002041000000000U9,GIMNASIO PLANET GYM,NA,713943,Centros de acondicionamiento físico del sector privado,0 a 5 personas,CALLE,NORTE DEL COMERCIO,CERRADA,TERCERA NICOLAS BRAVO,CALLE,VALENTIN REYES,CALLE,FRANCISCO VILLA,NA,SN,NA,NA,NA,NA,BARRIO,SAN AGUSTIN,NA,NA,NA,13500,09,Ciudad de México,011,Tláhuac,0001,Tláhuac,0984,021,NA,NA,WWW.PLANETGYM.COM,Fijo,19.24256984,-98.99679697,2024-11
957163,09011713943000771000000000U3,GIMNASIO POWER GYM,NA,713943,Centros de acondicionamiento físico del sector privado,0 a 5 personas,CALLE,FRANCISCO VILLA,AVENIDA,TLAHUAC-TULYEHUALCO,CALLE,PROLONGACION EMILIANO ZAPATA,CERRADA,OCTAVA EMILIANO ZAPATA,6,NA,NA,NA,NA,NA,BARRIO,LOS REYES,NA,NA,NA,13080,09,Ciudad de México,011,Tláhuac,0001,Tláhuac,0950,013,5633589397,NA,NA,Fijo,19.25966294,-99.0089093,2010-07
7718921,09003713943001941000000000U8,GIMNASIO POWER LIFE,NA,713943,Centros de acondicionamiento físico del sector privado,0 a 5 personas,CALLE,AMESQUITE,CALLE,AHUANUSCO,CALLE,ZIHUATLAN,CALLE,AMATL,53,NA,NA,NA,NA,NA,COLONIA,PEDREGAL DE SANTO DOMINGO,NA,NA,NA,04369,09,Ciudad de México,003,Coyoacán,0001,Coyoacán,0785,017,5586078756,NA,NA,Fijo,19.32059634,-99.17015913,2019-11
10070013,09011713943002161000000000U5,GIMNASIO POWERFLEX,PIERO LURASHKI,713943,Centros de acondicionamiento físico del sector privado,0 a 5 personas,CALLE,LUCAS MARENCIO,CALLE,LAS BODAS DE FIGARO,CALLE,LA TRAVIATA,CALLE,FRANCISCO LANDINO (CONRADO PELAYO),120,2,NA,NA,NA,NA,COLONIA,MIGUEL HIDALGO,NA,NA,NA,13200,09,Ciudad de México,011,Tláhuac,0001,Tláhuac,1268,001,NA,NA,WWW.POWERFLEX.GYM,Fijo,19.29396551,-99.04420944,2024-11
10170935,09003713943002601000000000U7,GIMNASIO PRO FITNESS,GIMNASIO PRO FITNESS,713943,Centros de acondicionamiento físico del sector privado,0 a 5 personas,CALLE,SAN GABRIEL,CALLE,SAN ALBERTO,CALLE,SAN FELIPE,CALLE,SAN BENITO,560,LOTE 8,NA,NA,NA,NA,COLONIA,PEDREGAL DE SANTA ÚRSULA,NA,NA,NA,04600,09,Ciudad de México,003,Coyoacán,0001,Coyoacán,0840,021,NA,NA,NA,Fijo,19.31571155,-99.14991008,2024-11
1048222,09011611621000231000000000U3,GIMNASIO PUNCH GYM,NA,713943,Centros de acondicionamiento físico del sector privado,0 a 5 personas,CALLE,HUACHINANGO,AVENIDA,OCEANO,AVENIDA,PEZ VELA,CALLE,MARLIN,218,MZ77 218,NA,NA,NA,NA,COLONIA,DEL MAR,NA,NA,NA,13270,09,Ciudad de México,011,Tláhuac,0001,Tláhuac,0310,012,NA,NA,NA,Fijo,19.28905383,-99.06043282,2010-07
645879,09005713943001281000000000U4,GIMNASIO QUALITY GYM,NA,713943,Centros de acondicionamiento físico del sector privado,0 a 5 personas,CALLE,26 A,EJE VIAL,1 PONIENTE (CALZADA VALLEJO),AVENIDA,3-A,CALLE,24-A,14,NA,NA,NA,NA,NA,COLONIA,SANTA ROSA,NA,NA,NA,07260,09,Ciudad de México,005,Gustavo A. Madero,0001,Gustavo A. Madero,0421,015,NA,NA,NA,Fijo,19.52480253,-99.16779944,2010-07
10789780,09012713943003061000000000U4,GIMNASIO R7GYM,JULIO MALDONADO,713943,Centros de acondicionamiento físico del sector privado,0 a 5 personas,CALLE,MIGUEL HIDALGO,CALLE,BIENESTAR,CALLE,MARIANO ABASOLO,CALLE,MARIANO ABASOLO,NA,SN,NA,NA,NA,NA,PUEBLO,SAN MIGUEL AJUSCO,NA,NA,NA,14700,09,Ciudad de México,012,Tlalpan,0026,San Miguel Ajusco,166A,004,NA,NA,NA,Fijo,19.22944228,-99.1964504,2024-11
682689,09002713943000761000000000U3,GIMNASIO RAPTOR GYM,RAUL MATIAS,713943,Centros de acondicionamiento físico del sector privado,0 a 5 personas,CALLE,FRANCISCO VILLA,CALLE,CATARINO BENAVIDES,CALLE,LEOPOLDO BLACKALLER,CALLE,JOSE CARDEL,23,NA,NA,NA,NA,NA,COLONIA,AMPLIACIÓN SAN PEDRO XALPA,NA,NA,NA,02719,09,Ciudad de México,002,Azcapotzalco,0001,Azcapotzalco,0627,014,NA,NA,NA,Fijo,19.4764277,-99.21945966,2014-12
7730190,09012713943002071000000000U4,GIMNASIO RARAMURI CROSSFIT,NA,713943,Centros de acondicionamiento físico del sector privado,0 a 5 personas,CALLE,MARIANO ABASOLO,PRIVADA,JOYA,CALLE,MARIANO ABASOLO,CERRADA,LA JOYA,250,NA,NA,NA,NA,NA,COLONIA,VALLE DE TEPEPAN,NA,NA,NA,14600,09,Ciudad de México,012,Tlalpan,0001,Tlalpan,2121,004,NA,NA,WWW.RARMURCROSSFIT.COM,Fijo,19.27456414,-99.14524034,2019-11
1051186,09011713944000052001000000U6,GIMNASIO RAUL RATON MACIAS,CDMX,713944,Centros de acondicionamiento físico del sector público,11 a 30 personas,CALLE,PINO SUAREZ,CALLE,BELLAS ARTES,CALLE,SAN RAFAEL ATLIXCO,CALLE,PANTEONES,NA,SN,NA,NA,NA,NA,COLONIA,LA ESTACION,NA,NA,NA,13319,09,Ciudad de México,011,Tláhuac,0001,Tláhuac,0594,040,NA,NA,WWW.GIMNASIORAULRATONMACIAS,Fijo,19.30947051,-99.04347062,2010-07
10128113,09013713943002001000000000U9,GIMNASIO REACTIVE GYM TEPEPAN,NA,713943,Centros de acondicionamiento físico del sector privado,0 a 5 personas,PRIVADA,NINGUNO,CALLE,MARIANO ABASOLO,CALLE,CUAUHTEMOC,CALLE,PROLONGACION 5 DE MAYO,31,C,NA,NA,NA,NA,PUEBLO,SANTA MARÍA TEPEPAN,NA,NA,NA,16020,09,Ciudad de México,013,Xochimilco,0001,Xochimilco,0067,004,NA,NA,NA,Fijo,19.27098781,-99.13817875,2024-11
9771078,09010713943002542000000000U8,GIMNASIO RELEVANZA,RELEVANZA,713943,Centros de acondicionamiento físico del sector privado,6 a 10 personas,AUTOPISTA,MEXICO TOLUCA PROLONGACION PASEO DE LA REFORMA,CALLE,PASEO DE LOS TAMARINDOS,CALLE,PASEO DE LA REFORMA,CARRETERA,FEDERAL MEXICO TOLUCA,413,NA,NA,1,NA,NA,COLONIA,SAN GABRIEL,EDIFICIO COMERCIAL Y DE SERVICIOS,THE POINT,4,01210,09,Ciudad de México,010,Álvaro Obregón,0001,Álvaro Obregón,1379,025,NA,NA,WWW.RELEVANZA.COM.MXQ,Fijo,19.37883458,-99.25434685,2024-11
9905778,09007713943008051000000000U0,GIMNASIO REPTIL FISIC,NA,713943,Centros de acondicionamiento físico del sector privado,0 a 5 personas,AVENIDA,5 DE MAYO,CALLE,HALO,CALLE,ATARDECER,CALLE,FUEGO FATUO,89,NA,NA,NA,NA,NA,COLONIA,VALLE DE LUCES,NA,NA,NA,09800,09,Ciudad de México,007,Iztapalapa,0001,Iztapalapa,3825,007,5568684593,NA,NA,Fijo,19.34218114,-99.10219253,2024-11
803172,09006713943000101100000000U3,GIMNASIO RHINOS,NA,713943,Centros de acondicionamiento físico del sector privado,0 a 5 personas,CALLE,JOSÉ ANTONIO TORRES,AVENIDA,Santa Anita,CALZADA,Coruña,CALLE,Marcos Carrillo,846,NA,NA,NA,NA,NA,COLONIA,VIADUCTO PIEDAD,NA,NA,NA,08200,09,Ciudad de México,006,Iztacalco,0001,Iztacalco,0221,002,NA,NA,NA,Fijo,19.40044193,-99.13451899,2010-07
928444,09010713943000741000000000U8,GIMNASIO RHINOS FIT,NA,713943,Centros de acondicionamiento físico del sector privado,0 a 5 personas,AVENIDA,AVENIDA DE LAS TORRES,CALLE,VICENTE GUERRERO,CALLE,BENITO JUAREZ,CALLE,LIRIO,13,NA,NA,NA,NA,NA,COLONIA,TORRES DE POTRERO,NA,NA,NA,01840,09,Ciudad de México,010,Álvaro Obregón,0001,Álvaro Obregón,2042,015,5543840165,NA,NA,Fijo,19.32880828,-99.25471684,2014-12
1055563,09010713943000442001000000U3,GIMNASIO RHYTMIC CENTER,NA,713943,Centros de acondicionamiento físico del sector privado,6 a 10 personas,AVENIDA,SANTA LUCIA,CALLE,33,CALLE,32,AVENIDA,MIGUEL HIDALGO,239,NA,NA,NA,NA,NA,COLONIA,OLIVAR DEL CONDE SEGUNDA SECCIÓN,NA,NA,NA,01408,09,Ciudad de México,010,Álvaro Obregón,0001,Álvaro Obregón,0578,022,5570944224,NA,NA,Fijo,19.36927902,-99.22064745,2010-07
9431467,09003713998000083010000000U4,GIMNASIO ROCK SOLID,SISU CLIMBING,713943,Centros de acondicionamiento físico del sector privado,11 a 30 personas,CALLE,PROLONGACION AYUNTAMIENTO,CALLE,DULCE OLIVIA,AVENIDA,MIGUEL ANGEL DE QUEVEDO,CALLE,PINO,83,NA,NA,NA,NA,NA,COLONIA,SANTA CATARINA,NA,NA,NA,04010,09,Ciudad de México,003,Coyoacán,0001,Coyoacán,0126,010,NA,INFO@ROCKSOLID.MX,WWW.ROCKSOLID.COM,Fijo,19.34669478,-99.16935013,2023-11
801706,09006713943000452001000000U0,GIMNASIO RODEO SPORT,NA,713943,Centros de acondicionamiento físico del sector privado,0 a 5 personas,CALLE,24,EJE VIAL,4 ORIENTE (RIO CHURUBUSCO),AVENIDA,ERNESTO P. URUCHURTU,CALLE,22,2,MZ 17 LT 2,NA,NA,NA,NA,COLONIA,EL RODEO,NA,NA,NA,08510,09,Ciudad de México,006,Iztacalco,0001,Iztacalco,0490,004,5618449185,RODEOSPORTGYM@GMAIL.COM,NA,Fijo,19.39346176,-99.08495176,2010-07
885386,09015722514002421010000000U2,GIMNASIO ROMANUS FINEST GYM,NA,713943,Centros de acondicionamiento físico del sector privado,0 a 5 personas,CALLE,RIVERO,EJE VIAL,1 ORIENTE (AVENIDA DEL TRABAJO),CERRADA,SEGUNDA RIVERO,CALLE,GONZALEZ ORTEGA,127,1,NA,NA,NA,NA,COLONIA,MORELOS,NA,NA,NA,06200,09,Ciudad de México,015,Cuauhtémoc,0001,Cuauhtémoc,0358,003,NA,NA,NA,Fijo,19.44712328,-99.1258829,2014-12
707996,09006713943000771000000000U3,GIMNASIO ROMANZA,IGNACIO BERISTAIN,713943,Centros de acondicionamiento físico del sector privado,0 a 5 personas,CALLE,RESINA,CALLE,AZAFRAN,CALLE,AVENA,CALLE,ALFALFA,252,NA,NA,NA,NA,NA,COLONIA,GRANJAS MÉXICO,NA,NA,NA,08400,09,Ciudad de México,006,Iztacalco,0001,Iztacalco,1107,015,5556574761,NA,NA,Fijo,19.40073902,-99.09319813,2014-12
9430517,09013713943001902000000000U9,GIMNASIO RYKERS BMA,NA,713943,Centros de acondicionamiento físico del sector privado,6 a 10 personas,CONTINUACION,BOULEVARD ADOLFO RUIZ CORTINES,CALLE,RINCON DE LOS LIRIOS,CALLE,RINCON DE LAS AZUCENAS,OTRO(ESPECIFIQUE),AREA VERDE,2,NA,NA,NA,NA,NA,COLONIA,SAN BARTOLO EL CHICO,NA,NA,NA,16010,09,Ciudad de México,013,Xochimilco,0001,Xochimilco,0029,022,5549831703,RYKERSBMA@GMAIL.COM,NA,Fijo,19.28403495,-99.1279126,2023-11
878967,09009713944000011002000000U6,GIMNASIO SAN LORENZO TLACOYUCAN,ALCALDIA MILPA ALTA,713944,Centros de acondicionamiento físico del sector público,6 a 10 personas,CALLE,CONSULADO,CALLE,NINGUNO,CALLE,INSURGENTES,CALLE,INSURGENTES,NA,SN,NA,NA,NA,NA,PUEBLO,SAN LORENZO TLACOYUCAN,NA,NA,NA,12500,09,Ciudad de México,009,Milpa Alta,0152,San Lorenzo Tlacoyucan,0613,005,NA,NA,NA,Fijo,19.17795087,-99.02950964,2010-07
975394,09013713943000211000000000U6,GIMNASIO SAN MARCOS,NA,713943,Centros de acondicionamiento físico del sector privado,0 a 5 personas,CALLE,AHUEJOTES,CALLE,PROLONGACION AHUEJOTES,CERRADA,AHUEJOTES,AVENIDA,PROLONGACION DIVISION DEL NORTE,150,NA,NA,NA,NA,NA,AMPLIACION,AMPLIACIÓN SAN MARCOS NORTE,NA,NA,NA,16038,09,Ciudad de México,013,Xochimilco,0001,Xochimilco,1046,016,5554891607,NA,NA,Fijo,19.2729451,-99.11455906,2010-07
1024712,09009713944000022001000000U3,GIMNASIO SAN PABLO OZTOTEPEC,ALCALDIA DE LA DELEGACION MILPA ALTA,713944,Centros de acondicionamiento físico del sector público,0 a 5 personas,CALLE,NINGUNO,AVENIDA,FABIAN FLORES,CALLE,AVENIDA VICENTE GUERRERO,CALLE,NINGUNO,NA,SN,NA,NA,NA,NA,PUEBLO,SAN PABLO OZTOTEPEC,NA,NA,NA,12400,09,Ciudad de México,009,Milpa Alta,0024,San Pablo Oztotepec,0219,056,NA,NA,NA,Fijo,19.18428825,-99.07042543,2010-07
951085,09009713944000062002000000U9,GIMNASIO SAN PEDRO ATOCPAN,ALCALDIA MILPA ALTA,713944,Centros de acondicionamiento físico del sector público,6 a 10 personas,CALLE,GABINO BARREDA,CALLE,FRANCISCO I MADERO,CALLE,JUSTO SIERRA,CALLE,VENUSTIANO CARRANZA,NA,SN,NA,NA,NA,NA,PUEBLO,SAN PEDRO ATOCPAN,NA,NA,NA,12200,09,Ciudad de México,009,Milpa Alta,0029,San Pedro Atocpan,044A,013,5591541917,NA,NA,Fijo,19.20106922,-99.05013118,2014-12
922572,09010713943000821002000000U8,GIMNASIO SANTA FE,NA,713943,Centros de acondicionamiento físico del sector privado,0 a 5 personas,AVENIDA,VASCO DE QUIROGA,CALLE,DIEGO DE ORDAZ,CALLE,BANDERA,CALLE,GALEANA,1425,NA,NA,NA,NA,NA,COLONIA,SANTA FE,NA,NA,NA,01210,09,Ciudad de México,010,Álvaro Obregón,0001,Álvaro Obregón,0332,024,NA,NA,NA,Fijo,19.38374827,-99.23255953,2014-12
646975,09007713943001552001000000U4,GIMNASIO SARABIA,NA,713943,Centros de acondicionamiento físico del sector privado,6 a 10 personas,EJE VIAL,5 SUR SANTA MARIA LA PURISIMA,CALLE,GEOGRAFOS,CALLE,FILOSOFOS,CALLE,CALLE DEL ROSAL,NA,SN,NA,NA,NA,NA,COLONIA,NUEVA ROSITA,NA,NA,NA,09420,09,Ciudad de México,007,Iztapalapa,0001,Iztapalapa,0375,029,5556488272,NA,NA,Fijo,19.3785544,-99.10615483,2010-07
7792556,09005713943004042001000000U7,GIMNASIO SCORPION,ROSALINA RAZO,713943,Centros de acondicionamiento físico del sector privado,0 a 5 personas,CALLE,CERRADA SAN MIGUEL,CALLE,SAN MIGUEL,CALLE,MIGUEL INCLAN,OTRO(ESPECIFIQUE),ARROYO,1,LOTE 1 MZ 146,NA,NA,NA,NA,COLONIA,LOMAS DE CUAUTEPEC,NA,NA,NA,07110,09,Ciudad de México,005,Gustavo A. Madero,0001,Gustavo A. Madero,0012,035,NA,NA,NA,Fijo,19.56884179,-99.13230558,2019-11
936963,09013713943001011000000000U9,GIMNASIO SHADAI,NA,713943,Centros de acondicionamiento físico del sector privado,0 a 5 personas,AVENIDA,NUEVO LEON,OTRO(ESPECIFIQUE),CANAL,CALLEJON,BEGONIA,CALLEJON,BEGONIA,260,NA,NA,NA,NA,NA,BARRIO,CALTONGO,NA,NA,NA,16090,09,Ciudad de México,013,Xochimilco,0001,Xochimilco,1135,003,NA,NA,NA,Fijo,19.25925711,-99.0864222,2014-12
665208,09007713943001783001000000U5,GIMNASIO SILVERS GYM CENTER,NA,713943,Centros de acondicionamiento físico del sector privado,6 a 10 personas,CALLE,5 DE MAYO,CALLE,MORELOS,AVENIDA,TLAHUAC,CALLE,16 DE SEPTIEMBRE,8,NA,NA,NA,NA,NA,PUEBLO,LOS REYES CULHUACAN,NA,NA,NA,09840,09,Ciudad de México,007,Iztapalapa,0001,Iztapalapa,1369,012,NA,SILVERSGYMCENTER@HOTMAIL.COM,WWW.SILVERSGYMCENTER.COM,Fijo,19.34405403,-99.10815735,2010-07
9528662,09002713943001301000000000U7,GIMNASIO SIN NIMBRE,NA,713943,Centros de acondicionamiento físico del sector privado,0 a 5 personas,CALLE,NINGUNO,EJE VIAL,4 NORTE (CALZADA AZCAPOTZALCO-LA VILLA),EJE VIAL,5 NORTE (PONIENTE 140),AVENIDA,CEYLAN,757,NA,NA,17,NA,NA,COLONIA,ESTACIÓN PANTACO,PASAJE Y ANDADOR COMERCIAL,PLAZA EL CAMINO FORTUNA,04,02300,09,Ciudad de México,002,Azcapotzalco,0001,Azcapotzalco,0877,028,NA,NA,NA,Fijo,19.4917512,-99.17097795,2024-11
9857985,09007713943007321000000000U8,GIMNASIO SIN NOMBRE,NA,713943,Centros de acondicionamiento físico del sector privado,0 a 5 personas,CALLE,PINO,PRIVADA,PINO,CALLE,VILLA FRANQUEZA,CALLE,FLORENTINO CASTRO LOPEZ,3,NA,NA,NA,NA,NA,COLONIA,BUENAVISTA,NA,NA,NA,09700,09,Ciudad de México,007,Iztapalapa,0001,Iztapalapa,4109,030,NA,NA,NA,Fijo,19.32591336,-99.03181704,2024-11
1003807,09004713943000061000000000U4,GIMNASIO SIN NOMBRE,NA,713943,Centros de acondicionamiento físico del sector privado,0 a 5 personas,CALLE,PINO,CALLE,TERCERA CERRADA PINO,CALLE,JACARANDAS,CERRADA,JACARANDAS,256,NA,NA,NA,NA,NA,COLONIA,SAN JOSÉ DE LOS CEDROS,NA,NA,NA,05219,09,Ciudad de México,004,Cuajimalpa de Morelos,0001,Cuajimalpa de Morelos,027A,001,NA,NA,NA,Fijo,19.37140094,-99.28859669,2010-07
10405163,09004713943000911000000000U0,GIMNASIO SIN NOMBRE,EDUARDO GONZALEZ,713943,Centros de acondicionamiento físico del sector privado,0 a 5 personas,AVENIDA,MONTE DE LAS CRUCES,CERRADA,NINGUNO,CALLE,LEANDRO VALLE,CALLE,CAMINO DE HILA,NA,SN,NA,NA,NA,B,COLONIA,SAN LORENZO ACOPILCO,NA,NA,NA,05710,09,Ciudad de México,004,Cuajimalpa de Morelos,0020,San Lorenzo Acopilco,0246,025,NA,NA,NA,Fijo,19.32357859,-99.32896504,2024-11
753722,09005713943000441000000000U5,GIMNASIO SIN NOMBRE,NA,713943,Centros de acondicionamiento físico del sector privado,0 a 5 personas,ANDADOR,PRIVADA CIRO MENDOZA,ANDADOR,CIRO MENDOZA,ANDADOR,ISMAEL MARENCO,AVENIDA,ENRIQUE F CALDERON,1,NA,NA,NA,NA,NA,COLONIA,CTM ATZACOALCO,NA,NA,NA,07090,09,Ciudad de México,005,Gustavo A. Madero,0001,Gustavo A. Madero,2678,001,5521747486,NA,NA,Fijo,19.50693129,-99.09841454,2010-07
9839979,09007713943007931000000000U4,GIMNASIO SIN NOMBRE,GIMNASIO SIN NOMBRE,713943,Centros de acondicionamiento físico del sector privado,0 a 5 personas,CALLE,TABASCO,CALLE,TAMPICO,AVENIDA,YUCATAN,AVENIDA,YUCATAN,4,NA,NA,NA,NA,NA,PUEBLO,SAN SEBASTIÁN TECOLOXTITLA,NA,NA,NA,09520,09,Ciudad de México,007,Iztapalapa,0001,Iztapalapa,084A,011,NA,NA,NA,Fijo,19.36036667,-99.01574043,2024-11
671454,09005713943002813001000000U3,GIMNASIO SIN NOMBRE,NA,713943,Centros de acondicionamiento físico del sector privado,0 a 5 personas,CALLE,PRUDENCIA GRIFFELL,CALLE,GERMAN VALDES,CALLE,ANDRES SOLER,CALLE,VIRGINIA FABREGAS,NA,SN,NA,NA,NA,NA,COLONIA,JORGE NEGRETE,NA,NA,NA,07280,09,Ciudad de México,005,Gustavo A. Madero,0001,Gustavo A. Madero,2822,025,5530454075,NA,NA,Fijo,19.52757631,-99.14556375,2014-12
917956,09012713943000681000000000U2,GIMNASIO SIN NOMBRE,NA,713943,Centros de acondicionamiento físico del sector privado,0 a 5 personas,AVENIDA,MEXICO,AVENIDA,MEXICO,CALLE,TECTIPAC,CALLE,RIVERO,NA,SN,NA,NA,NA,NA,PUEBLO,LA MAGDALENA PETLACALCO,NA,NA,NA,14480,09,Ciudad de México,012,Tlalpan,0001,Tlalpan,1602,012,NA,NA,NA,Fijo,19.23275551,-99.17965203,2014-12
635265,09005713943001021000000000U4,GIMNASIO SIN NOMBRE,NA,713943,Centros de acondicionamiento físico del sector privado,0 a 5 personas,CALLE,FRANCISCO VILLA,CALLE,FRANCISCO VILLA,CERRADA,FRANCISCO VILLA,OTRO(ESPECIFIQUE),ARROYO,43,NA,NA,NA,NA,NA,COLONIA,VALLE DE MADERO,NA,NA,NA,07200,09,Ciudad de México,005,Gustavo A. Madero,0001,Gustavo A. Madero,3089,040,NA,NA,NA,Fijo,19.55385017,-99.13796656,2010-07
9589304,09003713943002771000000000U8,GIMNASIO SIN NOMBRE,GIMNASIO SIN NOMBRE,713943,Centros de acondicionamiento físico del sector privado,0 a 5 personas,CALLE,SAN BENITO,CALLE,SAN JORGE,CALLE,SAN ALEJANDRO,CALLE,SAN GABRIEL,NA,SN,NA,NA,NA,NA,COLONIA,PEDREGAL DE SANTA ÚRSULA,NA,NA,NA,04600,09,Ciudad de México,003,Coyoacán,0001,Coyoacán,1001,009,NA,NA,NA,Fijo,19.30683717,-99.15356786,2024-11
681796,09002713943000701000000000U9,GIMNASIO SIN NOMBRE,NA,713943,Centros de acondicionamiento físico del sector privado,0 a 5 personas,CERRADA,VICTOR HERNANDEZ,CALLE,VICTOR HERNANDEZ COVARRUBIAS,AVENIDA,MANUEL SALAZAR,CALLE,FEDERICO DAVALOS,135,B,NA,NA,NA,NA,COLONIA,SAN JUAN TLIHUACA,NA,NA,NA,02400,09,Ciudad de México,002,Azcapotzalco,0001,Azcapotzalco,099A,001,NA,NA,NA,Fijo,19.49577618,-99.2062764,2014-12
10020296,09011713943002341000000000U3,GIMNASIO SMART PALANCE,CONNIE RODRIGUEZ,713943,Centros de acondicionamiento físico del sector privado,0 a 5 personas,CALLE,SABALO,CALLE,MANTARRAYA,CALLE,MERO,CALLE,CARACOL,4,LOTE 6,NA,NA,NA,NA,COLONIA,MAR DEL NORTE,NA,NA,NA,13270,09,Ciudad de México,011,Tláhuac,0001,Tláhuac,0630,016,5562319036,NA,NA,Fijo,19.29542438,-99.05596869,2024-11
9149141,09014713943001773000000000U2,GIMNASIO SPA 10 FITNESS GONZALO VILLAMIZAR GRANADOS,NA,713943,Centros de acondicionamiento físico del sector privado,11 a 30 personas,CALLE,PEDRO ROMERO DE TERREROS,CALLE,PITAGORAS,CALLE,PESTALOZZI,CALLE,LUZ SAVIÑON,1203,NA,NA,NA,NA,NA,COLONIA,NARVARTE PONIENTE,NA,NA,NA,03020,09,Ciudad de México,014,Benito Juárez,0001,Benito Juárez,0257,010,NA,NA,WWW.SPACIOFITNESS.COM,Fijo,19.39394828,-99.15832967,2019-11
11768697,09010713943002821000000000U6,GIMNASIO SPARTAN LIFE,NA,713943,Centros de acondicionamiento físico del sector privado,0 a 5 personas,CALLE,HIDALGO,CALLE,Centenario,CALLE,Real de Guadalupe,CALLE,Real de Guadalupe,7,NA,NA,NA,NA,NA,PUEBLO,SANTA ROSA XOCHIAC,NA,NA,NA,01830,09,Ciudad de México,010,Álvaro Obregón,0001,Álvaro Obregón,135A,009,5525788884,NA,NA,Fijo,19.32707245,-99.28346025,2025-04
10960524,09010713943002711000000000U9,GIMNASIO SPARTAN TIGER,NA,713943,Centros de acondicionamiento físico del sector privado,0 a 5 personas,AVENIDA,29 DE OCTUBRE,CALLE,MIRASOL,CALLE,PERALTA,OTRO(ESPECIFIQUE),ARROYO,NA,SN,NA,NA,NA,NA,COLONIA,LOMAS DE LA ERA,NA,NA,NA,01860,09,Ciudad de México,010,Álvaro Obregón,0001,Álvaro Obregón,1364,055,5617972419,NA,NA,Fijo,19.3154069,-99.26625616,2024-11
10604408,09012713943003081000000000U2,GIMNASIO SPINING,ALEJANDRA PAREDES,713943,Centros de acondicionamiento físico del sector privado,0 a 5 personas,CALLE,SAN JUAN DEL RIO,CALLE,VALENTIN GAMA Y CRUZ,PRIVADA,SEGUNDA SAN JUAN DEL RIO,CERRADA,DIEGO GARCIA CONDE (LOMA LINDA),255,NA,NA,NA,NA,NA,COLONIA,MIGUEL HIDALGO,NA,NA,NA,14260,09,Ciudad de México,012,Tlalpan,0001,Tlalpan,091A,003,5624494913,NA,NA,Fijo,19.28494392,-99.18762639,2024-11
1048341,09011611111000251010000000U3,GIMNASIO SPINING VEGASFIT,NA,713943,Centros de acondicionamiento físico del sector privado,0 a 5 personas,AVENIDA,AVENIDA DEL MAR,AVENIDA,SIRENA,AVENIDA,ALETA,CALLE,TIBURON,113,MZ LT8,NA,NA,NA,NA,COLONIA,DEL MAR,NA,NA,NA,13270,09,Ciudad de México,011,Tláhuac,0001,Tláhuac,0325,009,5542568175,NA,NA,Fijo,19.28603564,-99.05986948,2010-07
824883,09007713943000241000000000U5,GIMNASIO SPORT ATENAS,NA,713943,Centros de acondicionamiento físico del sector privado,0 a 5 personas,CALLE,CAMILO ARRIAGA,CALLE,EMILIO MADERO (LUCIO BLANCO),CALLE,CAYETANO ANDRADE,CALLE,GUILLERMO VACA,50,NA,NA,NA,NA,NA,COLONIA,SANTA MARTHA ACATITLA SUR,NA,NA,NA,09510,09,Ciudad de México,007,Iztapalapa,0001,Iztapalapa,0784,025,NA,NA,NA,Fijo,19.36785303,-99.01228571,2010-07
791289,09005713943000011001000000U6,GIMNASIO SPORT CENTER,NA,713943,Centros de acondicionamiento físico del sector privado,0 a 5 personas,CALLE,NORTE 56 A,CALLE,ORIENTE 91,CALLE,ORIENTE 95,CALLE,NORTE 58,3829,NA,NA,NA,NA,NA,COLONIA,MÁRTIRES DE RÍO BLANCO,NA,NA,NA,07880,09,Ciudad de México,005,Gustavo A. Madero,0001,Gustavo A. Madero,217A,008,5520997016,NA,NA,Fijo,19.46283141,-99.11540293,2010-07
973970,09013713943000492001000000U2,GIMNASIO SPORT CENTER,NA,713943,Centros de acondicionamiento físico del sector privado,0 a 5 personas,CALLE,BENITO JUAREZ,CALLE,TEQUESQUITE,CALLE,JOSEFA ORTIZ DE DOMINGUEZ,CALLE,JOSEFA ORTIZ DE DOMINGUEZ,36,NA,NA,NA,NA,NA,BARRIO,LA CONCEPCIÓN TLACOAPA,NA,NA,NA,16040,09,Ciudad de México,013,Xochimilco,0001,Xochimilco,0122,003,NA,NA,NA,Fijo,19.26602515,-99.10372791,2010-07
1040722,09013713943000452001000000U6,GIMNASIO SPORT GYM,NA,713943,Centros de acondicionamiento físico del sector privado,0 a 5 personas,CALLE,LA PAZ,CALLE,CALVARIO,CALLE,NICOLAS BRAVO,CALLE,LA PAZ,4,NA,NA,NA,NA,NA,COLONIA,CALYEQUITA,NA,NA,NA,16750,09,Ciudad de México,013,Xochimilco,0001,Xochimilco,0565,002,5586996593,REM_2@HOTMAIL.COM,NA,Fijo,19.25202409,-99.0103235,2010-07
9796067,09012713943003112000000000U5,GIMNASIO SPORT GYM 286,GIMNASIO SPORT GYM 286,713943,Centros de acondicionamiento físico del sector privado,6 a 10 personas,CALLE,HOCABA,CALLE,TICUL,CALLE,SUCILA,CALLE,TEKAL,286,NA,NA,NA,NA,NA,COLONIA,JARDINES DEL AJUSCO,NA,NA,NA,14200,09,Ciudad de México,012,Tlalpan,0001,Tlalpan,0854,017,NA,NA,NA,Fijo,19.2830046,-99.21142647,2024-11
1040265,09015713943000441000000000U4,GIMNASIO SPORT GYM VILLALOBOS,GIMNASIO SPORT GYM VILLALOBOS,713943,Centros de acondicionamiento físico del sector privado,0 a 5 personas,CALLE,VIZCAINAS,CALLE,LOPEZ,EJE VIAL,CENTRAL (LAZARO CARDENAS),CALLE,PUENTE PEREDO,13,NA,NA,NA,3,NA,COLONIA,CENTRO,NA,NA,NA,06010,09,Ciudad de México,015,Cuauhtémoc,0001,Cuauhtémoc,0875,025,5555122983,NA,NA,Fijo,19.42911381,-99.14226421,2010-07
964026,09011713943000251000000000U6,GIMNASIO SPORT IN LINE,NA,713943,Centros de acondicionamiento físico del sector privado,0 a 5 personas,CALLE,MAR DE LA FECUNDIDAD,CALLE,CRATER ARISTARCO,AVENIDA,ESTANISLAO RAMIREZ RUIZ,CALLE,MAR DE LOS VAPORES,147,MZ147 LT 14 Y 15,NA,NA,NA,NA,COLONIA,AMPLIACION SELENE,NA,NA,NA,13420,09,Ciudad de México,011,Tláhuac,0001,Tláhuac,0575,032,NA,NA,NA,Fijo,19.28499211,-98.99940446,2010-07
763167,09007713943001803001000000U1,GIMNASIO SPORT QUALITY CENTER,NA,713943,Centros de acondicionamiento físico del sector privado,0 a 5 personas,CALLE,GENERAL FRANCISCO ARCE,CALLE,GENERAL JUAN ENRIQUEZ,CALLE,GENERAL FELIPE DE LA GARZA,CALLE,CRISOSTOMO BONILLA,73,NA,NA,NA,NA,NA,COLONIA,JUAN ESCUTIA,NA,NA,NA,09100,09,Ciudad de México,007,Iztapalapa,0001,Iztapalapa,0178,008,NA,NA,NA,Fijo,19.38910139,-99.03663932,2010-07
7748239,09006713943001111000000000U1,GIMNASIO SPORT TIME,NA,713943,Centros de acondicionamiento físico del sector privado,0 a 5 personas,CALLE,ALBINO GARCIA,CALZADA,SANTA ANITA,AVENIDA,CORUÑA,CALLE,JUAN JOSE EGUIARA Y EGUREN,334,NA,NA,NA,NA,NA,COLONIA,VIADUCTO PIEDAD,NA,NA,NA,08200,09,Ciudad de México,006,Iztacalco,0001,Iztacalco,0221,014,5568024433,NA,NA,Fijo,19.39991167,-99.1328513,2019-11
11722024,09005713943005462000000000U6,GIMNASIO SPORTICA,NA,713943,Centros de acondicionamiento físico del sector privado,6 a 10 personas,CALLE,VOLCÁN PARICUTÍN,CALLE,Volcán Popocatépetl,AVENIDA,Volcán Iztaccíhuatl,CALLE,Volcán de Colima,120,NA,NA,NA,NA,NA,COLONIA,LA PRADERA,NA,NA,NA,07500,09,Ciudad de México,005,Gustavo A. Madero,0001,Gustavo A. Madero,1716,009,NA,NA,NA,Fijo,19.47747519,-99.06720606,2025-04
10776474,09014713943002392000000000U0,GIMNASIO SPORTICA,NA,713943,Centros de acondicionamiento físico del sector privado,6 a 10 personas,CALLE,ISABEL LA CATOLICA,CALLE,MARIA HERNANDEZ ZARCO,VIADUCTO,PRESIDENTE MIGUEL ALEMAN,CALLE,JOSE SIMON BOLIVAR,523,NA,NA,NA,NA,NA,COLONIA,ALAMOS,NA,NA,NA,03400,09,Ciudad de México,014,Benito Juárez,0001,Benito Juárez,0030,008,NA,INFO@SPORTICAMX.COM,WWW.SPORTICAMX.COM,Fijo,19.40331197,-99.14016302,2024-11
10066961,09015713943002712000000000U6,GIMNASIO SPORTING CLUB,NA,713943,Centros de acondicionamiento físico del sector privado,6 a 10 personas,CALLE,RIO NILO,CALLE,RIO LERMA,AVENIDA,PASEO DE LA REFORMA,EJE VIAL,3 PONIENTE (RIO MISSISSIPI),71,NA,NA,NA,201,NA,COLONIA,CUAUHTÉMOC,NA,NA,NA,06500,09,Ciudad de México,015,Cuauhtémoc,0001,Cuauhtémoc,0930,005,5579937549,NA,NA,Fijo,19.42723264,-99.17112456,2024-11
10198686,09010713943002431000000000U4,GIMNASIO SPORTS PSYQUE,ROSARIO MORALES,713943,Centros de acondicionamiento físico del sector privado,0 a 5 personas,CALLE,PUERTO SAN JOSE,CALLE,PUERTO ESCONDIDO,AVENIDA,GUSTAVO DIAZ ORDAZ,CALLE,PUERTO SAN JOSE,17,NA,NA,NA,NA,NA,COLONIA,AMPLIACIÓN PILOTO ADOLFO LÓPEZ MATEOS,NA,NA,NA,01290,09,Ciudad de México,010,Álvaro Obregón,0001,Álvaro Obregón,1580,060,NA,NA,NA,Fijo,19.37452989,-99.2234487,2024-11
9705965,09004713943001061000000000U3,GIMNASIO STAR FIT,NA,713943,Centros de acondicionamiento físico del sector privado,0 a 5 personas,CALLE,OCAMPO,AVENIDA,VERACRUZ,CALLE,JOSE MARIA CASTORENA,AVENIDA,VERACRUZ,62,NA,NA,NA,NA,NA,COLONIA,CUAJIMALPA,NA,NA,NA,05000,09,Ciudad de México,004,Cuajimalpa de Morelos,0001,Cuajimalpa de Morelos,0091,003,NA,NA,NA,Fijo,19.35529859,-99.2981995,2024-11
637153,09005713943001593000000000U2,GIMNASIO STEEL CENTER,NA,713943,Centros de acondicionamiento físico del sector privado,0 a 5 personas,CALLE,GABRIELA MISTRAL,AVENIDA,CENTRO ESCOLAR,CARRETERA,TENAYUCA-CHALMITA,AVENIDA,CENTRO ESCOLAR,33,MZ 24 LOTE 33,NA,NA,NA,NA,COLONIA,ZONA ESCOLAR,NA,NA,NA,07230,09,Ciudad de México,005,Gustavo A. Madero,0001,Gustavo A. Madero,0173,013,5522277534,NA,NA,Fijo,19.53946333,-99.15240863,2010-07
770638,09007713943001592000000000U0,GIMNASIO STEEL MENS,NA,713943,Centros de acondicionamiento físico del sector privado,0 a 5 personas,CALLE,LAUREANO ESTUDILLO,CALLE,ELISSA ACUÑA Y ROSSETI,CALLE,CUTBERTO AROCHE,CALLE,FERNANDO ARUTI,NA,SN,NA,NA,NA,NA,COLONIA,SANTA MARTHA ACATITLA NORTE,NA,NA,NA,09140,09,Ciudad de México,007,Iztapalapa,0001,Iztapalapa,0479,021,5566155986,NA,NA,Fijo,19.37954247,-99.01724816,2010-07
718517,09007713943002852002000000U7,GIMNASIO STOR GYM,NA,713943,Centros de acondicionamiento físico del sector privado,6 a 10 personas,CALLE,CIRCUITO RIO AGUANAVAL,CALLE,CIRCUITO RIO ZULA,EJE VIAL,4 SUR (SAN RAFAEL ATLIXCO),CALLE,CIRCUITO RIO ZULA,18,NA,NA,NA,NA,NA,COLONIA,REAL DEL MORAL,NA,NA,NA,09010,09,Ciudad de México,007,Iztapalapa,0001,Iztapalapa,0110,006,NA,NA,NA,Fijo,19.38776291,-99.08234975,2014-12
10465941,09016713943001681000000000U2,GIMNASIO STOYANKA DOBREVA ANGELOVA,ADMINISTRADORES DEPORTIVOS,713943,Centros de acondicionamiento físico del sector privado,0 a 5 personas,PERIFERICO,BOULEVARD MANUEL AVILA CAMACHO,CALLE,NINGUNO,AVENIDA,CONSCRIPTO,CALLE,PIPILA,NA,SN,NA,NA,NA,NA,COLONIA,MANUEL ÁVILA CAMACHO,NA,NA,NA,11610,09,Ciudad de México,016,Miguel Hidalgo,0001,Miguel Hidalgo,0514,001,NA,NA,NA,Fijo,19.44387263,-99.21814703,2024-11
7632309,09011466410001831110000000U3,GIMNASIO STRONG FEMENINA,NA,713943,Centros de acondicionamiento físico del sector privado,0 a 5 personas,AVENIDA,CAMINO REAL,CERRADA,PRIMERA DE CAMINO REAL,CALLE,NORTE DEL COMERCIO,CALLE,RIO AMECA,408,NA,NA,NA,NA,NA,COLONIA,JARDINES DEL LLANO,NA,NA,NA,13550,09,Ciudad de México,011,Tláhuac,0021,San Juan Ixtayopan,1018,033,NA,NA,NA,Fijo,19.23554241,-98.99418165,2019-11
10310469,09011713943002151000000000U6,GIMNASIO STRONG FIT,NA,713943,Centros de acondicionamiento físico del sector privado,0 a 5 personas,CALLE,IGNACIO ALLENDE,CALLE,CALLE DE LAS ROSAS,CALLE,REINA XOCHITL,CALZADA,TETELCO,NA,SN,NA,NA,NA,NA,BARRIO,SAN MIGUEL,NA,NA,NA,13640,09,Ciudad de México,011,Tláhuac,0011,San Andrés Mixquic,072A,014,NA,NA,NA,Fijo,19.22296745,-98.96558588,2024-11
7648966,09009713943000421001000000U9,GIMNASIO STRONGER GYM,MARGARITA MORALES,713943,Centros de acondicionamiento físico del sector privado,6 a 10 personas,AVENIDA,NUEVO LEON,CALLE,AVENIDA MEXICO NORTE,CALLE,AVENIDA YUCATAN NORTE,CALLE,ZACATECAS,22,NA,NA,NA,NA,NA,PUEBLO,VILLA MILPA ALTA,NA,NA,NA,12000,09,Ciudad de México,009,Milpa Alta,0001,Villa Milpa Alta,0026,034,NA,NA,NA,Fijo,19.19661202,-99.02268221,2019-11
1045123,09011713943000432000000000U2,GIMNASIO STYLEFIT8,NA,713943,Centros de acondicionamiento físico del sector privado,0 a 5 personas,CERRADA,LAKME,CALLE,LAS BODAS DE FIGARO,CALLE,LA HEBREA,CALLE,IGNACIO MANUEL ALTAMIRANO,1,NA,NA,NA,NA,NA,COLONIA,MIGUEL HIDALGO,NA,NA,NA,13200,09,Ciudad de México,011,Tláhuac,0001,Tláhuac,1268,013,NA,STYLFIT8@GMAIL.COM,NA,Fijo,19.29543594,-99.04525848,2010-07
804021,09006713943000121002000000U1,GIMNASIO SUPER GYM,NA,713943,Centros de acondicionamiento físico del sector privado,0 a 5 personas,AVENIDA,SUR 8,CALLE,ORIENTE 225,CALLE,ORIENTE 227,CALLE,SUR 8-A,187,NA,NA,NA,NA,NA,COLONIA,AGRÍCOLA ORIENTAL,NA,NA,NA,08500,09,Ciudad de México,006,Iztacalco,0001,Iztacalco,0170,004,5519507971,NA,NA,Fijo,19.40123256,-99.08005941,2010-07
9539761,09002713943001352000000000U0,GIMNASIO SYNC,NA,713943,Centros de acondicionamiento físico del sector privado,6 a 10 personas,CALLE,TEBAS,CALLE,NILO,CALLE,MENPHIS,CALLE,NUBIA,93,NA,NA,NA,NA,NA,COLONIA,CLAVERÍA,NA,NA,NA,02080,09,Ciudad de México,002,Azcapotzalco,0001,Azcapotzalco,0699,024,NA,NA,NA,Fijo,19.46747214,-99.18415453,2024-11
880239,09009713943000331000000000U0,GIMNASIO SYNERGY FITNESS,NA,713943,Centros de acondicionamiento físico del sector privado,0 a 5 personas,AVENIDA,MIGUEL HIDALGO,CALLE,CUAUHTEMOC,CALLE,IGNACIO ALDAMA,AVENIDA,JOSE MARIA MORELOS,70,NA,NA,NA,0,BIS,PUEBLO,SAN ANTONIO TECOMITL,NA,NA,NA,12100,09,Ciudad de México,009,Milpa Alta,0011,San Antonio Tecómitl,0401,011,NA,NA,NA,Fijo,19.22016616,-98.99311685,2010-07
925009,09010713943001011000000000U5,GIMNASIO TAEKWONDO,NA,713943,Centros de acondicionamiento físico del sector privado,0 a 5 personas,CALLE,AUSTRIACOS,AVENIDA,CAMINO A SANTA FE,CALLE,PARAISO,CALLE,BELGAS,8,NA,NA,NA,NA,NA,COLONIA,PARAÍSO,NA,NA,NA,01130,09,Ciudad de México,010,Álvaro Obregón,0001,Álvaro Obregón,014A,004,5583050711,NA,NA,Fijo,19.38947387,-99.21171044,2014-12
870654,09015713943000551000000000U0,GIMNASIO TAURO,NA,713943,Centros de acondicionamiento físico del sector privado,0 a 5 personas,CALZADA,SAN ANTONIO ABAD,CALLE,JOSE MARIA ROA BARCENAS,CALLE,JUAN A. MATEOS,CALLE,JUAN DE DIOS ARIAS,230,NA,NA,NA,NA,NA,COLONIA,VISTA ALEGRE,NA,NA,NA,06860,09,Ciudad de México,015,Cuauhtémoc,0001,Cuauhtémoc,1271,006,5557406025,NA,NA,Fijo,19.41044909,-99.13519246,2010-07
8402591,09011713943001641000000000U7,GIMNASIO TEAM STRONG GYM,NA,713943,Centros de acondicionamiento físico del sector privado,0 a 5 personas,CALLE,GITANA,CALLE,RICARDO MONGES LOPEZ,CALLE,MUZIO CLEMENTI,CALLE,ELIXIR DE AMOR,NA,SN,NA,NA,NA,NA,COLONIA,LA NOPALERA,NA,NA,NA,13220,09,Ciudad de México,011,Tláhuac,0001,Tláhuac,0077,003,5554974917,TEAM.STRONG.GYM@GMAIL.COM,NA,Fijo,19.29851838,-99.05471131,2019-11
10977769,09011713943002181000000000U3,GIMNASIO TERRA FITNESS WORKOUT CENTER,NA,713943,Centros de acondicionamiento físico del sector privado,0 a 5 personas,CALLE,OLIVOS,AVENIDA,RENO,AVENIDA,TLAHUAC,CALLE,ESCORPENA,12,A,NA,NA,NA,NA,COLONIA,OLIVOS,NA,NA,NA,13210,09,Ciudad de México,011,Tláhuac,0001,Tláhuac,0058,001,5565044927,NA,NA,Fijo,19.30443087,-99.06064071,2024-11
7728286,09007713943005471001000000U3,GIMNASIO THE BOSS OUTSIDE,NA,713943,Centros de acondicionamiento físico del sector privado,6 a 10 personas,CALZADA,GENERAL IGNACIO ZARAGOZA,CALLE,FRAY JUAN ALMANZA,CALLE,JOSE ARRESE,CALLE,PRIVADA JESUS ALMAZAN,1577,NA,NA,1,NA,NA,COLONIA,TEPALCATES,CENTRO Y PLAZA COMERCIAL,PLAZA VIA SAN JUAN,1577,09210,09,Ciudad de México,007,Iztapalapa,0001,Iztapalapa,0036,008,NA,NA,NA,Fijo,19.39243063,-99.04947806,2019-11
10904267,09004713943001051000000000U4,GIMNASIO THE FIT PILATES,GU HOLDING,713943,Centros de acondicionamiento físico del sector privado,0 a 5 personas,CALLE,PIRULES,AVENIDA,AVENIDA DE LOS AHUEHUETES NORTE,AVENIDA,AVENIDA DE LOS BOSQUES,PRIVADA,LABARO PATRIO,38,NA,NA,1,NA,NA,COLONIA,BOSQUES DE LAS LOMAS,CENTRO Y PLAZA COMERCIAL,PLAZA STIM,2,05129,09,Ciudad de México,004,Cuajimalpa de Morelos,0001,Cuajimalpa de Morelos,0176,038,NA,NA,NA,Fijo,19.39365471,-99.26015406,2024-11
882572,09009713943000261000000000U4,GIMNASIO THE GOLD GYM,NA,713943,Centros de acondicionamiento físico del sector privado,0 a 5 personas,CERRADA,NARCISO MENDOZA,CALLE,QUINTIL VILLANUEVA,CALLEJON,ZAZAPOTLA,CALLE,PROLONGACION IGNACIO ALDAMA,52,NA,NA,NA,NA,NA,COLONIA,TECAXTITLA,NA,NA,NA,12100,09,Ciudad de México,009,Milpa Alta,0011,San Antonio Tecómitl,0401,007,5525778040,NA,NA,Fijo,19.22356173,-98.99484143,2010-07
947114,09011713943000851000000000U3,GIMNASIO THOR XTREME,NA,713943,Centros de acondicionamiento físico del sector privado,0 a 5 personas,CALLE,27,CALLE,VALLE GOMEZ,CALLE,FRANCISCO ANDRADE,CALLE,SANTIAGO,203,NA,NA,NA,NA,NA,BARRIO,SANTIAGO,NA,NA,NA,13120,09,Ciudad de México,011,Tláhuac,0026,Santa Catarina Yecahuitzotl,0965,033,5577079371,NA,NA,Fijo,19.31325602,-98.96392508,2014-12
10702560,09017713943001671000000000U1,GIMNASIO TIFON SPORT,NA,713943,Centros de acondicionamiento físico del sector privado,0 a 5 personas,EJE VIAL,2 SUR AVENIDA DEL TALLER,CALLE,SUR 77,CALLE,SUR 75-A,CALLE,GUTIERREZ NAJERA,202,A,NA,NA,NA,NA,COLONIA,LORENZO BOTURINI,NA,NA,NA,15820,09,Ciudad de México,017,Venustiano Carranza,0001,Venustiano Carranza,105A,025,NA,NA,NA,Fijo,19.41363298,-99.12470157,2024-11
8443014,09003713943001653000000000U9,GIMNASIO TIGER GYM,NA,713943,Centros de acondicionamiento físico del sector privado,11 a 30 personas,CALLE,SAN PEDRO XALPA,CALLE,EJIDO TULYEHUALCO,CALLE,EJIDO SAN ANTONIO TOMATLAN,CALLE,SAN PEDRO XALPA,NA,SN,NA,NA,91,NA,COLONIA,EX-EJIDO DE SAN FRANCISCO CULHUACÁN,NA,NA,NA,04420,09,Ciudad de México,003,Coyoacán,0001,Coyoacán,0516,007,NA,BTIGERGYM@GMAIL.COM,NA,Fijo,19.3360378,-99.12423472,2019-11
9549916,09005713943004681000000000U2,GIMNASIO TIGER TRAINING,NA,713943,Centros de acondicionamiento físico del sector privado,0 a 5 personas,EJE VIAL,3 ORIENTE AVENIDA INGENIERO EDUARDO MOLINA,CALLE,HENRY FORD,AVENIDA,ORIENTE 107,CALLE,NORTE 80,5617,NA,NA,NA,NA,NA,COLONIA,GERTRUDIS SÁNCHEZ TERCERA SECCIÓN,NA,NA,NA,07838,09,Ciudad de México,005,Gustavo A. Madero,0001,Gustavo A. Madero,2095,026,5545079050,NA,NA,Fijo,19.46398817,-99.10386647,2024-11
957840,09011713944000034001000000U4,GIMNASIO TLAHUICOLLE,GOBIERNO DEL DISTRITO FEDERAL,713944,Centros de acondicionamiento físico del sector público,6 a 10 personas,CALLE,CUAUHTEMOC,CALLE,SEVERIANO CENICEROS,CALLE,AVENIDA HIDALGO,CALLE,PLAZA PRINCIPAL,NA,SN,NA,NA,NA,NA,BARRIO,SAN MIGUEL,NA,NA,NA,13070,09,Ciudad de México,011,Tláhuac,0001,Tláhuac,0433,003,5558623250,NA,NA,Fijo,19.26858792,-99.00337186,2010-07
874914,09015713943000241001000000U8,GIMNASIO TOÑITOS GYM,NA,713943,Centros de acondicionamiento físico del sector privado,0 a 5 personas,CALLE,ISABEL LA CATOLICA,CALLE,FERNANDO RAMIREZ,CALLE,JUAN DE DIOS PEZA,CALLE,BOLIVAR,341,NA,NA,NA,3,NA,COLONIA,OBRERA,NA,NA,NA,06800,09,Ciudad de México,015,Cuauhtémoc,0001,Cuauhtémoc,1252,009,NA,NA,NA,Fijo,19.41312252,-99.13899918,2010-07
949757,09009713944000082000000000U7,GIMNASIO TONY SUGAR,ALCALDIA MILPA ALTA,713944,Centros de acondicionamiento físico del sector público,6 a 10 personas,CALLE,CERRADA HIDALGO,CALLE,AVENIDA DEL TRABAJO,AVENIDA,MIGUEL HIDALGO,CALLE,PRIMERA PRIVADA JOSE LOPEZ PORTILLO,NA,SN,NA,NA,NA,NA,PUEBLO,SAN FRANCISCO TECOXPA,NA,NA,NA,12700,09,Ciudad de México,009,Milpa Alta,0017,San Francisco Tecoxpa,0365,036,NA,NA,NA,Fijo,19.1993755,-99.00613743,2014-12
813776,09005713943001392001000000U9,GIMNASIO TORRES,NA,713943,Centros de acondicionamiento físico del sector privado,0 a 5 personas,AVENIDA,CONSTITUCION DE LA REPUBLICA,CALLE,VOLCAN ATITLAN,CALLE,VOLCAN SAN PEDRO,CALLE,VOLCAN IMPALA,140,NA,NA,NA,NA,NA,COLONIA,AMPLIACIÓN PROVIDENCIA,NA,NA,NA,07550,09,Ciudad de México,005,Gustavo A. Madero,0001,Gustavo A. Madero,1701,013,NA,NA,NA,Fijo,19.48090907,-99.06871545,2010-07
736274,09007713943002581000000000U2,GIMNASIO TOTAL EVOLUTION,SUSANA ANAYA,713943,Centros de acondicionamiento físico del sector privado,0 a 5 personas,CALLE,5 DE MAYO,CALLE,CIUDAD JUAREZ,CALLE,HACIENDA GUAJITO,CALLE,CENTAURO DEL NORTE,2,NA,NA,NA,NA,NA,COLONIA,FRANCISCO VILLA,NA,NA,NA,09720,09,Ciudad de México,007,Iztapalapa,0001,Iztapalapa,1621,013,5647610203,NA,NA,Fijo,19.33970796,-99.06128753,2014-12
10446711,09011713943002252000000000U2,GIMNASIO TRAIN FIT,NA,713943,Centros de acondicionamiento físico del sector privado,6 a 10 personas,CALLE,SUR DEL COMERCIO,PRIVADA,NINGUNO,CALLE,PEDRO HERNANDEZ SILVA,PRIVADA,LA JOYITA,NA,SN,NA,NA,NA,NA,COLONIA,JAIME TORRES BODET,NA,NA,NA,13530,09,Ciudad de México,011,Tláhuac,0021,San Juan Ixtayopan,115A,024,NA,NA,NA,Fijo,19.22897768,-98.99420364,2024-11
9384596,09011713943002011000000000U2,GIMNASIO TRAIN FIT GYM,TRAIN FIT GYM,713943,Centros de acondicionamiento físico del sector privado,0 a 5 personas,CALLE,AGUSTIN CAMARENA,CALLE,LORENZO PEREZ CASTRO,CALLE,EMILIO LAURENT,CALLE,ELEUTERIO MENDEZ,NA,SN,NA,NA,21,NA,COLONIA,LA CONCHITA B,NA,NA,NA,13360,09,Ciudad de México,011,Tláhuac,0001,Tláhuac,0128,021,NA,TRAINFITGYM2022@GMAIL.COM,NA,Fijo,19.29396946,-99.03431348,2021-11
7268435,09006713943001181000000000U4,GIMNASIO TRANSFORMER,NA,713943,Centros de acondicionamiento físico del sector privado,0 a 5 personas,CALLE,SUR 20,PERIFERICO,CANAL DE SAN JUAN,CALLE,ORIENTE 259,ANDADOR,NINGUNO,626,NA,NA,NA,NA,NA,COLONIA,AGRÍCOLA ORIENTAL,NA,NA,NA,08500,09,Ciudad de México,006,Iztacalco,0001,Iztacalco,0217,025,NA,NA,NA,Fijo,19.3898842,-99.06077502,2019-11
761282,09005713943002972001000000U7,GIMNASIO TRES 420,GIMNACIO Y DEPORTES VAZQUEZ,713943,Centros de acondicionamiento físico del sector privado,0 a 5 personas,CALLE,ORIENTE 157,CALLE,NORTE 68,CALLE,NORTE 66-A,CALLE,ORIENTE 159,3430,NA,NA,NA,NA,NA,COLONIA,SALVADOR DÍAZ MIRÓN,NA,NA,NA,07400,09,Ciudad de México,005,Gustavo A. Madero,0001,Gustavo A. Madero,1307,014,NA,GYM_TRES_420@HOTMAIL.COM,NA,Fijo,19.48874584,-99.09870448,2014-12
11364653,09010713943002301000000000U9,GIMNASIO TWISTER GIMNASTICS,NA,713943,Centros de acondicionamiento físico del sector privado,0 a 5 personas,CALZADA,CALZADA DE LAS AGUILAS,CALLE,MESETA,CALLE,CERRO,CALLE,ISLOTE,929,NA,NA,NA,NA,NA,COLONIA,AMPLIACIÓN LAS ÁGUILAS,NA,NA,NA,01759,09,Ciudad de México,010,Álvaro Obregón,0001,Álvaro Obregón,2199,020,NA,NA,NA,Fijo,19.35105242,-99.21907131,2024-11
12334072,09004713943000861000000000U7,GIMNASIO UNDER COVER,OPERADORA DE GIMNASIOS URBANOS,713943,Centros de acondicionamiento físico del sector privado,0 a 5 personas,AVENIDA,AVENIDA DE LOS CEDROS,CARRETERA,FEDERAL MEXICO TOLUCA (PROLONGACION PASEO DE LA REFORMA),CALLE,ZOTITLA,CALLE,ZOTITLA,5780,7,NA,1,NA,NA,COLONIA,ABDÍAS GARCÍA SOTO,EDIFICIO COMERCIAL Y DE SERVICIOS,PLAZA CEDROS,15,05530,09,Ciudad de México,004,Cuajimalpa de Morelos,0001,Cuajimalpa de Morelos,0123,023,NA,ADMINISTRACION@UNDERCOVER.FIT,NA,Fijo,19.35224576,-99.29493445,2026-04
10845164,09004713943000933000000000U4,GIMNASIO UPRE BXNG,CRISTIAN ALVAREZ,713943,Centros de acondicionamiento físico del sector privado,11 a 30 personas,AVENIDA,SECRETARIA DE MARINA,CALLE,ARMADA DE MEXICO,CALLE,NAVIO,CALLE,ARMADA DE MEXICO,471,NA,NA,NA,NA,NA,COLONIA,LOMAS DE CHAMIZAL,NA,NA,NA,11700,09,Ciudad de México,004,Cuajimalpa de Morelos,0001,Cuajimalpa de Morelos,0176,030,NA,NA,NA,Fijo,19.38745327,-99.26543546,2024-11
664024,09017713943000401000000000U4,GIMNASIO VADEL GYM,NA,713943,Centros de acondicionamiento físico del sector privado,0 a 5 personas,CALLE,XINANTECATL,CALLE,MEZTLI,CALLE,ACOLHUACAN,CALLE,CHIMALPOPOCA,2,NA,NA,NA,NA,NA,COLONIA,ARENAL TERCERA SECCIÓN,NA,NA,NA,15560,09,Ciudad de México,017,Venustiano Carranza,0001,Venustiano Carranza,0865,002,NA,NA,NA,Fijo,19.42793924,-99.05674357,2010-07
11385955,09010713943002621000000000U0,GIMNASIO VICMAN BOX,NA,713943,Centros de acondicionamiento físico del sector privado,0 a 5 personas,AVENIDA,AVENIDA DE LAS TORRES,CALLE,JAZMIN (DALIAS),CALLE,CALLE DEL PINCEL,CALLE,JAZMIN (DALIAS),51,LT 14,NA,NA,NA,NA,COLONIA,TORRES DE POTRERO,NA,NA,NA,01840,09,Ciudad de México,010,Álvaro Obregón,0001,Álvaro Obregón,1699,050,5529073233,NA,NA,Fijo,19.3312789,-99.2461814,2024-11
711018,09006713943000661000000000U6,GIMNASIO VIKINGO,NA,713943,Centros de acondicionamiento físico del sector privado,0 a 5 personas,CALLE,GUADALUPE,CALLE,5,CALLE,PRIVADA A,CALLE,UNION,NA,SN,NA,NA,NA,NA,COLONIA,AGRÍCOLA PANTITLAN,NA,NA,NA,08100,09,Ciudad de México,006,Iztacalco,0001,Iztacalco,0043,011,5631081978,NA,NA,Fijo,19.41459109,-99.06026943,2014-12
9045373,09005713943003941000000000U1,GIMNASIO WORLD FITNESS,NA,713943,Centros de acondicionamiento físico del sector privado,0 a 5 personas,AVENIDA,CUAUTEPEC,CERRADA,J. A. JIMENEZ,CERRADA,PROGRESO,CERRADA,PRIMERA PUERTO MAZATLAN,87,NA,NA,NA,NA,NA,COLONIA,JORGE NEGRETE,NA,NA,NA,07280,09,Ciudad de México,005,Gustavo A. Madero,0001,Gustavo A. Madero,0328,002,5513215210,NA,NA,Fijo,19.52380212,-99.14198053,2019-11
1027399,09009713944000032002000000U2,GIMNASIO XICOMULCO,GOBIERNO DE LA CIUDAD DE MEXICO,713944,Centros de acondicionamiento físico del sector público,6 a 10 personas,AVENIDA,FRANCISCO I MADERO SUR,CALLE,NINGUNO,CERRADA,VENUSTIANO CARRANZA,AVENIDA,FRANCISCO I. MADERO SUR,131,NA,NA,NA,NA,NA,PUEBLO,SAN BARTOLOME XICOMULCO,NA,NA,NA,12250,09,Ciudad de México,009,Milpa Alta,0015,San Bartolomé Xicomulco,012A,008,NA,NA,NA,Fijo,19.20148073,-99.06889286,2010-07
11515623,09011713943002091000000000U4,GIMNASIO Y BOX,NA,713943,Centros de acondicionamiento físico del sector privado,0 a 5 personas,AVENIDA,ALETA,CALLE,SALMON,AVENIDA,PIRAÑA,AVENIDA,SIRENA,20,MZ102A,NA,NA,NA,NA,COLONIA,DEL MAR,NA,NA,NA,13270,09,Ciudad de México,011,Tláhuac,0001,Tláhuac,0325,043,NA,NA,NA,Fijo,19.28903445,-99.06490623,2024-11
9222310,09015713943002472001000000U7,GIMNASIO Y CAFETERIA,URBANCAMP,713943,Centros de acondicionamiento físico del sector privado,11 a 30 personas,CALLE,RIO NAZAS,EJE VIAL,2 PONIENTE (RIO TIBER),CALLE,RIO POO,CALLE,RIO POO,126,NA,NA,NA,NA,NA,COLONIA,CUAUHTÉMOC,NA,NA,NA,06500,09,Ciudad de México,015,Cuauhtémoc,0001,Cuauhtémoc,0822,004,NA,NA,NA,Fijo,19.43102146,-99.16957529,2019-11
884481,09014611621000141002000000U8,GIMNASIO YAMAGUCHI,NA,713943,Centros de acondicionamiento físico del sector privado,0 a 5 personas,CALLE,EMPRESA,CALLE,AUGUSTO RODIN,CALLE,MALAGA NORTE,EJE VIAL,7 SUR (EXTREMADURA),91,E,NA,NA,NA,E,COLONIA,INSURGENTES MIXCOAC,NA,NA,NA,03920,09,Ciudad de México,014,Benito Juárez,0001,Benito Juárez,0702,003,5555630041,NA,NA,Fijo,19.37508824,-99.18244948,2010-07
820543,09007531113002673000000000U7,GIMNASIO ZONA FIT,NA,713943,Centros de acondicionamiento físico del sector privado,0 a 5 personas,CALLE,CHOCOLIN,CALLE,URANIO,AVENIDA,SAN LORENZO,CALLE,GERMANIO,NA,SN,NA,NA,NA,153-C,COLONIA,PARAJE SAN JUAN CERRO,NA,NA,NA,09830,09,Ciudad de México,007,Iztapalapa,0001,Iztapalapa,159A,031,NA,NA,NA,Fijo,19.34471487,-99.07685068,2010-07
690213,09016812110009201012000000U7,GIMNASIOS LOOK SPORT FITNESS CENTER,NA,713943,Centros de acondicionamiento físico del sector privado,0 a 5 personas,AVENIDA,HOMERO,CALLE,HEGEL,CALLE,LOPE DE VEGA,CALLE,ISAAC NEWTON,406,NA,NA,NA,NA,NA,COLONIA,POLANCO V SECCIÓN,NA,NA,NA,11560,09,Ciudad de México,016,Miguel Hidalgo,0001,Miguel Hidalgo,0660,012,5628116199,NA,WWW.LOOKSPORTCROSSFITPOLANCO.COM,Fijo,19.43535257,-99.18761184,2014-12
11531429,09012713943002931000000000U9,GINMAS MUTTANT,NA,713943,Centros de acondicionamiento físico del sector privado,0 a 5 personas,CALLE,TLALTEPEC,CALLE,LAS ROSAS,CERRADA,PRIMERA TLALTEPEC,CALLE,LAS ROSAS,NA,SN,NA,NA,NA,NA,PUEBLO,SAN MIGUEL TOPILEJO,NA,NA,NA,14500,09,Ciudad de México,012,Tlalpan,0027,San Miguel Topilejo,1797,020,5516726345,NA,NA,Fijo,19.19677612,-99.14011369,2024-11
7612649,09011713943001801000000000U7,GINMASIO GAYTAN SPORT GYM,NA,713943,Centros de acondicionamiento físico del sector privado,0 a 5 personas,CALLE,SAN RAFAEL ATLIXCO,CALLE,AMADO NERVO,CALLE,SALVADOR DIAZ MIRON,CALLE,SAN RAFAEL ATLIXCO,NA,SN,NA,NA,NA,NA,COLONIA,SANTA ANA PONIENTE,NA,NA,NA,13300,09,Ciudad de México,011,Tláhuac,0001,Tláhuac,147A,001,NA,NA,NA,Fijo,19.30660805,-99.04361435,2019-11
10446750,09007713943007991000000000U8,GLADIADORES,JORGE CALVILLO,713943,Centros de acondicionamiento físico del sector privado,0 a 5 personas,CALLE,ANDADOR 3 CONSTITUCION DE APATZINGAN,ANDADOR,RAMON DE LOS SANTOS,ANDADOR,MELCHOR DE LOS REYES,ANDADOR,JOSE MARIA TAPIA,0,MZ17 LT1,NA,NA,NA,NA,UNIDAD HABITACIONAL,ERMITA ZARAGOZA,NA,NA,NA,09180,09,Ciudad de México,007,Iztapalapa,0001,Iztapalapa,0892,014,5581988045,NA,NA,Fijo,19.36663454,-98.99426273,2024-11
731689,09007713943003261001000000U0,GLADIADORES GYM,NA,713943,Centros de acondicionamiento físico del sector privado,6 a 10 personas,CALLE,AQUILES SERDAN,AVENIDA,HERMINIO CHAVARRIA,CALLE,PLAN DE SAN LUIS,CALLE,VENUSTIANO CARRANZA,26,A,NA,NA,NA,NA,COLONIA,SANTA MARÍA AZTAHUACAN,NA,NA,NA,09570,09,Ciudad de México,007,Iztapalapa,0001,Iztapalapa,1513,028,NA,NA,NA,Fijo,19.35476824,-99.0347943,2014-12
9822943,09007713943007111000000000U3,GMY FIT REPUBLIC,NA,713943,Centros de acondicionamiento físico del sector privado,0 a 5 personas,CALLE,MANUEL CAÑAS VILLA BRAZ,CALLE,VILLA BRUSUAL,CALLE,VILLA BERTHE,CALLE,VILLA CADIMA,NA,SN,NA,NA,NA,NA,COLONIA,DESARROLLO URBANO QUETZALCOATL,NA,NA,NA,09700,09,Ciudad de México,007,Iztapalapa,0001,Iztapalapa,305A,050,NA,NA,NA,Fijo,19.33380503,-99.04279787,2024-11
844356,09007713943001411000000000U3,GNOMOS GYM,NA,713943,Centros de acondicionamiento físico del sector privado,0 a 5 personas,CALLE,VILLAHERMOSA,CALLE,VILLA GENERAL MITRE,CALLE,VILLA FRANQUEZA,CALLE,REPUBLICAS,25,NA,NA,NA,NA,NA,COLONIA,DESARROLLO URBANO QUETZALCOATL,NA,NA,NA,09700,09,Ciudad de México,007,Iztapalapa,0001,Iztapalapa,3401,006,NA,NA,NA,Fijo,19.32312564,-99.03696247,2010-07
6738244,09002713943000843002000000U9,GO FITNESS,GO FITNESS,713943,Centros de acondicionamiento físico del sector privado,0 a 5 personas,AVENIDA,JARDIN,CALLE,FERROCARRIL CENTRAL,CERRADA,TERCERA JARDIN,CALLE,FERROCARRIL CENTRAL,330,NA,NA,19,8,SA,COLONIA,AMPLIACIÓN DEL GAS,CENTRO Y PLAZA COMERCIAL,PLAZA JARDIN,SA08,02950,09,Ciudad de México,002,Azcapotzalco,0001,Azcapotzalco,0542,003,NA,ATENCIONALCLIENTE@GOFITNESS.MX,WWW.GOFITNESS.MX,Fijo,19.46877682,-99.15942096,2016-10
680627,09002713943000495001000000U8,GO FITNESS,OPERFIT,713943,Centros de acondicionamiento físico del sector privado,31 a 50 personas,AVENIDA,AQUILES SERDAN,CALLE,OSA MAYOR,AVENIDA,EL ROSARIO,CALLE,CULTURA NORTE,1025,NA,NA,17,NA,NA,COLONIA,EL ROSARIO,CENTRO Y PLAZA COMERCIAL,TOWN CENTER,M 01,02430,09,Ciudad de México,002,Azcapotzalco,0001,Azcapotzalco,0928,009,NA,CLAUDIAMORENO@GOFITNESMX,WWW.GOFITNESS.MX,Fijo,19.50291025,-99.20513044,2014-12
926421,09010713943000563001000000U6,GO FITNESS ALTAVISTA,OPERFIT,713943,Centros de acondicionamiento físico del sector privado,31 a 50 personas,AVENIDA,REVOLUCION,CALLE,SAN CARLOS,AVENIDA,CAMINO AL DESIERTO DE LOS LEONES,CALLE,JOSE MARIA DE TERESA,1601,NA,NA,NA,NA,NA,COLONIA,SAN ÁNGEL,NA,NA,NA,01000,09,Ciudad de México,010,Álvaro Obregón,0001,Álvaro Obregón,1114,018,NA,INFOALTAVISTA@GOFITNESS.MX,WWW.GOFITNESS.COM.MX,Fijo,19.34902541,-99.1907622,2014-12
872656,09014711212000041001000000U7,GO FITNESS GIMNASIO,OPERFIT,713943,Centros de acondicionamiento físico del sector privado,0 a 5 personas,EJE VIAL,3 PONIENTE AVENIDA COYOACAN,CALLE,MATIAS ROMERO,CALLE,PILARES,CALLE,ADOLFO PRIETO,1051,NA,NA,NA,NA,NA,COLONIA,DEL VALLE CENTRO,NA,NA,NA,03100,09,Ciudad de México,014,Benito Juárez,0001,Benito Juárez,0609,005,5553894040,NA,WWW.GOFITNESS.MX,Fijo,19.3796655,-99.16906086,2011-03
715031,09007713943001853002000000U6,GO FITNESS PLAZA CENTRAL,OPERFIT,713943,Centros de acondicionamiento físico del sector privado,51 a 100 personas,EJE VIAL,4 ORIENTE RIO CHURUBUSCO,EJE VIAL,5 SUR (LEYES DE REFORMA),CALLE,NINGUNO,EJE VIAL,5 SUR (LEYES DE REFORMA),1635,NA,PRIMER NIVEL,17,4,SA,ZONA FEDERAL,CENTRAL DE ABASTO,CENTRO Y PLAZA COMERCIAL,PLAZA CENTRAL,SA04,09040,09,Ciudad de México,007,Iztapalapa,0001,Iztapalapa,2475,010,5591291133,INFOPLAZACENTRAL@GOFITNESS.MX,WWW.GOFITNES.MX,Fijo,19.37686551,-99.09661302,2014-12
10340555,09016713943001633000000000U3,GO FITNESS POLANCO,OPERFIT,713943,Centros de acondicionamiento físico del sector privado,11 a 30 personas,AVENIDA,GENERAL MARIANO ESCOBEDO,CALLE,LAGUNA DE TERMINOS,CALLE,LAGO BOLSENA,CALLE,LAGO COMO,151,NA,NA,NA,NA,NA,COLONIA,GRANADA,NA,NA,NA,11520,09,Ciudad de México,016,Miguel Hidalgo,0001,Miguel Hidalgo,0478,006,NA,INFOPOLANCO@GOFITNESS.MX,NA,Fijo,19.44452373,-99.1829998,2024-11
9995917,09013713943001971000000000U4,GO TENNIS ACADEMY,NA,713943,Centros de acondicionamiento físico del sector privado,0 a 5 personas,OTRO(ESPECIFIQUE),CANAL,CALLE,NINGUNO,OTRO(ESPECIFIQUE),NINGUNO,OTRO(ESPECIFIQUE),NINGUNO,2000,NA,NA,1,NA,NA,COLONIA,TLACOAPA,PARQUE RECREATIVO,DEPORTIVO CUEMANCO XOCHIMILCO,2000,16000,09,Ciudad de México,013,Xochimilco,0001,Xochimilco,1277,003,5565594106,GOTENNIS.A@GMAIL.COM,NA,Fijo,19.30004827,-99.10049308,2024-11
796608,09005713943000301000000000U1,GOLDEM GYM,NA,713943,Centros de acondicionamiento físico del sector privado,0 a 5 personas,EJE VIAL,3 ORIENTE AVENIDA INGENIERO EDUARDO MOLINA,CALLE,ORIENTE 119,AVENIDA,VICTORIA ORIENTE (ORIENTE 117),CALLE,NORTE 76-A,6006,NA,NA,NA,NA,NA,COLONIA,ARAGÓN INGUARÁN,NA,NA,NA,07830,09,Ciudad de México,005,Gustavo A. Madero,0001,Gustavo A. Madero,1862,019,5510070605,NA,NA,Fijo,19.46716322,-99.10311894,2010-07
11522582,09004713943001041000000000U5,GOLDEN GYM,NA,713943,Centros de acondicionamiento físico del sector privado,0 a 5 personas,CALLE,ESTRELLA DE BELEN,CALLE,CONSTITUYENTE HECTOR VICTORIA,CALLE,25 DE DICIEMBRE,CALLE,NOCHE BUENA,2,NA,NA,NA,NA,NA,COLONIA,GRANJAS NAVIDAD,NA,NA,NA,05210,09,Ciudad de México,004,Cuajimalpa de Morelos,0001,Cuajimalpa de Morelos,002A,003,5611401850,NA,NA,Fijo,19.37511822,-99.28486065,2024-11
11420067,09004713943000921000000000U9,GOLDEN GYM,ABRAHAM LOPEZ,713943,Centros de acondicionamiento físico del sector privado,0 a 5 personas,CALLE,HIDALGO,CALLE,EMILIANO ZAPATA,CALLE,ZARAGOZA,CALLE,MATAMOROS,11,NA,NA,NA,NA,NA,COLONIA,SAN MATEO TLALTENANGO,NA,NA,NA,05600,09,Ciudad de México,004,Cuajimalpa de Morelos,0001,Cuajimalpa de Morelos,0138,013,NA,NA,NA,Fijo,19.34161281,-99.27991645,2024-11
10197131,09005713943004761000000000U2,GOLDEN SPORT CLUB,NA,713943,Centros de acondicionamiento físico del sector privado,0 a 5 personas,AVENIDA,RIO GUADALUPE,CALLE,NINGUNO,CALLE,CALLEJON PEDRO NEGRETE,PRIVADA,PEDRO NEGRETE,210,NA,NA,NA,NA,NA,PUEBLO,SAN JUAN DE ARAGÓN,NA,NA,NA,07950,09,Ciudad de México,005,Gustavo A. Madero,0001,Gustavo A. Madero,3074,016,NA,GOLDENSPORTCLUB@HOTMAIL.COM,NA,Fijo,19.47037149,-99.08853779,2024-11
872274,09015713943000762000000000U3,GOOLDY GYM CLUB,NA,713943,Centros de acondicionamiento físico del sector privado,0 a 5 personas,CIRCUITO,INTERIOR INSTITUTO TECNICO INDUSTRIAL,CALLE,SALVADOR DIAZ MIRON,CALLE,PRIMERA CERRADA DE LA SEXTA DE NOGAL,CALLE,NOGAL,187,NA,NA,NA,NA,NA,COLONIA,SANTA MARÍA LA RIBERA,NA,NA,NA,06400,09,Ciudad de México,015,Cuauhtémoc,0001,Cuauhtémoc,0466,014,NA,NA,NA,Fijo,19.450377,-99.16405826,2010-07
787242,09006713943000321000000000U7,GORILAS GYM,NA,713943,Centros de acondicionamiento físico del sector privado,0 a 5 personas,CALLE,SUR 109,CALLE,NITLA,CALLE,PROLONGACION ORIENTE 100-A,CALLE,SUR 105,2422,NA,NA,NA,NA,NA,COLONIA,TLAZINTLA,NA,NA,NA,08710,09,Ciudad de México,006,Iztacalco,0001,Iztacalco,0414,013,NA,NA,NA,Fijo,19.39587526,-99.11031439,2010-07
794481,09005713943001382002000000U0,GORILAS GYM,NA,713943,Centros de acondicionamiento físico del sector privado,0 a 5 personas,CALLE,NORTE 86 A,CALLE,ORIENTE 81,CALLE,ORIENTE 83,CALLE,NORTE 88,4231,NA,NA,NA,NA,NA,COLONIA,LA MALINCHE,NA,NA,NA,07899,09,Ciudad de México,005,Gustavo A. Madero,0001,Gustavo A. Madero,2288,013,5557511254,NA,NA,Fijo,19.45264828,-99.10414771,2010-07
7905010,09007713943004561000000000U2,GORILLAS CROSS FIT,NA,713943,Centros de acondicionamiento físico del sector privado,0 a 5 personas,AVENIDA,BENITO JUAREZ,CALLE,ANA KARENINA,CALLE,LAZARILLO DE TORMES,CALLE,FRANCISCO I. MADERO,53,NA,NA,NA,NA,NA,COLONIA,PROGRESISTA,NA,NA,NA,09240,09,Ciudad de México,007,Iztapalapa,0001,Iztapalapa,1015,014,5542981690,GORILLASCROSSFIT@GMAIL.COM,NA,Fijo,19.35590942,-99.06674004,2019-11
978692,09003713943000081000000000U4,GORYLAS GYM,NA,713943,Centros de acondicionamiento físico del sector privado,0 a 5 personas,CALLE,ROSA MARIA SEQUEIRA,CALLE,PRIVADA SEQUEIRA,CALLE,MANUELA SAENZ,CALLE,1A PRIVADA DE ROSA MARIA SEQUEIRA,140,NA,NA,17,NA,NA,UNIDAD HABITACIONAL,CULHUACÁN CTM SECCIÓN VI,CENTRO Y PLAZA COMERCIAL,PLAZA CULHUACAN,140,04480,09,Ciudad de México,003,Coyoacán,0001,Coyoacán,1270,039,5528406678,GORYLASGYM@GMAIL.COM,NA,Fijo,19.32453788,-99.11889118,2010-07
11409332,09014713943002311000000000U0,GRECON ART HOUSE,CONSTANTINO ESCOBAR,713943,Centros de acondicionamiento físico del sector privado,0 a 5 personas,CALLE,PRIMERA CERRADA ADOLFO PRIETO,CALLE,MIER Y PESADO,CALLE,ADOLFO PRIETO,EJE VIAL,4 SUR (RAFAEL DONDE),118,NA,NA,NA,NA,NA,COLONIA,DEL VALLE NORTE,NA,NA,NA,03100,09,Ciudad de México,014,Benito Juárez,0001,Benito Juárez,005A,008,NA,GENCONARTHOUSE@OUTLOOK.COM,WWW.GRECONARTHOUSE.COM.MX,Fijo,19.39884052,-99.1650351,2024-11
10151458,09007713943007641000000000U9,GRIZZLYS GYM,NA,713943,Centros de acondicionamiento físico del sector privado,0 a 5 personas,CALLE,FELIPE ANGELES,CALLE,PLAN DE AYALA,AVENIDA,20 DE NOVIEMBRE,CALLE,FILOMENO MATA,NA,SN,NA,NA,NA,NA,COLONIA,SANTA MARÍA AZTAHUACAN,NA,NA,NA,09570,09,Ciudad de México,007,Iztapalapa,0001,Iztapalapa,1513,005,NA,NA,NA,Fijo,19.35059101,-99.03275496,2024-11
10489689,09008713944000151000000000U2,GRUPO DE ADULTOS MAYORES MAGDALENA CONTRERAS,ALCALDIA LA MAGDALENA CONTRERAS,713944,Centros de acondicionamiento físico del sector público,0 a 5 personas,CALLE,NARDO,CALLE,BUGAMBILIA,AVENIDA,SAN JERONIMO,CALLE,NUBE,24,NA,NA,NA,NA,NA,COLONIA,LOMAS QUEBRADAS,NA,NA,NA,10000,09,Ciudad de México,008,La Magdalena Contreras,0001,La Magdalena Contreras,0245,016,NA,NA,NA,Fijo,19.31255435,-99.24270715,2024-11
755180,09016713943000542001000000U7,GYM,CESAR ROMERO,713943,Centros de acondicionamiento físico del sector privado,0 a 5 personas,CALLE,MAR OKHOTSK,CALZADA,MEXICO TACUBA,CALLE,MAR MEDITERRANEO,CALLE,MAR ARABIGO,3,NA,NA,NA,2,NA,COLONIA,TACUBA,NA,NA,NA,11410,09,Ciudad de México,016,Miguel Hidalgo,0001,Miguel Hidalgo,0054,003,NA,NA,NA,Fijo,19.45946758,-99.18693111,2010-07
9783992,09003713943002811000000000U2,GYM,NA,713943,Centros de acondicionamiento físico del sector privado,0 a 5 personas,CALLE,ACATEMPA,CALLE,AHUEJOTE,CALLE,CANAHUTLI,CALLE,AHUANUSCO,133,NA,NA,NA,NA,NA,COLONIA,PEDREGAL DE SANTO DOMINGO,NA,NA,NA,04369,09,Ciudad de México,003,Coyoacán,0001,Coyoacán,0802,001,NA,NA,NA,Fijo,19.32325827,-99.16701062,2024-11
11665278,09007713943007041000000000U2,GYM,GYM,713943,Centros de acondicionamiento físico del sector privado,0 a 5 personas,CALLE,JUSTO SIERRA,CALLE,JAVIER MINA,CALLE,MARIANO MATAMOROS,AVENIDA,5 DE MAYO,5,NA,NA,NA,NA,NA,COLONIA,SANTA CRUZ MEYEHUALCO,NA,NA,NA,09700,09,Ciudad de México,007,Iztapalapa,0001,Iztapalapa,1763,025,NA,NA,NA,Fijo,19.34292578,-99.03438403,2024-11
11515903,09006713943001571000000000U6,GYM,GYM,713943,Centros de acondicionamiento físico del sector privado,0 a 5 personas,CIRCUITO,INTERIOR AVENIDA RIO CHURUBUSCO,CALLE,ORIENTE 106,CALLE,ORIENTE 108,CALLE,SUR 137,2106,NA,NA,NA,NA,NA,COLONIA,GABRIEL RAMOS MILLÁN,NA,NA,NA,08730,09,Ciudad de México,006,Iztacalco,0001,Iztacalco,0630,027,NA,NA,NA,Fijo,19.39223146,-99.10028424,2024-11
790689,09006713943000111000000000U2,GYM,NA,713943,Centros de acondicionamiento físico del sector privado,0 a 5 personas,EJE VIAL,5 SUR PLAYA VILLA DEL MAR,CALLE,PLAYA LANGOSTA,CALLE,PLAYA HORNOS,CALLE,ANDADOR SUR,35,NA,NA,NA,NA,NA,COLONIA,MILITAR MARTE,NA,NA,NA,08830,09,Ciudad de México,006,Iztacalco,0001,Iztacalco,0950,011,NA,NA,NA,Fijo,19.38172325,-99.13304268,2010-07
8327098,09015713943002201001000000U0,GYM 24 HRS,GYM 24 HRS,713943,Centros de acondicionamiento físico del sector privado,6 a 10 personas,AVENIDA,NUEVO LEON,CALLE,LAREDO,AVENIDA,MICHOACAN,AVENIDA,AMSTERDAM,94,NA,NA,NA,NA,NA,COLONIA,HIPÓDROMO,NA,NA,NA,06100,09,Ciudad de México,015,Cuauhtémoc,0001,Cuauhtémoc,1197,005,NA,NA,NA,Fijo,19.41176139,-99.17210309,2019-11
11038365,09012713943003021000000000U8,GYM 28,TEMOZON,713943,Centros de acondicionamiento físico del sector privado,0 a 5 personas,CALLE,TEMOZON,CALLE,CONKAL,CALLE,FERROCARRIL DE CUERNAVACA,CALLE,SUMA,28,NA,NA,NA,NA,NA,COLONIA,CHICHICASPATL,NA,NA,NA,14100,09,Ciudad de México,012,Tlalpan,0001,Tlalpan,077A,022,NA,NA,NA,Fijo,19.27997076,-99.24316753,2024-11
10251578,09012713943002851000000000U9,GYM A.F.G,NA,713943,Centros de acondicionamiento físico del sector privado,0 a 5 personas,CALLE,TLALOC,CALLE,CALLEJON XICOHTENCATL,CALLE,ACAMAPIXTLI,CALLE,ACAMAPIXTLI,NA,SN,NA,NA,NA,NA,COLONIA,LA VENTA SAN MIGUEL AJUSCO,NA,NA,NA,14700,09,Ciudad de México,012,Tlalpan,0026,San Miguel Ajusco,2403,018,NA,NA,NA,Fijo,19.21678841,-99.18453165,2024-11
986721,09013713943000411001000000U2,GYM ACROPOLIS,NA,713943,Centros de acondicionamiento físico del sector privado,0 a 5 personas,CALLE,PLAN DE MUYUGUARDA,CALLE,REFORMA LABORAL,CALLE,CONSTITUCION DE 1857,CALLE,PLAN DE SAN LUIS,NA,SN,NA,NA,NA,NA,COLONIA,SAN LORENZO LA CEBADA,NA,NA,NA,16035,09,Ciudad de México,013,Xochimilco,0001,Xochimilco,1224,043,5592832570,NA,NA,Fijo,19.28174729,-99.11669956,2010-07
7268214,09006713943001131000000000U9,GYM AEROBEAT ACONDICIONAMIENTO FISICO,NA,713943,Centros de acondicionamiento físico del sector privado,0 a 5 personas,EJE VIAL,5 ORIENTE JAVIER ROJO GOMEZ,AVENIDA,SUR 8,CALLE,SUR 12,CALLE,ORIENTE 237,NA,SN,NA,1,NA,NA,COLONIA,AGRÍCOLA ORIENTAL,PARQUE RECREATIVO,CENTRO SOCIAL POPULAR Y DEPORTIVO LEANDRO VALLE,SN,08500,09,Ciudad de México,006,Iztacalco,0001,Iztacalco,0325,014,5516795725,NA,NA,Fijo,19.39861778,-99.07248961,2019-11
10666975,09007713943007711000000000U0,GYM ALBATROS,GYM ALBATROS,713943,Centros de acondicionamiento físico del sector privado,0 a 5 personas,CALLE,GENERAL HERIBERTO JARA,CALLE,PROFESOR MARCELINO CEDANO,AVENIDA,REVOLUCION SOCIAL,CALLE,GENERAL ANTONIO NORZAGARAY,NA,SN,NA,NA,NA,NA,COLONIA,CONSTITUCIÓN DE 1917,NA,NA,NA,09260,09,Ciudad de México,007,Iztapalapa,0001,Iztapalapa,127A,019,NA,NA,NA,Fijo,19.35254848,-99.05792444,2024-11
733333,09007713943004021000000000U7,GYM ALBERT S,NA,713943,Centros de acondicionamiento físico del sector privado,0 a 5 personas,CALLE,CIUDAD DE OBREGON,CALLE,AVELLANO,CALLE,NUEVO LEON,CALLE,RANCHO SECO,328,L22,NA,NA,0,L 22,COLONIA,MIGUEL DE LA MADRID HURTADO,NA,NA,NA,09698,09,Ciudad de México,007,Iztapalapa,0001,Iztapalapa,5304,018,NA,NA,NA,Fijo,19.34169231,-99.00295638,2014-12
8305830,09007713943004161001000000U1,GYM ALTO PODER,NA,713943,Centros de acondicionamiento físico del sector privado,6 a 10 personas,AVENIDA,CUAUHTEMOC,CALLE,TRANSFIGURACION,CALLE,IZTACCIHUATL,CALLE,CERRADA CUITLAHUAC,40,NA,NA,NA,NA,NA,COLONIA,SAN LORENZO,NA,NA,NA,09900,09,Ciudad de México,007,Iztapalapa,0001,Iztapalapa,216A,001,NA,NA,NA,Fijo,19.30274466,-99.06933463,2019-11
668100,09005713943001482100000000U8,GYM AND FITNESS M&M,NA,713943,Centros de acondicionamiento físico del sector privado,0 a 5 personas,CALLE,NORTE 23 A,EJE VIAL,5 NORTE (MONTEVIDEO),CALLE,PONIENTE 134,CALLE,NORTE 25,68,NA,NA,NA,NA,NA,COLONIA,NUEVA VALLEJO,NA,NA,NA,07720,09,Ciudad de México,005,Gustavo A. Madero,0001,Gustavo A. Madero,0883,008,5547784536,NA,NA,Fijo,19.49339843,-99.14883122,2010-07
921467,09004713943000441000000000U8,GYM AND SQUASH,EDUARDO MALDONADO,713943,Centros de acondicionamiento físico del sector privado,0 a 5 personas,CERRADA,NINGUNO,CALLE,EMILIANO ZAPATA,CERRADA,PALMA DE MALLORCA,CALLE,PROLONGACION ABASOLO,1,NA,NA,NA,NA,NA,COLONIA,SAN MATEO TLALTENANGO,NA,NA,NA,05600,09,Ciudad de México,004,Cuajimalpa de Morelos,0001,Cuajimalpa de Morelos,0373,017,NA,NA,NA,Fijo,19.34385531,-99.27057456,2014-12
8138844,09007713943006031000000000U4,GYM ANIMAL,NA,713943,Centros de acondicionamiento físico del sector privado,0 a 5 personas,CALLE,MARIANO MATAMOROS,AVENIDA,5 DE MAYO,CALLE,JUSTO SIERRA,CALLE,JUSTO SIERRA,78,NA,NA,NA,NA,NA,COLONIA,SANTA CRUZ MEYEHUALCO,NA,NA,NA,09700,09,Ciudad de México,007,Iztapalapa,0001,Iztapalapa,1763,025,5532058758,NA,NA,Fijo,19.34327835,-99.03610251,2019-11
8436162,09007713943004981000000000U2,GYM ANTONOV,NA,713943,Centros de acondicionamiento físico del sector privado,0 a 5 personas,CALLE,JUAN LESLIE,CALLE,CARLOS BENZ,CALLE,SAMUEL F. B. MORSE,CALLE,EDUARDO BRANLEY,24,NA,NA,NA,NA,NA,COLONIA,FUEGO NUEVO,NA,NA,NA,09800,09,Ciudad de México,007,Iztapalapa,0001,Iztapalapa,1852,007,5556883278,NA,GYMANTONOV.COM.MX,Fijo,19.33159127,-99.10346678,2019-11
10250527,09007713943008011000000000U4,GYM ANUBIS,NA,713943,Centros de acondicionamiento físico del sector privado,0 a 5 personas,AVENIDA,AÑO DE JUAREZ,ANDADOR,COLORINES,CALLE,4,CALLE,TERCER ANILLO DE CIRCUNVALACION,NA,SN,NA,NA,NA,NA,COLONIA,GRANJAS DE SAN ANTONIO,NA,NA,NA,09070,09,Ciudad de México,007,Iztapalapa,0001,Iztapalapa,0727,002,NA,NA,NA,Fijo,19.36085564,-99.10806574,2024-11
11741185,09009713943000702000000000U2,GYM ARSENAL EVOLUTION FITNESSS,DANIEL CRUZ,713943,Centros de acondicionamiento físico del sector privado,6 a 10 personas,CALLE,5 DE MAYO (CARRETERA A TECÓMITL),CALLE,20 de Noviembre,CALLE,Las Cruces,CALLE,Ninguno,293,NA,NA,NA,NA,NA,PUEBLO,SAN ANTONIO TECOMITL,NA,NA,NA,12100,09,Ciudad de México,009,Milpa Alta,0011,San Antonio Tecómitl,0435,027,5589250120,NA,NA,Fijo,19.21593353,-98.98330059,2025-04
9754737,09006713943001521000000000U1,GYM ARYAN,NA,713943,Centros de acondicionamiento físico del sector privado,0 a 5 personas,CALLE,SABINOS,VIADUCTO,RIO DE LA PIEDAD,CERRADA,CANAL NACIONAL,CALZADA,CALZADA DE LA VIGA,54,NA,NA,NA,NA,NA,COLONIA,SANTA ANITA,NA,NA,NA,08300,09,Ciudad de México,006,Iztacalco,0001,Iztacalco,0255,005,NA,NA,NA,Fijo,19.40393429,-99.12322862,2024-11
803063,09006713943000492002000000U6,GYM ATHLETHAS,NA,713943,Centros de acondicionamiento físico del sector privado,0 a 5 personas,EJE VIAL,5 ORIENTE JAVIER ROJO GOMEZ,CALLE,SUR 20,CALLE,SUR 24,CALLE,ORIENTE 239-C,403,NA,NA,NA,NA,NA,COLONIA,AGRÍCOLA ORIENTAL,NA,NA,NA,08500,09,Ciudad de México,006,Iztacalco,0001,Iztacalco,0518,008,NA,NA,NA,Fijo,19.39090485,-99.07423592,2010-07
1009310,09012713943000371000000000U0,GYM ATLANTA,NA,713943,Centros de acondicionamiento físico del sector privado,0 a 5 personas,CARRETERA,FEDERAL MEXICO CUERNAVACA,CERRADA,SEGUNDO JAGUEY,CALLE,CALLE DE LAS TORRES,CALLE,SEGUNDO DE LAS TORRES,NA,SN,NA,NA,NA,NA,PUEBLO,MARÍA ESTHER ZUNO DE ECHEVERRÍA,NA,NA,NA,14400,09,Ciudad de México,012,Tlalpan,0001,Tlalpan,1744,045,NA,NA,NA,Fijo,19.25869056,-99.17373657,2014-12
644185,09005713943001061000000000U0,GYM AZTK,NA,713943,Centros de acondicionamiento físico del sector privado,0 a 5 personas,AVENIDA,ADOLFO LOPEZ MATEOS,AVENIDA,ADOLFO LOPEZ MATEOS (AVENIDA CUAUTEPEC),CALLE,LAZARO CARDENAS,CALLE,MANUEL AVILA CAMACHO,1,NA,NA,NA,NA,NA,COLONIA,BENITO JUÁREZ,NA,NA,NA,07240,09,Ciudad de México,005,Gustavo A. Madero,0001,Gustavo A. Madero,0262,020,5591730165,AZTKGYM023@GMAIL.COM,NA,Fijo,19.53086078,-99.1419046,2010-07
7732820,09015713943001952001000000U9,GYM BARBUX,CHRISTIAN RODRIGUEZ,713943,Centros de acondicionamiento físico del sector privado,0 a 5 personas,EJE VIAL,3 PONIENTE MEDELLIN,CALLE,QUINTANA ROO,CALLE,TEHUANTEPEC,CALLE,MONCLOVA,307,NA,NA,NA,NA,NA,COLONIA,ROMA SUR,NA,NA,NA,06760,09,Ciudad de México,015,Cuauhtémoc,0001,Cuauhtémoc,145A,019,5510791210,BARBULLS.CF@GMAIL.COM,NA,Fijo,19.40550431,-99.16308544,2019-11
794562,09006713943000301001000000U9,GYM BARRERA,NA,713943,Centros de acondicionamiento físico del sector privado,6 a 10 personas,CALLE,SUR 115 A,CALLE,ORIENTE 108,AVENIDA,RECREO,CALLE,SUR 117,NA,SN,NA,NA,NA,NA,COLONIA,JUVENTINO ROSAS,NA,NA,NA,08700,09,Ciudad de México,006,Iztacalco,0001,Iztacalco,0611,009,5556497908,NA,NA,Fijo,19.39273899,-99.10692842,2010-07
721810,09007713943002871000000000U7,GYM BARRIO FITNESS,NA,713943,Centros de acondicionamiento físico del sector privado,0 a 5 personas,AVENIDA,LUIS HIDALGO MONROY,CALLE,RAFAEL GARCIA MORENO,CALLE,CONCEPCION ALVAREZ,EJE VIAL,8 SUR (CALZADA ERMITA IZTAPALAPA),309,NA,NA,NA,NA,NA,COLONIA,SAN MIGUEL,NA,NA,NA,09360,09,Ciudad de México,007,Iztapalapa,0001,Iztapalapa,4927,001,NA,NA,NA,Fijo,19.35625194,-99.08122275,2014-12
8563996,09010713944000081000000000U7,GYM BARRIO NORTE,DEMARCACION TERRITORIAL ALVARO OBREGON - GOBIERNO DE LA CIUDAD DE MEXICO,713944,Centros de acondicionamiento físico del sector público,0 a 5 personas,CALLE,MINAS,CERRADA,TERCERA DE MINAS,CALLE,NICANOR ARVIDE,CERRADA,TERCERA DE MINAS,NA,SN,NA,NA,NA,NA,COLONIA,ARVIDE,NA,NA,NA,01280,09,Ciudad de México,010,Álvaro Obregón,0001,Álvaro Obregón,2108,025,NA,NA,NA,Fijo,19.38101442,-99.20344922,2019-11
9641486,09006713943001461000000000U0,GYM BE STRONGE,NA,713943,Centros de acondicionamiento físico del sector privado,0 a 5 personas,CALLE,ORIENTE 221,EJE VIAL,3 SUR (FERROCARRIL DE RIO FRIO),CALLE,SUR 20,CALLE,ORIENTE 223,NA,SN,NA,NA,NA,NA,COLONIA,AGRÍCOLA ORIENTAL,NA,NA,NA,08500,09,Ciudad de México,006,Iztacalco,0001,Iztacalco,0503,003,NA,NA,NA,Fijo,19.3925531,-99.08310811,2024-11
10221936,09011713943002231000000000U6,GYM BE-FIT,NA,713943,Centros de acondicionamiento físico del sector privado,0 a 5 personas,CALLE,MARIA DOLORES OBREGON,CALLE,MODESTA AYALA,CALLE,JOSE MARIA CAMACHO,CALLE,FRANCISCO VILLA,11,LT14,NA,NA,NA,NA,COLONIA,SAN SEBASTIAN,NA,NA,NA,13093,09,Ciudad de México,011,Tláhuac,0001,Tláhuac,1484,031,NA,NA,NA,Fijo,19.25704655,-99.0045118,2024-11
10609242,09011713943002201000000000U9,GYM BE-FIT,NA,713943,Centros de acondicionamiento físico del sector privado,0 a 5 personas,CALLE,MARIA DOLORES OBREGON,CALLE,MODESTA AYALA,CALLE,JOSE MARIA CAMACHO,CALLE,FRANCISCO VILLA,36,NA,NA,NA,NA,NA,COLONIA,SAN SEBASTIAN,NA,NA,NA,13093,09,Ciudad de México,011,Tláhuac,0001,Tláhuac,1484,031,NA,NA,NA,Fijo,19.25703504,-99.00447444,2024-11
834588,09007713943000731000000000U5,GYM BETOS,NA,713943,Centros de acondicionamiento físico del sector privado,0 a 5 personas,CALLE,ARBOL,CALLE,NOCHE BUENA,CALLE,GERANIOS,OTRO(ESPECIFIQUE),NINGUNO,31,MZ 27LT31,NA,NA,NA,NA,COLONIA,LOMAS DE SAN LORENZO,NA,NA,NA,09780,09,Ciudad de México,007,Iztapalapa,0001,Iztapalapa,2047,034,5592781983,NA,NA,Fijo,19.31542742,-99.06106486,2010-07
10703493,09003713943002481000000000U4,GYM BLACK MASTER,ERICK MANCILLA,713943,Centros de acondicionamiento físico del sector privado,0 a 5 personas,CALLE,SAN JULIO,CALLE,SAN HERMILO,AVENIDA,SANTA URSULA,CALLE,SAN PERFECTO,1,MANZANA 625 LOTE 1,NA,NA,NA,NA,COLONIA,PEDREGAL DE SANTA ÚRSULA,NA,NA,NA,04600,09,Ciudad de México,003,Coyoacán,0001,Coyoacán,0997,025,NA,NA,NA,Fijo,19.30915053,-99.14893758,2024-11
8725734,09006713943000991000000000U7,GYM BODY ART,NA,713943,Centros de acondicionamiento físico del sector privado,0 a 5 personas,AVENIDA,PROLONGACION PLAYA ERIZO,CALLE,PLAYA MOCAMBO,EJE VIAL,2 ORIENTE (CALZADA DE LA VIGA),CALLE,PLAYA ROQUETA,NA,SN,NA,NA,NA,NA,BARRIO,SANTIAGO SUR,NA,NA,NA,08800,09,Ciudad de México,006,Iztacalco,0001,Iztacalco,0908,004,NA,NA,NA,Fijo,19.38573423,-99.12393503,2019-11
772998,09005713943002631000000000U9,GYM BODY FITNESS,NA,713943,Centros de acondicionamiento físico del sector privado,0 a 5 personas,CALLE,EMILIANO ZAPATA,CALLE,PACHUCA,AVENIDA,VILLA DE AYALA,CALLE,RIO GRANDE,3774,NA,NA,NA,NA,NA,COLONIA,SAN FELIPE DE JESÚS,NA,NA,NA,07510,09,Ciudad de México,005,Gustavo A. Madero,0001,Gustavo A. Madero,1190,014,5636730431,NA,NA,Fijo,19.49257044,-99.08487548,2014-12
840006,09007713943002351000000000U0,GYM BODY SHAPE,JUAN SALAS,713943,Centros de acondicionamiento físico del sector privado,0 a 5 personas,CALLE,MANUEL CAÑAS VILLA BRAZ,CALLE,MANUEL CAÑAS (VILLA BRAZ),CALLE,VILLA DEL REY,CALLE,VILLA CAMPA,20,LT26,NA,NA,0,MZ 20 LT 26,COLONIA,DESARROLLO URBANO QUETZALCOATL,NA,NA,NA,09700,09,Ciudad de México,007,Iztapalapa,0001,Iztapalapa,3079,017,NA,NA,WWW.BODYSHANE.COM,Fijo,19.33085867,-99.04280106,2010-07
855383,09012713943000091001000000U4,GYM BODY Y SHAPE,NA,713943,Centros de acondicionamiento físico del sector privado,6 a 10 personas,CALLE,MICHOACAN,CALLE,EMILIANO ZAPATA,CALLE,CORREGIDORA,CALLE,QUERETARO,86,MZ 86 LT 15,NA,NA,NA,NA,COLONIA,MIGUEL HIDALGO,NA,NA,NA,14260,09,Ciudad de México,012,Tlalpan,0001,Tlalpan,091A,011,NA,NA,NA,Fijo,19.28798507,-99.18491935,2010-07
9967975,09015713943002951000000000U0,GYM BOXING EXPLORA TRAINING,NA,713943,Centros de acondicionamiento físico del sector privado,0 a 5 personas,CALLE,DELICIAS,CALLE,BUEN TONO,CALLE,LUIS MOYA,AVENIDA,ARCOS DE BELEN,21,NA,NA,NA,NA,NA,COLONIA,CENTRO,NA,NA,NA,06070,09,Ciudad de México,015,Cuauhtémoc,0001,Cuauhtémoc,0875,004,NA,NA,NA,Fijo,19.42806136,-99.14379532,2024-11
11298130,09007713943007011000000000U5,GYM BUM,NA,713943,Centros de acondicionamiento físico del sector privado,0 a 5 personas,CALLE,5,CALLE,21,CALLE,20,CALLE,4,19,MANZANA 46,NA,NA,NA,NA,COLONIA,JOSÉ LÓPEZ PORTILLO,NA,NA,NA,09920,09,Ciudad de México,007,Iztapalapa,0001,Iztapalapa,3488,006,5544617561,NA,NA,Fijo,19.30700866,-99.08280304,2024-11
10659450,09015713943003081000000000U5,GYM BY CUBIC,CUBIC IDEA COWORKING,713943,Centros de acondicionamiento físico del sector privado,0 a 5 personas,CALLE,COLIMA,CALLE,ORIZABA,CALLE,CORDOBA,CALLE,TABASCO,158,NA,NA,1,NA,NA,COLONIA,ROMA NORTE,EDIFICIO COMERCIAL Y DE SERVICIOS,COLIMA 158,SN,06700,09,Ciudad de México,015,Cuauhtémoc,0001,Cuauhtémoc,1002,012,NA,NA,NA,Fijo,19.41988368,-99.15957509,2024-11
8603546,09012713943001811001000000U4,GYM CAFBI,NA,713943,Centros de acondicionamiento físico del sector privado,6 a 10 personas,CALLE,OTOMIES,CALLE,CRISTOBAL COLON,CERRADA,OTOMIES,CERRADA,TEPEHUANOS,68,NA,NA,NA,NA,NA,COLONIA,CHIMALCOYOTL,NA,NA,NA,14630,09,Ciudad de México,012,Tlalpan,0001,Tlalpan,1123,004,5514515896,NA,WWW.CAFBI.COM.MX,Fijo,19.27573055,-99.17073846,2019-11
11251500,09005713943004581000000000U4,GYM CALIFORNIA,NA,713943,Centros de acondicionamiento físico del sector privado,0 a 5 personas,CALLE,RIO SAN JAVIER,CALLE,AGUILILLAS,CALLE,BUHO,CALLE,ARROYO LA ARMELLA,12,MZ 28,NA,NA,NA,NA,COLONIA,LUIS DONALDO COLOSIO,NA,NA,NA,07164,09,Ciudad de México,005,Gustavo A. Madero,0001,Gustavo A. Madero,2979,025,NA,NA,NA,Fijo,19.56052054,-99.1451141,2024-11
10013020,09017713943001721000000000U4,GYM CARDIO EVOLUCION,NA,713943,Centros de acondicionamiento físico del sector privado,0 a 5 personas,CALLE,TIZAYUCA,CALLE,PLOMEROS,CALLE,TALABARTEROS,CALLE,HUICHAPAN,5,NA,NA,NA,NA,NA,COLONIA,AMPLIACIÓN MICHOACANA,NA,NA,NA,15250,09,Ciudad de México,017,Venustiano Carranza,0001,Venustiano Carranza,0174,012,NA,NA,NA,Fijo,19.44710371,-99.11222653,2024-11
649699,09017713943000542002000000U5,GYM CARISTICO,NA,713943,Centros de acondicionamiento físico del sector privado,11 a 30 personas,CALLE,TANGER,CALLE,LIRAS,CALLE,FLORINES,CALLE,PUERTO ARTURO,130,NA,NA,NA,NA,NA,COLONIA,AQUILES SERDÁN,NA,NA,NA,15430,09,Ciudad de México,017,Venustiano Carranza,0001,Venustiano Carranza,0102,004,5526031615,NA,NA,Fijo,19.44775432,-99.090078020000007,2010-07
8386743,09010713944000181000000000U5,GYM CARLOS ALBERTO MADRAZO,GOBIERNO,713944,Centros de acondicionamiento físico del sector público,0 a 5 personas,CALLE,SIMON BOLIVAR,CALLE,VASCO DE QUIROGA,AVENIDA,VASCO DE QUIROGA,AVENIDA,VASCO DE QUIROGA,NA,SN,NA,NA,NA,NA,COLONIA,CARLOS A. MADRAZO,NA,NA,NA,01210,09,Ciudad de México,010,Álvaro Obregón,0001,Álvaro Obregón,1472,069,5571043048,NA,NA,Fijo,19.37878592,-99.24969233,2019-11
835457,09007713943000021002000000U1,GYM CARMONA,NA,713943,Centros de acondicionamiento físico del sector privado,6 a 10 personas,CALLE,JARABE,AVENIDA,BENITO JUAREZ (GERANIO),CALLE,NOCHEBUENA,CALLE,AGAPANDOS,NA,SN,NA,NA,NA,MANZANA 15 LOTE 4,COLONIA,EL ROSARIO,NA,NA,NA,09930,09,Ciudad de México,007,Iztapalapa,0001,Iztapalapa,2174,026,5580158899,NA,NA,Fijo,19.30426169,-99.06708987,2010-07
11794450,09007713943008131000000000U0,GYM CENTAURO,TONY GONZALES,713943,Centros de acondicionamiento físico del sector privado,0 a 5 personas,CALLE,NUEVO LEÓN,CALLE,Camino Real,CALLE,Baja California,CALLE,Sinaloa,6,NA,NA,NA,NA,NA,COLONIA,BUENAVISTA,NA,NA,NA,09700,09,Ciudad de México,007,Iztapalapa,0001,Iztapalapa,4096,001,NA,NA,NA,Fijo,19.32806785,-99.0309448,2025-04
786186,09007713943000151000000000U6,GYM CENTURY,NA,713943,Centros de acondicionamiento físico del sector privado,0 a 5 personas,CALLE,12,CALLE,SUR 23,CALLE,LA PURISIMA,CALLE,10,58,NA,NA,NA,NA,NA,COLONIA,LEYES DE REFORMA PRIMERA SECCIÓN,NA,NA,NA,09310,09,Ciudad de México,007,Iztapalapa,0001,Iztapalapa,0572,027,NA,NA,NA,Fijo,19.36383686,-99.07031197,2010-07
11375190,09007713943007781000000000U3,GYM COLOSO,NA,713943,Centros de acondicionamiento físico del sector privado,0 a 5 personas,CALZADA,NINGUNO,CALLE,JOSE PEON DEL VALLE,CALLE,ELPIDIO CANALES,CALLE,DIODORO BATALLA,336,NA,NA,NA,NA,NA,COLONIA,SANTA MARTHA ACATITLA SUR,NA,NA,NA,09510,09,Ciudad de México,007,Iztapalapa,0001,Iztapalapa,0619,023,5565337897,NA,NA,Fijo,19.37565254,-99.02098549,2024-11
9292763,09010463211007011011000000U3,GYM COMMANDO STUDIO FITNESS BOUTIQUE,FITNESS VENTURES,713943,Centros de acondicionamiento físico del sector privado,11 a 30 personas,PERIFERICO,BOULEVARD ADOLFO RUIZ CORTINES,CALLE,CORTINES,CALLE,MANZANA,CALLE,PICACHO,3720,NA,NA,18,NA,NA,COLONIA,JARDINES DEL PEDREGAL,CENTRO Y PLAZA COMERCIAL,ARTZ,242,01900,09,Ciudad de México,010,Álvaro Obregón,0001,Álvaro Obregón,128A,025,NA,NA,NA,Fijo,19.31437351,-99.22045264,2020-11
836469,09007611621001382000000000U1,GYM CONDE,NA,713943,Centros de acondicionamiento físico del sector privado,0 a 5 personas,CALLE,QUERETARO,CALLE,LERDO DE TEJADA,CALLE,AVILA CAMACHO,CALLE,JOSE A. MAYA,53,NA,NA,NA,NA,NA,COLONIA,LA ESPERANZA,NA,NA,NA,09910,09,Ciudad de México,007,Iztapalapa,0001,Iztapalapa,3914,022,5532697563,NA,NA,Fijo,19.311151980000002,-99.07917395,2010-07
872271,09015713943000111000000000U3,GYM CRISTAL Y ACERO,NA,713943,Centros de acondicionamiento físico del sector privado,0 a 5 personas,AVENIDA,RICARDO FLORES MAGON,CALLE,PERAL,CALLE,NOGAL,CALLE,PRIVADA LIMON,512,NA,NA,NA,NA,NA,COLONIA,SANTA MARÍA LA RIBERA,NA,NA,NA,06400,09,Ciudad de México,015,Cuauhtémoc,0001,Cuauhtémoc,0466,023,NA,NA,NA,Fijo,19.45550832,-99.16247928,2010-07
7299399,09010713943001601000000000U3,GYM CUARTO ROUN,NA,713943,Centros de acondicionamiento físico del sector privado,0 a 5 personas,CALLE,BONDONE GIOTTO,CALLE,ROSA BLANCA,CALLE,VAN OSTADE,CALLE,BONDONE GIOTTO,210,B,NA,NA,NA,NA,COLONIA,ALFONSO XIII,NA,NA,NA,01460,09,Ciudad de México,010,Álvaro Obregón,0001,Álvaro Obregón,0510,015,NA,NA,NA,Fijo,19.37593657,-99.19872122,2019-11
928291,09010713943001041000000000U2,GYM DANCE FUSION,DANIEL MALERVA,713943,Centros de acondicionamiento físico del sector privado,0 a 5 personas,CALLE,LUIS ECHEVERRIA,CERRADA,FLOR DE SAN JUAN,AVENIDA,29 DE OCTUBRE,CALLE,GLORIA,4,NA,NA,NA,3,C,COLONIA,TORRES DE POTRERO,NA,NA,NA,01840,09,Ciudad de México,010,Álvaro Obregón,0001,Álvaro Obregón,1684,020,5576626518,NA,NA,Fijo,19.32895585,-99.25538979,2014-12
801213,09007713943000571000000000U5,GYM DANCE STAR,NA,713943,Centros de acondicionamiento físico del sector privado,0 a 5 personas,ANDADOR,GREGORIO VELAZQUEZ,CALLE,ANDADOR 3 CONSTITUCION DE APATZINGAN,ANDADOR,JACINTO CAMPOS,ANDADOR,SIXTO VERDUZCO,29,NA,NA,NA,NA,NA,UNIDAD HABITACIONAL,ERMITA ZARAGOZA,NA,NA,NA,09180,09,Ciudad de México,007,Iztapalapa,0001,Iztapalapa,0888,022,5536937930,NA,NA,Fijo,19.3676378,-98.99359032,2010-07
10940785,09012713943002671000000000U1,GYM DE BOX,NA,713943,Centros de acondicionamiento físico del sector privado,0 a 5 personas,PERIFERICO,BOULEVARD ADOLFO RUIZ CORTINES,CALLE,7 ORIENTE,CALLE,8 ORIENTE,CALLE,PRIMERA NORTE,5376,NA,NA,NA,NA,NA,COLONIA,ISIDRO FABELA,NA,NA,NA,14030,09,Ciudad de México,012,Tlalpan,0001,Tlalpan,0163,010,NA,NA,NA,Fijo,19.30202105,-99.16986724,2024-11
1006087,09004611621000011000000000U4,GYM DE BOX RUDY PEREZ,NA,713943,Centros de acondicionamiento físico del sector privado,0 a 5 personas,AVENIDA,AVENIDA DE LOS BOSQUES,CERRADA,PRIMER RETORNO STIM,AVENIDA,STIM,CERRADA,TERCER RETORNO STIM,58,NA,NA,NA,0,G,COLONIA,LOMAS DE CHAMIZAL,NA,NA,NA,05129,09,Ciudad de México,004,Cuajimalpa de Morelos,0001,Cuajimalpa de Morelos,0176,015,5543315144,NA,NA,Fijo,19.3948679,-99.26005672,2010-07
9164257,09007713943006271000000000U6,GYM DE ENTRENAMIENTO SPORTING,NA,713943,Centros de acondicionamiento físico del sector privado,0 a 5 personas,CALLE,UNION DE COLONOS,CALLE,CEMPAZUCHITL,CALLE,CEDRO,CALLE,CEDRO,NA,SN,NA,NA,NA,LT11,COLONIA,SAN MIGUEL TEOTONGO SECCIÓN RANCHITO,NA,NA,NA,09630,09,Ciudad de México,007,Iztapalapa,0001,Iztapalapa,2668,008,5531003560,NA,NA,Fijo,19.34959678,-98.98920139,2019-11
11837611,09005713943005421000000000U2,GYM DEL BARRIO,NA,713943,Centros de acondicionamiento físico del sector privado,0 a 5 personas,CALLE,22,CALLE,Progreso Nacional,CALLE,28,CALLE,21,64,NA,NA,NA,NA,NA,COLONIA,PROGRESO NACIONAL,NA,NA,NA,07600,09,Ciudad de México,005,Gustavo A. Madero,0001,Gustavo A. Madero,0455,001,NA,NA,NA,Fijo,19.51785633,-99.15500139,2025-04
10112198,09004713943000961000000000U5,GYM DINASTIA VARGAS BOXING,NA,713943,Centros de acondicionamiento físico del sector privado,0 a 5 personas,AVENIDA,DESIERTO DE LOS LEONES,CERRADA,NINGUNO,CALLE,ACUEDUCTO,CALLE,PRIVADA MAXIMO SILVA,NA,SN,NA,NA,NA,NA,COLONIA,SANTA ROSA XOCHIAC,NA,NA,NA,01830,09,Ciudad de México,004,Cuajimalpa de Morelos,0001,Cuajimalpa de Morelos,0250,001,NA,NA,NA,Fijo,19.33031516,-99.29052757,2024-11
672610,09005713943002621000000000U0,GYM DONATTELO,NA,713943,Centros de acondicionamiento físico del sector privado,0 a 5 personas,CALLE,ESCUADRON 201,CALLE,PATRIA,CALLE,CALLE DEL PAIS,CALLE,21 DE MARZO,345,NA,NA,NA,NA,NA,COLONIA,SANTA MARÍA TICOMÁN,NA,NA,NA,07330,09,Ciudad de México,005,Gustavo A. Madero,0001,Gustavo A. Madero,0563,015,NA,NA,NA,Fijo,19.51586116,-99.13190695,2014-12
10161634,09007713943007902000000000U5,GYM DREAD FIT,NA,713943,Centros de acondicionamiento físico del sector privado,6 a 10 personas,CALLE,FELIPE ANGELES,CALLE,FRANCISCO VILLA,CALLE,MIGUEL HIDALGO,CALLE,FILOMENO MATA,NA,SN,NA,NA,NA,NA,COLONIA,SANTA MARÍA AZTAHUACAN,NA,NA,NA,09570,09,Ciudad de México,007,Iztapalapa,0001,Iztapalapa,1509,003,5585324439,NA,NA,Fijo,19.35132687,-99.03719626,2024-11
797209,09005713943000231000000000U0,GYM EHD,NA,713943,Centros de acondicionamiento físico del sector privado,0 a 5 personas,EJE VIAL,4 NORTE AVENIDA TALISMAN,CALLE,TEYOTL,EJE VIAL,2 ORIENTE (HONORABLE CONGRESO DE LA UNION),CALLE,CALLE DEL PARQUE,255,NA,NA,NA,NA,NA,COLONIA,ARAGÓN INGUARÁN,NA,NA,NA,07820,09,Ciudad de México,005,Gustavo A. Madero,0001,Gustavo A. Madero,1843,010,NA,NA,NA,Fijo,19.47337966,-99.10782134,2010-07
11134066,09007713943007891000000000U0,GYM EL NUEVO ANGEL,NA,713943,Centros de acondicionamiento físico del sector privado,0 a 5 personas,AVENIDA,INSURGENTE EUGENIO JIRON,CALLE,IGNACIO CRUCES,CALLE,IRINEO LEIJA,AVENIDA,PUENTE RAMIREZ (DOMINGO RAMIREZ),203,NA,NA,NA,NA,NA,COLONIA,PARAJE SAN JUAN,NA,NA,NA,09830,09,Ciudad de México,007,Iztapalapa,0001,Iztapalapa,2812,003,NA,NA,NA,Fijo,19.33996446,-99.06877143,2024-11
807897,09007713943001391000000000U7,GYM ELEPHUNK,NA,713943,Centros de acondicionamiento físico del sector privado,0 a 5 personas,CALLE,ESTRELLA,CALZADA,AMPLIACION ERMITA IZTAPALAPA,EJE VIAL,8 SUR (CALZADA ERMITA IZTAPALAPA),EJE VIAL,8 SUR (CALZADA ERMITA IZTAPALAPA),64,NA,NA,NA,NA,NA,BARRIO,SAN PABLO,NA,NA,NA,09000,09,Ciudad de México,007,Iztapalapa,0001,Iztapalapa,376A,002,NA,NA,NA,Fijo,19.35666397,-99.0900907,2010-07
820625,09007713943001481000000000U6,GYM ELFOS,VIRGINIA GARCIA,713943,Centros de acondicionamiento físico del sector privado,0 a 5 personas,AVENIDA,INSURGENTE EUGENIO JIRON,CALLE,FELIPE LANDAVERDE,CERRADA,INSURGENTE EUGENIO JIRON,CALLE,TRINIDAD GUERRERO,NA,SN,NA,NA,NA,NA,COLONIA,PARAJE SAN JUAN,NA,NA,NA,09830,09,Ciudad de México,007,Iztapalapa,0001,Iztapalapa,159A,011,NA,NA,NA,Fijo,19.3410185,-99.07226185,2010-07
11530487,09007713943006851000000000U5,GYM ELITE,ANISSON SOTO,713943,Centros de acondicionamiento físico del sector privado,0 a 5 personas,CALLE,JOSE MARIA PATONI,AVENIDA,TEXCOCO,CALLE,GENERAL JESUS GARCIA MORALES,CALLE,GENERAL FLORENCIO ANTILLON,121,NA,NA,NA,NA,NA,COLONIA,JUAN ESCUTIA,NA,NA,NA,09100,09,Ciudad de México,007,Iztapalapa,0001,Iztapalapa,2386,037,NA,NA,NA,Fijo,19.38747438,-99.03022471,2024-11
7627343,09013713943001571001000000U2,GYM ELITE TEAM PRO TEPEPAN,NA,713943,Centros de acondicionamiento físico del sector privado,6 a 10 personas,CALLE,16 DE SEPTIEMBRE,CALLE,PASEO DE LA VIRGEN,CALLE,ARENAL,CALLE,ARENAL,77,NA,NA,NA,NA,NA,COLONIA,SANTA MARÍA TEPEPAN,NA,NA,NA,16020,09,Ciudad de México,013,Xochimilco,0001,Xochimilco,0014,015,5610819527,NA,NA,Fijo,19.2806411,-99.13735287,2019-11
8725996,09017713943001291000000000U8,GYM ESCORPION,NA,713943,Centros de acondicionamiento físico del sector privado,0 a 5 personas,CALLE,NICOLAS BRAVO,CALLE,FELIPE BERRIOZABAL,CALLE,PEÑA Y PEÑA,EJE VIAL,1 ORIENTE (VIDAL ALCOCER),80,NA,NA,NA,NA,NA,COLONIA,ZONA CENTRO,NA,NA,NA,15270,09,Ciudad de México,017,Venustiano Carranza,0001,Venustiano Carranza,0367,005,5532039613,NA,NA,Fijo,19.44051433,-99.12172194,2019-11
758182,09017713943000181000000000U2,GYM ESTHETIC CENTER,NA,713943,Centros de acondicionamiento físico del sector privado,0 a 5 personas,CALLE,FERNANDO IGLESIAS CALDERON,CALLE,RETORNO 1 DE FERNANDO IGLESIAS CALDERON,AVENIDA,FRAY SERVANDO TERESA DE MIER,CALLE,RETORNO 19 DE FRAY SERVANDO TERESA DE MIER,25,NA,NA,NA,NA,NA,COLONIA,JARDÍN BALBUENA,NA,NA,NA,15900,09,Ciudad de México,017,Venustiano Carranza,0001,Venustiano Carranza,1115,002,NA,NA,NA,Fijo,19.4165714,-99.10310245,2010-07
750083,09017713943000221002000000U6,GYM EVOLUTION,NA,713943,Centros de acondicionamiento físico del sector privado,0 a 5 personas,AVENIDA,16,CALLE,37,CALLE,39,AVENIDA,14,112,NA,NA,NA,NA,NA,COLONIA,GENERAL IGNACIO ZARAGOZA,NA,NA,NA,15000,09,Ciudad de México,017,Venustiano Carranza,0001,Venustiano Carranza,1223,022,NA,NA,NA,Fijo,19.40926323,-99.09302396,2010-07
7595383,09012713943002341000000000U1,GYM EVOLUTION,NA,713943,Centros de acondicionamiento físico del sector privado,0 a 5 personas,CALLE,HERMANOS RAYON,CALLE,MARIANO ESCOBEDO,CERRADA,SEGUNDA DE HERMANOS RAYON,CERRADA,COMUNEROS,6,A,NA,NA,NA,NA,COLONIA,SAN MIGUEL AJUSCO,NA,NA,NA,14700,09,Ciudad de México,012,Tlalpan,0026,San Miguel Ajusco,1528,020,NA,NA,NA,Fijo,19.2222562,-99.19953601,2019-11
11795618,09006713943001621000000000U9,GYM EVOLUTION,NA,713943,Centros de acondicionamiento físico del sector privado,0 a 5 personas,EJE VIAL,3 SUR (FERROCARRIL DE RÍO FRÍO),CALLE,Oriente 235,CALLE,Oriente 233,CALLE,Sur 20,180,NA,NA,NA,10,NA,COLONIA,AGRÍCOLA ORIENTAL,NA,NA,NA,08510,09,Ciudad de México,006,Iztacalco,0001,Iztacalco,0503,021,NA,NA,NA,Fijo,19.39042565,-99.07960095,2025-04
10745119,09017713943001661000000000U2,GYM EXPORFLEX FITNESS CENTER,NA,713943,Centros de acondicionamiento físico del sector privado,0 a 5 personas,CALLE,HORACIO RUIZ,CALLE,LUIS BLERIOT,CALLE,ENRIQUE FARMAN,CALLE,ALBERTO SALINAS,147,NA,NA,NA,NA,NA,COLONIA,AVIACIÓN CIVIL,NA,NA,NA,15740,09,Ciudad de México,017,Venustiano Carranza,0001,Venustiano Carranza,1280,003,NA,NA,NA,Fijo,19.41428963,-99.07854533,2024-11
1030867,09015713943001411000000000U6,GYM EXTASIS,RICARDO VAZQUEZ,713943,Centros de acondicionamiento físico del sector privado,0 a 5 personas,EJE VIAL,CENTRAL LAZARO CARDENAS,CALLE,DOCTOR LAVISTA,CALLE,DOCTOR RUIZ,CALLE,DOCTOR VALENZUELA,61,NA,NA,NA,NA,NA,COLONIA,DOCTORES,NA,NA,NA,06720,09,Ciudad de México,015,Cuauhtémoc,0001,Cuauhtémoc,1036,024,5554142636,NA,NA,Fijo,19.42383413,-99.14289751,2014-12
1006441,09012713943000331000000000U4,GYM FABILA,NA,713943,Centros de acondicionamiento físico del sector privado,0 a 5 personas,CALLE,CONGRESO,CALZADA,CALZADA DE TLALPAN,CALLE,CONGRESO,CALLE,CONGRESO,127,NA,NA,NA,NA,NA,COLONIA,TLALPAN CENTRO,NA,NA,NA,14000,09,Ciudad de México,012,Tlalpan,0001,Tlalpan,1015,006,5555735191,NIHLA48C@GMAIL.COM,NA,Fijo,19.27953757,-99.16781872,2010-07
8521993,09007713943005861000000000U5,GYM FAMILY SPORT,NA,713943,Centros de acondicionamiento físico del sector privado,0 a 5 personas,CALLE,RICARDO FLORES MAGON,AVENIDA,PRINCIPAL,CALLE,EUCALIPTO,CALLE,21 DE MARZO,14,MZ116 LT14,NA,NA,NA,NA,COLONIA,SAN MIGUEL TEOTONGO SECCIÓN PUENTE,NA,NA,NA,09630,09,Ciudad de México,007,Iztapalapa,0001,Iztapalapa,2649,009,NA,NA,NA,Fijo,19.3533466,-98.99080963,2019-11
945217,09011713943001082000000000U4,GYM FASHION FITNESS,NA,713943,Centros de acondicionamiento físico del sector privado,6 a 10 personas,AVENIDA,TLAHUAC,CALLE,ANA BOLENA,CALLE,ARABELLA,CALLE,ESTEBAN AEDI,2577,NA,NA,NA,NA,NA,COLONIA,MIGUEL HIDALGO,NA,NA,NA,13200,09,Ciudad de México,011,Tláhuac,0001,Tláhuac,0096,010,5593159449,NA,NA,Fijo,19.30003524,-99.04847616,2014-12
736596,09007713943003891000000000U4,GYM FEMENIL FITNESS,NA,713943,Centros de acondicionamiento físico del sector privado,0 a 5 personas,CALLE,AGUSTIN MELGAR,CERRADA,TERCERA AGUSTIN MELGAR,CERRADA,JOSE CARLOS HERNANDEZ,CALLE,BENITO MIRANDA,15,NA,NA,NA,87,NA,COLONIA,LAS PEÑAS,NA,NA,NA,09750,09,Ciudad de México,007,Iztapalapa,0001,Iztapalapa,4043,012,NA,NA,NA,Fijo,19.33638598,-99.05013528,2014-12
10785827,09010713943002601000000000U2,GYM FIT BRUVI,NA,713943,Centros de acondicionamiento físico del sector privado,0 a 5 personas,CALLE,BALCONES DE CEGUAYO,AVENIDA,CENTENARIO,CALLE,JOSE SANTOS CHOCANO,CALLE,FELIPE ARGUELLO,13,NA,NA,NA,NA,NA,COLONIA,BALCONES DE CEHUAYO,NA,NA,NA,01540,09,Ciudad de México,010,Álvaro Obregón,0001,Álvaro Obregón,1631,040,NA,NA,NA,Fijo,19.35635463,-99.24063775,2024-11
11478603,09006713943001411000000000U5,GYM FITNES,NA,713943,Centros de acondicionamiento físico del sector privado,0 a 5 personas,EJE VIAL,5 ORIENTE JAVIER ROJO GOMEZ,CALLE,SUR 20,CALLE,SUR 24,CALLE,ORIENTE 239-C,461,NA,NA,NA,NA,NA,COLONIA,AGRÍCOLA ORIENTAL,NA,NA,NA,08500,09,Ciudad de México,006,Iztacalco,0001,Iztacalco,0518,008,NA,NA,NA,Fijo,19.38973054,-99.07450155,2024-11
10177948,09007713943007771000000000U4,GYM FITNES,NA,713943,Centros de acondicionamiento físico del sector privado,0 a 5 personas,AVENIDA,DE LAS MINAS,CALLE,QUINTA CERRADA CAMINO A LAS MINAS,CALLE,SEPTIMA CERRADA DE LAS MINAS,CALLE,NINGUNO,2,MZ 2A LT 2,NA,NA,NA,NA,COLONIA,BUENAVISTA,NA,NA,NA,09680,09,Ciudad de México,007,Iztapalapa,0001,Iztapalapa,4240,015,NA,NA,NA,Fijo,19.32851573,-99.02498843,2024-11
11080898,09007713943007981000000000U9,GYM FITNESS CENTER,NA,713943,Centros de acondicionamiento físico del sector privado,0 a 5 personas,CALLE,TETECUINCO,CALLE,IGNACIO LOPEZ TARZO,PRIVADA,LUCHA REYES,CALLE,ALVARO CARRILLO,NA,SN,NA,NA,NA,NA,COLONIA,AMPLIACIÓN EMILIANO ZAPATA,NA,NA,NA,09638,09,Ciudad de México,007,Iztapalapa,0001,Iztapalapa,5041,034,5529400138,NA,NA,Fijo,19.33705676,-98.97789372,2024-11
10158290,09011713943002101000000000U1,GYM FOX GYM,NA,713943,Centros de acondicionamiento físico del sector privado,0 a 5 personas,AVENIDA,CIRCUITO VERSALLES,CALLE,VIENA,CALLE,WASHINGTON,CALLE,WASHINGTON,NA,SN,NA,NA,NA,NA,COLONIA,TEOPINCO,NA,NA,NA,13100,09,Ciudad de México,011,Tláhuac,0026,Santa Catarina Yecahuitzotl,1164,033,NA,NA,NA,Fijo,19.32540576,-98.96352793,2024-11
11412230,09003713943002581000000000U1,GYM GAMA,RAFAEL MALDONADO,713943,Centros de acondicionamiento físico del sector privado,0 a 5 personas,CALLE,ANDRES OSUNA,CALLE,EZEQUIEL ORDOÑEZ,CALLE,LUIS G. LEON,CALLE,EZEQUIEL ORDOÑEZ,171,NA,NA,NA,NA,NA,COLONIA,COPILCO EL ALTO,NA,NA,NA,04360,09,Ciudad de México,003,Coyoacán,0001,Coyoacán,0554,016,NA,NA,NA,Fijo,19.33071427,-99.17469017,2024-11
9350043,09012713943002571000000000U3,GYM GET FIT,NA,713943,Centros de acondicionamiento físico del sector privado,0 a 5 personas,CALLE,16 DE SEPTIEMBRE,CALLE,IGNACIO ALLENDE,CALLE,IGNACIO ALDAMA,CALLE,16 DE SEPTIEMBRE,6,NA,NA,NA,NA,NA,PUEBLO,SAN MIGUEL TOPILEJO,NA,NA,NA,14500,09,Ciudad de México,012,Tlalpan,0027,San Miguel Topilejo,2032,002,5513267383,NA,NA,Fijo,19.20150737,-99.14021952,2021-05
7924330,09012713943001871000000000U8,GYM GLADIADOR,ENRIQUE MORA,713943,Centros de acondicionamiento físico del sector privado,0 a 5 personas,CALLE,MARIANO ABASOLO,CALLE,MIGUEL HIDALGO,PRIVADA,HIDALGO,CALLE,MARIANO MATAMOROS,34,NA,NA,NA,NA,NA,COLONIA,SAN MIGUEL AJUSCO,NA,NA,NA,14700,09,Ciudad de México,012,Tlalpan,0026,San Miguel Ajusco,1674,010,NA,NA,NA,Fijo,19.22562665,-99.19984075,2019-11
840059,09007713943002101000000000U9,GYM GLADIADOR,NA,713943,Centros de acondicionamiento físico del sector privado,0 a 5 personas,CALLE,VILLA ANGELA,CALLE,VILLA CAMPA,CALLE,VILLACO,CALLE,VILLA DOMINICO,8,LT17,NA,NA,0,MZ 8 LT 17,COLONIA,DESARROLLO URBANO QUETZALCOATL,NA,NA,NA,09700,09,Ciudad de México,007,Iztapalapa,0001,Iztapalapa,3079,007,5532496342,NA,NA,Fijo,19.32841388,-99.04270671,2010-07
11622711,09005713943004941000000000U0,GYM GOLDEN,NA,713943,Centros de acondicionamiento físico del sector privado,0 a 5 personas,CALLE,CAMINO A LAS CANTERAS,CALLE,JOSEFA ORTIZ DE DOMINGUEZ,CALLE,SAN MIGUEL,CALLE,CARMEN SERDAN,7,LT7A,NA,NA,NA,NA,COLONIA,MALACATES,NA,NA,NA,07119,09,Ciudad de México,005,Gustavo A. Madero,0001,Gustavo A. Madero,3322,009,5511699812,NA,NA,Fijo,19.5724464,-99.13217321,2024-11
11070049,09007713943007571000000000U8,GYM GORILLAS,NA,713943,Centros de acondicionamiento físico del sector privado,0 a 5 personas,CALLE,MARIA ESTHER ZUNO DE ECHEVERRIA,AVENIDA,CAMINO A LAS MINAS,CALLE,LEONA VICARIO,CALLE,TERCERA CERRADA DE PRIMAVERA,8,4,NA,NA,NA,NA,COLONIA,SANTIAGO ACAHUALTEPEC SEGUNDA AMPLIACIÓN,NA,NA,NA,09609,09,Ciudad de México,007,Iztapalapa,0001,Iztapalapa,4946,015,5585922258,NA,NA,Fijo,19.34568099,-99.01275148,2024-11
7760749,09003713943002051000000000U5,GYM HEALT & FITNESS,NA,713943,Centros de acondicionamiento físico del sector privado,0 a 5 personas,EJE VIAL,3 ORIENTE AVENIDA CAFETALES,CALLE,RANCHO SANTA TERESA,CALLE,RANCHO EL QUERENDAL,CALLE,RANCHO MOZOTA,1769,NA,NA,NA,NA,NA,COLONIA,HACIENDAS DE COYOACÁN,NA,NA,NA,04970,09,Ciudad de México,003,Coyoacán,0001,Coyoacán,1213,006,NA,NA,NA,Fijo,19.30302481,-99.11309926,2019-11
1013411,09015713943000291000000000U3,GYM HERCULES MODERNO,NICOLAS CABRERA,713943,Centros de acondicionamiento físico del sector privado,0 a 5 personas,CALLE,VIOLETA,CALLE,HEROES,CALLE,ZARCO,CALLE,PEDRO MORENO,37,NA,NA,NA,NA,NA,COLONIA,GUERRERO,NA,NA,NA,06300,09,Ciudad de México,015,Cuauhtémoc,0001,Cuauhtémoc,0610,011,NA,NA,NA,Fijo,19.44131778,-99.14623026,2010-07
850228,09012713943000191001000000U2,GYM HOLIDAY FIT,ROBERTO CHAPARRO,713943,Centros de acondicionamiento físico del sector privado,6 a 10 personas,AVENIDA,TETIZ,CALLE,CONKAL,CALLE,TIXMEHUAC,CALLE,SOTUTA,NA,SN,NA,NA,409,NA,COLONIA,PEDREGAL DE SAN NICOLÁS CUARTA SECCIÓN,NA,NA,NA,14100,09,Ciudad de México,012,Tlalpan,0001,Tlalpan,0801,018,NA,NA,NA,Fijo,19.27893923,-99.23238958,2010-07
11230857,09016713943001752000000000U1,GYM INDOOR CYCLING SIDE 2 SIDE MX,NA,713943,Centros de acondicionamiento físico del sector privado,6 a 10 personas,AVENIDA,PASEO DE LAS PALMAS,CALLE,MONTES URALES NORTE,AVENIDA,PASEO DE LAS PALMAS,CALLE,MONTES URALES NORTE,NA,SN,NA,NA,NA,NA,ZONA COMERCIAL,LOMAS DE CHAPULTEPEC III SECCIÓN,NA,NA,NA,11000,09,Ciudad de México,016,Miguel Hidalgo,0001,Miguel Hidalgo,0849,027,NA,SIDE2SIDEMX@GMAIL.COM,WWW.SIDE2SIDEMX.COM.MX,Fijo,19.4309535,-99.20908073,2024-11
672029,09005713943001871002000000U2,GYM INTEGRITY FIT,NA,713943,Centros de acondicionamiento físico del sector privado,0 a 5 personas,CALLE,7,EJE VIAL,1 PONIENTE (CALZADA VALLEJO),CALLE,PERLILLAR,CALLE,8,11,NA,NA,NA,NA,NA,COLONIA,AMPLIACIÓN PROGRESO NACIONAL,NA,NA,NA,07650,09,Ciudad de México,005,Gustavo A. Madero,0001,Gustavo A. Madero,0436,017,5663437407,NA,NA,Fijo,19.51877813,-99.1630038,2014-12
800943,09007713943000651001000000U5,GYM IRON MAN,NA,713943,Centros de acondicionamiento físico del sector privado,0 a 5 personas,EJE VIAL,8 SUR CALZADA ERMITA IZTAPALAPA,CALLE,LICENCIADO IGNACIO L. VALLARTA,CALLE,PROFESOR M. MARILES,AVENIDA,HIDALGO,2588,NA,NA,NA,NA,NA,COLONIA,JACARANDAS,NA,NA,NA,09280,09,Ciudad de México,007,Iztapalapa,0001,Iztapalapa,1299,009,NA,PACOMIRANDA62@GMAIL.COM,NA,Fijo,19.34223086,-99.05333717,2010-07
11662218,09005713943005363000000000U6,GYM IRON PARADISE,NA,713943,Centros de acondicionamiento físico del sector privado,11 a 30 personas,CALLE,ROBERTO ESQUERO PEDRAZA GENERAL FELIPE ANGELES,CALLE,BAJADA DEL CERRITO,CERRADA,ROBERTO E. PEDRAZA,AVENIDA,AVENIDA DEL CASTILLO,3,NA,NA,NA,NA,NA,COLONIA,PALMATITLA,NA,NA,NA,07170,09,Ciudad de México,005,Gustavo A. Madero,0001,Gustavo A. Madero,2767,020,5522925778,ISABELORD5@GMAIL.COM,NA,Fijo,19.54890835,-99.13502848,2024-11
7768982,09005713943003981000000000U7,GYM JJ,NA,713943,Centros de acondicionamiento físico del sector privado,0 a 5 personas,CALLE,MIGUEL LERDO DE TEJADA,CALLE,JUVENTINO ROSAS,CALLE,PEDRO INFANTE,CALLE,FANNY SCHILLER,10,MZ 58,NA,NA,NA,NA,COLONIA,FORESTAL,NA,NA,NA,07130,09,Ciudad de México,005,Gustavo A. Madero,0001,Gustavo A. Madero,2729,009,NA,NA,NA,Fijo,19.56066075,-99.13388308,2019-11
647634,09007713943000371000000000U0,GYM JUNIOR,NA,713943,Centros de acondicionamiento físico del sector privado,0 a 5 personas,CALLE,POLIGLOTAS,CALLE,GERENTES,CALLE,LEGISTAS,CALLE,SOCIOLOGOS,1,NA,NA,NA,NA,NA,COLONIA,SAN JOSÉ ACULCO,NA,NA,NA,09410,09,Ciudad de México,007,Iztapalapa,0001,Iztapalapa,2460,011,NA,NA,NA,Fijo,19.3747954,-99.10069139,2010-07
7730180,09012713943002061000000000U5,GYM JUST FITNESS,NA,713943,Centros de acondicionamiento físico del sector privado,0 a 5 personas,CALLE,REFORMA AGRARIA,CALLE,MELCHOR OCAMPO,CALZADA,VIADUCTO TLALPAN,RETORNO,PERGOLEROS,10,NA,NA,NA,NA,NA,COLONIA,VILLA TLALPAN,NA,NA,NA,14620,09,Ciudad de México,012,Tlalpan,0001,Tlalpan,2102,003,NA,JUSTFITNESSMEXICO@GMAIL.COM,NA,Fijo,19.2784663,-99.16372457,2019-11
10018177,09002713943001381000000000U9,GYM KO 7 BOX,NA,713943,Centros de acondicionamiento físico del sector privado,0 a 5 personas,AVENIDA,ANTONIO VALERIANO,CERRADA,PROLONGACION SABINO,CALLE,SABINO,CALLE,4,55,NA,NA,NA,NA,NA,COLONIA,AMPLIACIÓN DEL GAS,NA,NA,NA,02970,09,Ciudad de México,002,Azcapotzalco,0001,Azcapotzalco,0769,009,NA,NA,NA,Fijo,19.46850784,-99.15647554,2024-11
9801920,09006713943001401000000000U6,GYM KRATOS,NA,713943,Centros de acondicionamiento físico del sector privado,0 a 5 personas,CALLE,ORIENTE 241 A,CALLE,SUR 14-A,CALLE,SUR 16,EJE VIAL,5 ORIENTE (JAVIER ROJO GOMEZ),330,NA,NA,NA,NA,L2,COLONIA,AGRÍCOLA ORIENTAL,NA,NA,NA,08500,09,Ciudad de México,006,Iztacalco,0001,Iztacalco,0344,015,NA,NA,NA,Fijo,19.394608560000002,-99.07274775,2024-11
7628336,09013713943001641000000000U3,GYM LEAM BODY,NA,713943,Centros de acondicionamiento físico del sector privado,0 a 5 personas,CALLE,VERONICA,CALLE,CAMINO REAL A XOCHITEPEC,CALLE,VALERIANA,CALLE,CAMINO REAL A XOCHITEPEC,34,NA,NA,NA,NA,NA,BARRIO,EL MIRADOR,NA,NA,NA,16029,09,Ciudad de México,013,Xochimilco,0001,Xochimilco,1332,012,NA,NA,NA,Fijo,19.26376859,-99.1317821,2019-11
8435859,09007713943004961000000000U4,GYM LEO,NA,713943,Centros de acondicionamiento físico del sector privado,0 a 5 personas,AVENIDA,TLAHUAC,CALLE,FRANCISCO POLO RODRIGUEZ,CALLE,JOAQUIN DE LA VEGA,CALLE,ROSARIO,1,MZ 5,NA,NA,NA,NA,COLONIA,EL ROSARIO,NA,NA,NA,09930,09,Ciudad de México,007,Iztapalapa,0001,Iztapalapa,2174,021,NA,LEONHDF97@GMAIL.COM,NA,Fijo,19.3059935,-99.06494988,2019-11
665681,09002722219000531011000000U4,GYM LIFE FITNESS,NA,713943,Centros de acondicionamiento físico del sector privado,0 a 5 personas,CALLE,LAMINADORES,CALLE,10,CALLE,12,CALLE,MINEROS METALURGICOS,224,NA,NA,NA,NA,NA,COLONIA,TRABAJADORES DE HIERRO,NA,NA,NA,02650,09,Ciudad de México,002,Azcapotzalco,0001,Azcapotzalco,0383,020,NA,NA,NA,Fijo,19.48011013,-99.15459753,2010-07
9676693,09007713943006581000000000U8,GYM LOBO NEGRO,NA,713943,Centros de acondicionamiento físico del sector privado,0 a 5 personas,EJE VIAL,6 SUR AVENIDA DE LAS TORRES,CALLE,GUADALUPE VICTORIA,CALLE,ANILLO DE CIRCUNVALACION,CALLE,EMILIANO ZAPATA,133,NA,NA,NA,NA,NA,EJIDO,SANTA MARÍA AZTAHUACAN,NA,NA,NA,09570,09,Ciudad de México,007,Iztapalapa,0001,Iztapalapa,1104,034,NA,NA,NA,Fijo,19.35806518,-99.0261071,2024-11
1023587,09008713943000252001000000U0,GYM LUIS CABRERA,NA,713943,Centros de acondicionamiento físico del sector privado,0 a 5 personas,CALLE,MANTO,AVENIDA,LUIS CABRERA,CALLE,JALISCO,CALLE,OLIVOS,19,NA,NA,NA,NA,NA,COLONIA,CUAUHTÉMOC,NA,NA,NA,10020,09,Ciudad de México,008,La Magdalena Contreras,0001,La Magdalena Contreras,0141,011,NA,NA,NA,Fijo,19.32373142,-99.245723,2010-07
835795,09007713943001101000000000U0,GYM LVO,NA,713943,Centros de acondicionamiento físico del sector privado,0 a 5 personas,CALLE,FLOR DE TEZONCO,CALLE,CAMINO A SANTA CRUZ,CALLE,DURANGO,CALLE,MANUEL GONZALEZ,68,NA,NA,NA,NA,NA,COLONIA,LOMAS DE SAN LORENZO,NA,NA,NA,09780,09,Ciudad de México,007,Iztapalapa,0001,Iztapalapa,198A,024,5558638025,NA,NA,Fijo,19.3160841,-99.07061057,2010-07
10957738,09012713943003131000000000U5,GYM MANE BOXING CLUB,ALEJANDRO PACHECO,713943,Centros de acondicionamiento físico del sector privado,0 a 5 personas,CALLE,CANSAHCAB,CALLE,TIXMEHUAC,CALLE,CONKAL,CALLE,SUDZAL,489,NA,NA,NA,NA,NA,COLONIA,PEDREGAL DE SAN NICOLÁS CUARTA SECCIÓN,NA,NA,NA,14100,09,Ciudad de México,012,Tlalpan,0001,Tlalpan,0801,003,NA,MAN30SAN19@GMAIL.COM,NA,Fijo,19.27914058,-99.23051377,2024-11
11254080,09003713943002541000000000U5,GYM MAXIMUX-MEL,NA,713943,Centros de acondicionamiento físico del sector privado,0 a 5 personas,CALLE,AMATL,AVENIDA,ESCUINAPA,CALLE,OCOAPAN,CALLE,AMESQUITE,199,NA,NA,NA,NA,NA,COLONIA,PEDREGAL DE SANTO DOMINGO,NA,NA,NA,04369,09,Ciudad de México,003,Coyoacán,0001,Coyoacán,0624,002,NA,NA,NA,Fijo,19.3292575,-99.16626475,2024-11
10511510,09012713943003121000000000U6,GYM MAYA LIFE,GYM MAYA LIFE,713943,Centros de acondicionamiento físico del sector privado,0 a 5 personas,CALLE,SAN JUAN DE DIOS,CALZADA,ACOXPA,CALLE,HACIENDA DE METEPEC,AVENIDA,DIVISION DEL NORTE,555,NA,NA,NA,NA,NA,COLONIA,PRADO COAPA TERCERA SECCIÓN,NA,NA,NA,14357,09,Ciudad de México,012,Tlalpan,0001,Tlalpan,0464,003,5555245210,NA,NA,Fijo,19.29552972,-99.13288271,2024-11
791734,09005713943000381001000000U3,GYM MERCKS,NA,713943,Centros de acondicionamiento físico del sector privado,0 a 5 personas,CALLE,NORTE 64,CALLE,ORIENTE 91,CALLE,ORIENTE 87,CALLE,NORTE 62-A,3710,NA,NA,NA,NA,NA,COLONIA,MÁRTIRES DE RÍO BLANCO,NA,NA,NA,07880,09,Ciudad de México,005,Gustavo A. Madero,0001,Gustavo A. Madero,2201,015,5557516678,NA,NA,Fijo,19.45999077,-99.11231244,2010-07
10937982,09005713943004981000000000U6,GYM METROPOLI,NA,713943,Centros de acondicionamiento físico del sector privado,0 a 5 personas,AVENIDA,604,CALLE,625,CALLE,623,OTRO(ESPECIFIQUE),MANZANA O EDIFICACION CONTIGUA,77,NA,NA,NA,NA,NA,COLONIA,SAN JUAN DE ARAGÓN IV SECCIÓN,NA,NA,NA,07979,09,Ciudad de México,005,Gustavo A. Madero,0001,Gustavo A. Madero,2432,006,NA,NA,NA,Fijo,19.45121423,-99.06538355,2024-11
1040261,09015713943000051000000000U1,GYM METROPOLITANO,JORGE CASTAÑEDA,713943,Centros de acondicionamiento físico del sector privado,0 a 5 personas,CALLE,VIZCAINAS,CALLE,LOPEZ,EJE VIAL,CENTRAL (LAZARO CARDENAS),CALLE,PUENTE PEREDO,13,NA,NA,NA,1,NA,COLONIA,CENTRO,NA,NA,NA,06010,09,Ciudad de México,015,Cuauhtémoc,0001,Cuauhtémoc,0875,025,5555219914,NA,NA,Fijo,19.42911381,-99.14226421,2010-07
11532397,09005713943004411000000000U4,GYM MICTALAN,NA,713943,Centros de acondicionamiento físico del sector privado,0 a 5 personas,AVENIDA,PARQUE NACIONAL,CALLE,CUMBRE,AVENIDA,AVENIDA DEL CASTILLO,AVENIDA,PARQUE NACIONAL,2,A,NA,NA,NA,NA,COLONIA,CASTILLO GRANDE,NA,NA,NA,07220,09,Ciudad de México,005,Gustavo A. Madero,0001,Gustavo A. Madero,0205,005,NA,NA,NA,Fijo,19.54034286,-99.13854552,2024-11
8254429,09007713943004461001000000U5,GYM MINOTARO,NA,713943,Centros de acondicionamiento físico del sector privado,6 a 10 personas,CALLE,LUNA,CALLE,XOHUANAQUILLO (BOREAL),AVENIDA,CARLOS HANK GONZALEZ,CALLE,XOHUANAQUILLO (BOREAL),1,NA,NA,NA,NA,NA,COLONIA,LOMAS DE LA ESTANCIA,NA,NA,NA,09640,09,Ciudad de México,007,Iztapalapa,0001,Iztapalapa,3100,030,5517806848,NA,NA,Fijo,19.340216559999998,-99.00721675,2019-11
1051470,09011713943001001000000000U4,GYM MOSTER,MARIBEL FRAGOSO,713943,Centros de acondicionamiento físico del sector privado,0 a 5 personas,CALLE,AMADO NERVO,CERRADA,CUARTA AMADO NERVO,CALLE,GABRIEL GARCIA MARQUEZ,CALLE,SAN RAFAEL ATLIXCO,NA,SN,NA,NA,NA,NA,COLONIA,SANTA ANA PONIENTE,NA,NA,NA,13300,09,Ciudad de México,011,Tláhuac,0001,Tláhuac,147A,001,5572265928,NA,NA,Fijo,19.30515286,-99.04687739,2010-07
803477,09007713943001121000000000U8,GYM MR POWER,NA,713943,Centros de acondicionamiento físico del sector privado,0 a 5 personas,CALLE,TECALTITLA,CALLE,CAMINO A SANTIAGO,CALLE,OCTAVIO SENTIES,CALLE,MARAVILLAS,2,MZ 2,NA,NA,NA,NA,COLONIA,SANTIAGO ACAHUALTEPEC PRIMERA AMPLIACIÓN,NA,NA,NA,09608,09,Ciudad de México,007,Iztapalapa,0001,Iztapalapa,2579,020,5542206140,NA,NA,Fijo,19.35259766,-99.0120423,2010-07
11367192,09007713943006911000000000U7,GYM MUSCLE GOOS,NA,713943,Centros de acondicionamiento físico del sector privado,0 a 5 personas,CALLE,MANUEL CAÑAS VILLA BRAZ,CALLE,VILLA CONSISTORIOS,CALLE,15 DE SEPTIEMBRE,CALLE,VILLA DEL PUENTE,9,MZ22,NA,NA,NA,NA,COLONIA,DESARROLLO URBANO QUETZALCOATL,NA,NA,NA,09700,09,Ciudad de México,007,Iztapalapa,0001,Iztapalapa,3045,036,5593727053,NA,NA,Fijo,19.33068419,-99.04313816,2024-11
8223540,09005713943003711000000000U8,GYM MUSCLES & BEAUTY,NA,713943,Centros de acondicionamiento físico del sector privado,0 a 5 personas,AVENIDA,EMILIANO ZAPATA,CALLE,BRAULIO GUERRERO,CALLE,PALMIRA,AVENIDA,EMILIANO ZAPATA,29,NA,NA,NA,NA,NA,COLONIA,GUADALUPE VICTORIA CUAUTEPEC,NA,NA,NA,06000,09,Ciudad de México,005,Gustavo A. Madero,0001,Gustavo A. Madero,0192,027,NA,NA,NA,Fijo,19.53980458,-99.14051429,2019-11
654760,09017713943000131002000000U7,GYM MX,NA,713943,Centros de acondicionamiento físico del sector privado,0 a 5 personas,CALLE,TANGER,EJE VIAL,2 NORTE (TRANSVAL),CALLE,SIBERIA,CALLE,PUERTO ARTURO,34,NA,NA,NA,NA,NA,COLONIA,ROMERO RUBIO,NA,NA,NA,15400,09,Ciudad de México,017,Venustiano Carranza,0001,Venustiano Carranza,0314,002,5557516535,NA,NA,Fijo,19.44367936,-99.09161851,2010-07
10548103,09005713943004952000000000U7,GYM MX,NA,713943,Centros de acondicionamiento físico del sector privado,6 a 10 personas,EJE VIAL,3 NORTE AVENIDA 506,AVENIDA,503,CALLE,AVENIDA 505,CALLE,SEGUNDA 503,6,NA,NA,NA,NA,NA,COLONIA,SAN JUAN DE ARAGÓN I SECCIÓN,NA,NA,NA,07969,09,Ciudad de México,005,Gustavo A. Madero,0001,Gustavo A. Madero,2235,024,NA,GIMNACIOMX2022@GMAIL.COM,NA,Fijo,19.45813988,-99.095929,2024-11
808200,09007713943000581000000000U4,GYM NEVERLAND,ODILON RIVERA,713943,Centros de acondicionamiento físico del sector privado,0 a 5 personas,CALLE,PROLONGACION JUAN DE LA BARRERA,AUTOPISTA,MEXICO-PUEBLA,AVENIDA,AVENIDA DE LAS TORRES,CALLE,PROLONGACION JUAN DE LA BARRERA,NA,SN,NA,NA,0,MZ112 LT5,COLONIA,SAN MIGUEL TEOTONGO SECCIÓN RANCHITO,NA,NA,NA,09630,09,Ciudad de México,007,Iztapalapa,0001,Iztapalapa,2723,015,5527746875,NA,NA,Fijo,19.34608036,-98.98304425,2010-07
11508017,09013713943002271000000000U8,GYM NEW BODY,NA,713943,Centros de acondicionamiento físico del sector privado,0 a 5 personas,CERRADA,FRESNO,PRIVADA,ANDRES,CALLE,MIRADOR,PRIVADA,NINGUNO,NA,SN,NA,NA,NA,NA,PUEBLO,SAN ANDRES AHUAYUCAN,NA,NA,NA,16810,09,Ciudad de México,013,Xochimilco,0001,Xochimilco,0758,006,5548839445,NA,NA,Fijo,19.23095686,-99.10865842,2024-11
639878,09002713943000011000000000U3,GYM NEW BODY,NA,713943,Centros de acondicionamiento físico del sector privado,0 a 5 personas,CALLE,5 DE MAYO,CALLE,FELIPE ANGELES,CALLE,EMILIO PORTES GIL,CALLE,LAURO VILLAR,114,NA,NA,NA,NA,NA,COLONIA,PROVIDENCIA,NA,NA,NA,02440,09,Ciudad de México,002,Azcapotzalco,0001,Azcapotzalco,0237,022,NA,NA,NA,Fijo,19.49392367,-99.21101519,2010-07
841505,09007713943001532000000000U6,GYM NEW YORK,NA,713943,Centros de acondicionamiento físico del sector privado,0 a 5 personas,CALLE,JARDIN PENSAMIENTOS,AVENIDA,EMILIANO ZAPATA,AVENIDA,IGNACIO ALDAMA,CALLE,JARDIN ORQUIDEAS,4,MZ21 LT,NA,NA,NA,NA,COLONIA,JARDINES DE SAN LORENZO TEZONCO,NA,NA,NA,09940,09,Ciudad de México,007,Iztapalapa,0001,Iztapalapa,3539,002,NA,NA,NA,Fijo,19.29454706,-99.07352041,2010-07
669819,09005713943002671000000000U5,GYM NUBIS,NA,713943,Centros de acondicionamiento físico del sector privado,0 a 5 personas,CALLE,MAURICIO GOMEZ,CALLE,CERRADA MAURICIO GOMEZ,CALLE,JOSE VASCONCELOS,CALLE,DARIO FERNANDEZ,50,NA,NA,NA,NA,NA,COLONIA,PALMATITLA,NA,NA,NA,07170,09,Ciudad de México,005,Gustavo A. Madero,0001,Gustavo A. Madero,0050,020,NA,NA,NA,Fijo,19.55545425,-99.13305376,2014-12
8671614,09007713943005731000000000U0,GYM OLIMPIA,NA,713943,Centros de acondicionamiento físico del sector privado,0 a 5 personas,CALLE,FELIPE ANGELES,CALLE,5 DE MAYO,CALLE,MACLOVIO HERRERA,CALLE,TORIBIO ORTEGA,6,NA,NA,NA,NA,NA,COLONIA,FRANCISCO VILLA,NA,NA,NA,09720,09,Ciudad de México,007,Iztapalapa,0001,Iztapalapa,1636,006,NA,NA,NA,Fijo,19.33978089,-99.05971458,2019-11
10412106,09005713943004771000000000U1,GYM OLIPIC,NA,713943,Centros de acondicionamiento físico del sector privado,0 a 5 personas,CALLE,CAMINO DE LA SECRETARIA A,CALLE,CAMINO PARQUE CENTRAL,PRIVADA,QUINTA DE LA SECRETARIA,CALLE,CAMINO PROSPERIDAD,127,NA,NA,NA,NA,NA,COLONIA,CAMPESTRE ARAGÓN,NA,NA,NA,07530,09,Ciudad de México,005,Gustavo A. Madero,0001,Gustavo A. Madero,1330,013,5567086536,NA,NA,Fijo,19.48760767,-99.0822855,2024-11
8583718,09003713943001821000000000U2,GYM OM,NA,713943,Centros de acondicionamiento físico del sector privado,0 a 5 personas,CALLE,AMESQUITE,CALLE,ACATEMPA,CALLE,AHUANUSCO,CALLE,AILE,345,NA,NA,NA,NA,NA,COLONIA,PEDREGAL DE SANTO DOMINGO,NA,NA,NA,04369,09,Ciudad de México,003,Coyoacán,0001,Coyoacán,0785,003,NA,NA,NA,Fijo,19.32415229,-99.16892128,2019-11
8681230,09012713943001731000000000U4,GYM PARTHENON,NA,713943,Centros de acondicionamiento físico del sector privado,0 a 5 personas,CALLE,MARIANO ESCOBEDO,CALLE,PEDRO DE LA ALQUICIRA,CALLE,EMILIANO ZAPATA,CALLE,PEDRO ASCENCIO,44,NA,NA,1,NA,NA,PUEBLO,SAN MIGUEL AJUSCO,EDIFICIO COMERCIAL Y DE SERVICIOS,PLAZA,44,14700,09,Ciudad de México,012,Tlalpan,0026,San Miguel Ajusco,1528,010,5617040448,GYMPARTHENON@GMAIL.COM,NA,Fijo,19.22148212,-99.2010221,2019-11
10431425,09017713943001851000000000U9,GYM PEQUEÑO DEMONIO,NA,713943,Centros de acondicionamiento físico del sector privado,0 a 5 personas,CALLE,35,AVENIDA,10,AVENIDA,GENERAL FRANCISCO MORAZAN,CALLE,33,95,NA,NA,NA,NA,NA,COLONIA,GENERAL IGNACIO ZARAGOZA,NA,NA,NA,15000,09,Ciudad de México,017,Venustiano Carranza,0001,Venustiano Carranza,1219,009,NA,NA,NA,Fijo,19.41269306,-99.09181855,2024-11
11446697,09011713943002331000000000U4,GYM PERFEC BODY,GLORIA REYES,713943,Centros de acondicionamiento físico del sector privado,0 a 5 personas,CERRADA,CEIBA,CALLE,SALTO DEL AGUA,CERRADA,QUINTA SANTA CRUZ,CALLE,SALTO DEL AGUA,2,LT76,NA,NA,NA,NA,COLONIA,LAS ARBOLEDAS,NA,NA,NA,13320,09,Ciudad de México,011,Tláhuac,0001,Tláhuac,1357,021,5526742872,NA,NA,Fijo,19.31106277,-99.04626759,2024-11
999542,09003713943000321000000000U4,GYM PERFECCION,NA,713943,Centros de acondicionamiento físico del sector privado,0 a 5 personas,AVENIDA,AZTECAS,CALLE,REY NEZAHUALCOYOTL,AVENIDA,REY MOCTEZUMA,CALLE,TOTONACAS,260,NA,NA,NA,NA,NA,COLONIA,AJUSCO,NA,NA,NA,04300,09,Ciudad de México,003,Coyoacán,0001,Coyoacán,0658,008,5531844941,NA,NA,Fijo,19.32728972,-99.15607432,2010-07
816822,09007713943000501000000000U2,GYM POPEYES,CLEMENTE CASTILLO,713943,Centros de acondicionamiento físico del sector privado,0 a 5 personas,CALLE,GLORIA,CALLE,CAMINO VIEJO REAL A SAN FRANCISCO,AVENIDA,DEL ROSAL,CALLE,GLADIOLA,7,NA,NA,NA,NA,NA,COLONIA,LOS ÁNGELES,NA,NA,NA,09830,09,Ciudad de México,007,Iztapalapa,0001,Iztapalapa,1424,013,5611160251,NA,NA,Fijo,19.34465285,-99.07033374,2010-07
10348930,09017713944000141000000000U4,GYM POWER,ADMINISTRACION DEPORTIVO OCEANIA,713944,Centros de acondicionamiento físico del sector público,0 a 5 personas,AVENIDA,OCEANIA,AVENIDA,608,AVENIDA,TAHEL,AVENIDA,602 (AVENIDA TEXCOCO-VIA TAPO),NA,SN,NA,NA,NA,NA,COLONIA,PENSADOR MEXICANO,NA,NA,NA,15510,09,Ciudad de México,017,Venustiano Carranza,0001,Venustiano Carranza,0136,001,5544579871,NA,NA,Fijo,19.44815873,-99.08324555,2024-11
8782697,09007713943004773001000000U3,GYM POWER CENTER,NA,713943,Centros de acondicionamiento físico del sector privado,0 a 5 personas,CALLE,1 ROBERTO RODRIGUEZ,AVENIDA,REVOLUCION SOCIAL,CALLE,3 CRESENCIO MAGAÑA,CALLE,1 ROBERTO RODRIGUEZ,47,NA,NA,NA,NA,NA,UNIDAD HABITACIONAL,UNIDAD VICENTE GUERRERO,NA,NA,NA,09200,09,Ciudad de México,007,Iztapalapa,0001,Iztapalapa,4734,017,NA,NA,NA,Fijo,19.35161809,-99.05248736,2019-11
7153532,09005713943003921000000000U3,GYM POWER Y FITNESS,SALVADOR RUIZ,713943,Centros de acondicionamiento físico del sector privado,0 a 5 personas,CALLE,NORTE 86 A,CALLE,ORIENTE 83,CALLE,ORIENTE 81,CALLE,NORTE 86,4220,NA,NA,NA,NA,NA,COLONIA,LA MALINCHE,NA,NA,NA,07899,09,Ciudad de México,005,Gustavo A. Madero,0001,Gustavo A. Madero,2288,003,5544982434,NA,NA,Fijo,19.45211962,-99.10442849,2019-11
795859,09005713943000321000000000U9,GYM QUEBEC SPORT,NA,713943,Centros de acondicionamiento físico del sector privado,0 a 5 personas,CALLE,NORTE 84,CALLE,ORIENTE 95,EJE VIAL,3 NORTE (ANGEL ALBINO CORZO-ORIENTE 101),CALLE,NORTE 82-B,5124,NA,NA,NA,NA,NA,COLONIA,GERTRUDIS SÁNCHEZ TERCERA SECCIÓN,NA,NA,NA,07838,09,Ciudad de México,005,Gustavo A. Madero,0001,Gustavo A. Madero,2108,005,5557518020,NA,WWW.QUEBECGYM.COM,Fijo,19.46010399,-99.10266803,2010-07
736203,09007713943002081000000000U3,GYM QUETZAL,NA,713943,Centros de acondicionamiento físico del sector privado,0 a 5 personas,CALLE,VILLA CASTIN,CALLE,VILLA ELOISA,CALLE,VILLA ANGELA,CALLE,VILLA CAMPA,28,LT19,NA,NA,0,MZ 28 LT 19,COLONIA,DESARROLLO URBANO QUETZALCOATL,NA,NA,NA,09700,09,Ciudad de México,007,Iztapalapa,0001,Iztapalapa,3079,006,5560397579,NA,NA,Fijo,19.32779483,-99.04136706,2014-12
12334087,09016713943002061000000000U6,GYM RADIATION LAB,RDT LAB COMBAT,713943,Centros de acondicionamiento físico del sector privado,0 a 5 personas,AVENIDA,PASEO DE LAS PALMAS,CALLE,MONTES URALES NORTE,CALLE,SIERRA MOJADA,CALLE,AVENIDA CORDILLERA DE LOS ANDES,340,NA,NA,12,NA,NA,COLONIA,LOMAS DE CHAPULTEPEC III SECCIÓN,CENTRO Y PLAZA COMERCIAL,ALTEZA,11,11000,09,Ciudad de México,016,Miguel Hidalgo,0001,Miguel Hidalgo,0849,021,NA,NA,WWW.RADIATIONLAB.MX,Fijo,19.42975481,-99.21091967,2026-04
7904117,09007713943004541000000000U4,GYM RAM SAM WARRIORS,NA,713943,Centros de acondicionamiento físico del sector privado,0 a 5 personas,CALLE,MARTINIANO GUERRERO,CALLE,ANDRES TUTINO,CERRADA,NINGUNO,EJE VIAL,8 SUR (CALZADA ERMITA IZTAPALAPA),25,NA,NA,NA,NA,NA,MANZANA,SAN MIGUEL,NA,NA,NA,09360,09,Ciudad de México,007,Iztapalapa,0001,Iztapalapa,4927,003,5537114969,NA,NA,Fijo,19.35461626,-99.08010445,2019-11
10748571,09003713943002861000000000U7,GYM RED LINE,NA,713943,Centros de acondicionamiento físico del sector privado,0 a 5 personas,CALLE,CERRO DE LA SILLA,CALLE,CERRO MACUILTEPEC,CALLE,CERRO LIBERTAD,CALLE,CERRO DE JESUS,3,NA,NA,NA,2,NA,COLONIA,CAMPESTRE CHURUBUSCO,NA,NA,NA,04200,09,Ciudad de México,003,Coyoacán,0001,Coyoacán,0183,008,NA,NA,NA,Fijo,19.34456975,-99.13442689,2024-11
9162779,09010713943002011000000000U4,GYM RENOVATION FITNESS,NA,713943,Centros de acondicionamiento físico del sector privado,0 a 5 personas,CALLE,PRIMORDIAL,CALLE,ARTURO PRIOR,AVENIDA,VASCO DE QUIROGA,CALLE,ARTURO PRIOR,3,NA,NA,NA,1,NA,COLONIA,EL PIRÚ SEGUNDA AMPLIACIÓN,NA,NA,NA,01230,09,Ciudad de México,010,Álvaro Obregón,0001,Álvaro Obregón,0313,045,NA,NA,NA,Fijo,19.38066055,-99.24184852,2019-11
8508792,09013713943001481000000000U4,GYM RESPIRA,NA,713943,Centros de acondicionamiento físico del sector privado,0 a 5 personas,CALLE,MORELOS,CALLE,CUAUHTEMOC,PRIVADA,NINGUNO,CALLE,PEDRO RAMIREZ DEL CASTILLO,67,NA,NA,NA,93,NA,BARRIO,SAN PEDRO,NA,NA,NA,16090,09,Ciudad de México,013,Xochimilco,0001,Xochimilco,0230,002,NA,NA,NA,Fijo,19.25862782,-99.105453,2019-11
11140123,09007713943006771000000000U5,GYM RHINO,NA,713943,Centros de acondicionamiento físico del sector privado,0 a 5 personas,AUTOPISTA,MEXICO PUEBLA,CALLE,JOAQUIN PARDAVE,CALLE,CUCO SANCHEZ,CALLE,DOLORES DEL RIO,NA,SN,NA,NA,NA,NA,COLONIA,AMPLIACIÓN EMILIANO ZAPATA,NA,NA,NA,09638,09,Ciudad de México,007,Iztapalapa,0001,Iztapalapa,4838,011,5578207066,NA,NA,Fijo,19.33904236,-98.9763014,2024-11
8999802,09007713943004101000000000U7,GYM RHINO FIGHT TEAM,NA,713943,Centros de acondicionamiento físico del sector privado,0 a 5 personas,AVENIDA,JALISCO,CALLE,MIGUEL HIDALGO,CALLE,5 DE MAYO,CALLE,5 DE MAYO,49,NA,NA,NA,NA,NA,PUEBLO,SANTA MARÍA AZTAHUACAN,NA,NA,NA,09500,09,Ciudad de México,007,Iztapalapa,0001,Iztapalapa,1710,005,NA,NA,NA,Fijo,19.34707511,-99.02414445,2019-11
1039827,09010713943000301000000000U1,GYM SAN BARTOLO,NA,713943,Centros de acondicionamiento físico del sector privado,0 a 5 personas,AVENIDA,DESIERTO DE LOS LEONES,CALLE,PALMAS,CALLE,CEDROS,AVENIDA,DESIERTO DE LOS LEONES,NA,SN,NA,NA,NA,NA,PUEBLO,SAN BARTOLO AMEYALCO,NA,NA,NA,01800,09,Ciudad de México,010,Álvaro Obregón,0001,Álvaro Obregón,1345,034,NA,NA,NA,Fijo,19.32646132,-99.27008347,2010-07
1055743,09010713943000861000000000U4,GYM SANTA LUCIA,NA,713943,Centros de acondicionamiento físico del sector privado,0 a 5 personas,CALLE,26,AVENIDA,SANTA LUCIA,CALLE,MARIO MORENO,CALLE,25,150,NA,NA,NA,NA,NA,COLONIA,HOGAR Y REDENCIÓN,NA,NA,NA,01450,09,Ciudad de México,010,Álvaro Obregón,0001,Álvaro Obregón,0578,006,5285722509,NA,NA,Fijo,19.37011602,-99.21696523,2014-12
9306174,09010713943002091000000000U6,GYM SERSANA METHOD STUDIO,SERSANA STUDIO,713943,Centros de acondicionamiento físico del sector privado,0 a 5 personas,PERIFERICO,BOULEVARD ADOLFO RUIZ CORTINES,CALLE,CORTINES,CALLE,MANZANA,CALLE,PICACHO,3720,NA,NA,18,NA,NA,COLONIA,JARDINES DEL PEDREGAL,CENTRO Y PLAZA COMERCIAL,ARTZ,245,01900,09,Ciudad de México,010,Álvaro Obregón,0001,Álvaro Obregón,128A,025,NA,NA,NA,Fijo,19.31437351,-99.22045264,2020-11
8387391,09003464113002371110000000U8,GYM SHARKS,NA,713943,Centros de acondicionamiento físico del sector privado,0 a 5 personas,AVENIDA,AZTECAS,CALLE,Rey Meconetzin,CALLE,Rey Tepalcatzin,CALLE,Zapotecas,467,NA,NA,NA,NA,NA,COLONIA,AJUSCO,NA,NA,NA,04300,09,Ciudad de México,003,Coyoacán,0001,Coyoacán,0817,019,NA,NA,NA,Fijo,19.32198457,-99.16151333,2019-11
9800967,09007713943007391000000000U1,GYM SILIMEX,NA,713943,Centros de acondicionamiento físico del sector privado,0 a 5 personas,CALLE,LEBRIJA REFORMA,AVENIDA,SAN LORENZO,CALLE,CENTRAL,CALLE,MONZON (JUAREZ),185,NA,NA,NA,NA,NA,COLONIA,CERRO DE LA ESTRELLA,NA,NA,NA,09860,09,Ciudad de México,007,Iztapalapa,0001,Iztapalapa,1975,003,NA,NA,NA,Fijo,19.32230107,-99.07509888,2024-11
7792280,09007713943005501000000000U7,GYM SILUET,NA,713943,Centros de acondicionamiento físico del sector privado,0 a 5 personas,AVENIDA,FUERTE DE LORETO,CALLE,NINGUNO,CALLE,NINGUNO,CALLE,SEBASTIAN BARRIGUETE ANDRADE,163,NA,NA,NA,101,NA,COLONIA,EJÉRCITO DE AGUA PRIETA,NA,NA,NA,09270,09,Ciudad de México,007,Iztapalapa,0001,Iztapalapa,4683,071,5544479834,NA,NA,Fijo,19.3681244,-99.03290247,2019-11
9659200,09007713943008061000000000U9,GYM SIN NOMBRE,NA,713943,Centros de acondicionamiento físico del sector privado,0 a 5 personas,CALLE,LIBORIO CRESPO,CALLE,FRANCISCO FLORES,CALLE,MANUEL GANDARA,CALLE,JOSE MARIA FACHA,35,MZ 13 LT 35,NA,NA,NA,NA,COLONIA,SANTA MARTHA ACATITLA SUR,NA,NA,NA,09510,09,Ciudad de México,007,Iztapalapa,0001,Iztapalapa,0835,006,NA,NA,NA,Fijo,19.36414148,-99.02297738,2024-11
10139218,09005713943004881000000000U8,GYM SKY,NA,713943,Centros de acondicionamiento físico del sector privado,0 a 5 personas,CALLE,EMILIO TUERO,CALLE,JUVENTINO ROSAS,CALLE,JOSE MOJICA,CALLE,FANNY SCHILLER,41,NA,NA,NA,NA,NA,COLONIA,FORESTAL,NA,NA,NA,07140,09,Ciudad de México,005,Gustavo A. Madero,0001,Gustavo A. Madero,2733,013,NA,NA,NA,Fijo,19.56175475,-99.13146313,2024-11
1053400,09011713943000421000000000U5,GYM SMART FLEX & CROSS TRAINING,NA,713943,Centros de acondicionamiento físico del sector privado,0 a 5 personas,CALLE,MORELOS,CALLE,VICENTE GUERRERO,CALLE,CALLEJON MORELOS,CALLE,INDEPENDENCIA,NA,SN,NA,NA,NA,NA,PUEBLO,SAN FRANCISCO TLALTENCO,NA,NA,NA,13400,09,Ciudad de México,011,Tláhuac,0001,Tláhuac,0147,014,NA,NA,NA,Fijo,19.29493773,-99.01631594,2010-07
8604616,09007713943004901000000000U0,GYM SMART PALACE,NA,713943,Centros de acondicionamiento físico del sector privado,0 a 5 personas,CALLE,ZACAHUITZCO,AVENIDA,BENITO JUAREZ,CALLE,CERRADA CUITLAHUAC,CALLE,IZTAPALAPA,1,NA,NA,NA,NA,LOTE 1 MANZANA 1,COLONIA,EL MOLINO TEZONCO,NA,NA,NA,09900,09,Ciudad de México,007,Iztapalapa,0001,Iztapalapa,216A,007,NA,NA,NA,Fijo,19.30158728,-99.06788221,2019-11
825629,09007713943001823000000000U9,GYM SPORT CENTER,GUADALUPE MADARIAGA,713943,Centros de acondicionamiento físico del sector privado,0 a 5 personas,CALLE,IGNACIO ALLENDE,CALLE,PROFESOR OTILIO MONTAÑO,CALLE,ABRAHAM GONZALEZ,CALLE,ANILLO DE CIRCUNVALACION,26,NA,NA,NA,NA,NA,COLONIA,SANTA MARÍA AZTAHUACAN,NA,NA,NA,09500,09,Ciudad de México,007,Iztapalapa,0001,Iztapalapa,1104,009,NA,NA,NA,Fijo,19.35923307,-99.02495447,2010-07
695589,09017713943001022001000000U7,GYM SPORT FITNESS C S,NA,713943,Centros de acondicionamiento físico del sector privado,0 a 5 personas,CALLE,SAN ANTONIO TOMATLAN,EJE VIAL,2 ORIENTE (HONORABLE CONGRESO DE LA UNION),AVENIDA,FERROCARRIL DE CINTURA,CALLE,ALARCON,93,NA,NA,NA,NA,NA,COLONIA,10 DE MAYO,NA,NA,NA,15290,09,Ciudad de México,017,Venustiano Carranza,0001,Venustiano Carranza,0494,006,NA,SPORTFITNESS2_2@HOTMAIL.COM,WWW.SPORTFITNESSCS.COM,Fijo,19.43510994,-99.12089434,2014-12
712631,09007713943002561000000000U4,GYM SPORT LIVEGIMNASIO,NA,713943,Centros de acondicionamiento físico del sector privado,0 a 5 personas,CALLE,ESTENOGRAFOS,CALLE,FISICOS,EJE VIAL,6 SUR (TRABAJADORAS SOCIALES),CALLE,MECANOGRAFOS,66,NA,NA,NA,NA,NA,COLONIA,EL SIFÓN,NA,NA,NA,09400,09,Ciudad de México,007,Iztapalapa,0001,Iztapalapa,0534,006,NA,NA,NA,Fijo,19.37336463,-99.112043,2014-12
8528758,09010713943001383001000000U8,GYM SPRING FITNESS,NA,713943,Centros de acondicionamiento físico del sector privado,0 a 5 personas,CALLE,DOLORES DEL RIO,AVENIDA,SANTA LUCIA,AVENIDA,MIGUEL HIDALGO,CALLE,AGUSTIN LARA,88,NA,NA,NA,NA,NA,COLONIA,OLIVAR DEL CONDE SEGUNDA SECCIÓN,NA,NA,NA,01408,09,Ciudad de México,010,Álvaro Obregón,0001,Álvaro Obregón,0578,023,5520869873,BEATRIZ.PERDOMO.2672@GMAIL.COM,WWW.SPRINGFITNESSGYM.COM,Fijo,19.37223828,-99.21513917,2019-11
643827,09017713943000071000000000U5,GYM STAR,NA,713943,Centros de acondicionamiento físico del sector privado,0 a 5 personas,CALLE,IMPRENTA,CALLE,TALABARTEROS,EJE VIAL,2 NORTE (CANAL DEL NORTE),CALLE,SAHUAYO,237,NA,NA,NA,NA,NA,COLONIA,JANITZIO,NA,NA,NA,15230,09,Ciudad de México,017,Venustiano Carranza,0001,Venustiano Carranza,016A,013,NA,NA,NA,Fijo,19.45022911,-99.11791743,2010-07
9817927,09007713943007871000000000U2,GYM STARMAN,NA,713943,Centros de acondicionamiento físico del sector privado,0 a 5 personas,CALLE,GENERAL FELIPE DE LA GARZA,CALLE,BALVANERA,CALLE,GENERAL FLORENCIO ANTILLON,CALLE,GENERAL JOSE MARIA PARRAS,674,NA,NA,NA,NA,NA,COLONIA,JUAN ESCUTIA,NA,NA,NA,09100,09,Ciudad de México,007,Iztapalapa,0001,Iztapalapa,0271,006,NA,NA,NA,Fijo,19.38537228,-99.03004583,2024-11
9443285,09007713943006451000000000U4,GYM STRENGTH,NA,713943,Centros de acondicionamiento físico del sector privado,0 a 5 personas,CALLE,CHIPIONA,CALLE,LEBRIJA (REFORMA),CALLE,MONZON (JUAREZ),CALLE,CADAQUES,138,NA,NA,NA,NA,NA,COLONIA,CERRO DE LA ESTRELLA,NA,NA,NA,09860,09,Ciudad de México,007,Iztapalapa,0001,Iztapalapa,1960,011,NA,NA,NA,Fijo,19.32115955,-99.07702778,2023-11
1020341,09008713943000091000000000U2,GYM SVEN,NA,713943,Centros de acondicionamiento físico del sector privado,0 a 5 personas,CALLE,GUILLERMO PRIETO,CALLE,PRIMERA CERRADA GUILLERMO PRIETO,CALLE,LA PRESA,AVENIDA,LUIS CABRERA,14,NA,NA,NA,NA,NA,COLONIA,CUAUHTÉMOC,NA,NA,NA,10020,09,Ciudad de México,008,La Magdalena Contreras,0001,La Magdalena Contreras,0211,009,5556683419,MONTOYA.SVEN@GMAIL.COM,NA,Fijo,19.31941752,-99.2410643,2010-07
10505573,09012713943002941000000000U8,GYM TEAM UNDERGROUND,NA,713943,Centros de acondicionamiento físico del sector privado,0 a 5 personas,CALLE,AKIL,CALLE,TENOSIQUE,CALLE,HOMUN,CALLE,YUCALPETEN,254,14,NA,NA,NA,NA,COLONIA,HÉROES DE PADIERNA,NA,NA,NA,14200,09,Ciudad de México,012,Tlalpan,0001,Tlalpan,0642,022,NA,NA,NA,Fijo,19.28626765,-99.22194389,2024-11
7631587,09013713943001382001000000U4,GYM THE BUNKEV,NA,713943,Centros de acondicionamiento físico del sector privado,0 a 5 personas,CALLE,AVENIDA DE LA PAZ,CALLE,HERMENEGILDO GALEANA (NIÑOS HEROES),CALLE,IGNACIO ZARAGOZA,CALLE,BELISARIO DOMINGUEZ,NA,SN,NA,NA,NA,NA,COLONIA,CALYEQUITA,NA,NA,NA,16750,09,Ciudad de México,013,Xochimilco,0001,Xochimilco,0565,007,NA,NA,NA,Fijo,19.25278349,-99.01220969,2019-11
1041450,09010713943000921001000000U6,GYM THE LIONS,NA,713943,Centros de acondicionamiento físico del sector privado,6 a 10 personas,AVENIDA,AVENIDA DE LAS TORRES,CALLE,TULIPAN,CALLE,GERANIO,AVENIDA,AVENIDA DE LAS TORRES,NA,SN,NA,NA,NA,NA,COLONIA,TORRES DE POTRERO,NA,NA,NA,01840,09,Ciudad de México,010,Álvaro Obregón,0001,Álvaro Obregón,2057,031,NA,NA,NA,Fijo,19.32908715,-99.2512732,2010-07
1013911,09015713943001331000000000U6,GYM TITOS,UNION DE COMERCIANTES MONEDA,713943,Centros de acondicionamiento físico del sector privado,0 a 5 personas,CALLE,REPUBLICA DEL SALVADOR,CALLE,BOLIVAR,CALLE,ISABEL LA CATOLICA,CALLE,REPUBLICA DE URUGUAY,66,NA,NA,17,1,NA,COLONIA,CENTRO,PASAJE Y ANDADOR COMERCIAL,PLAZA MONEDA,SN,06600,09,Ciudad de México,015,Cuauhtémoc,0001,Cuauhtémoc,0818,003,5588022795,COMPOPSPSF@GMAIL.COM,NA,Fijo,19.42973633,-99.13708374,2010-07
791534,09005713943001201001000000U2,GYM TORRE,NA,713943,Centros de acondicionamiento físico del sector privado,0 a 5 personas,CALLE,NORTE 66 A,CALLE,ORIENTE 103,EJE VIAL,3 NORTE (ANGEL ALBINO CORZO ORIENTE 101),CALLE,NORTE 70,5203,NA,NA,NA,NA,NA,COLONIA,TABLAS DE SAN AGUSTÍN,NA,NA,NA,07860,09,Ciudad de México,005,Gustavo A. Madero,0001,Gustavo A. Madero,2061,017,5557514299,NA,NA,Fijo,19.46302723,-99.10954196,2010-07
7673550,09010713944000161000000000U7,GYM TORRES DE POTRERO,SECRETARIA DE CULTURA DE LA CIUDAD DE MEXICO,713944,Centros de acondicionamiento físico del sector público,0 a 5 personas,CALLE,ALTA TENSION,CALLE,BUGAMBILIA,CALLE,GERANIO,CALLE,ALTA TENSION,NA,SN,NA,NA,NA,NA,COLONIA,TORRES DE POTRERO,NA,NA,NA,01840,09,Ciudad de México,010,Álvaro Obregón,0001,Álvaro Obregón,1684,017,NA,NA,NA,Fijo,19.32963347,-99.25131175,2019-11
10131998,09017713943001751000000000U1,GYM TRAIN TO LIVE,NA,713943,Centros de acondicionamiento físico del sector privado,0 a 5 personas,CALLE,CUCURPE,CALLE,PROLONGACION LUCAS ALAMAN,CALLE,ZOQUIPA,CALLE,SUR 105,4333,NA,NA,NA,NA,NA,COLONIA,AERONÁUTICA MILITAR,NA,NA,NA,15970,09,Ciudad de México,017,Venustiano Carranza,0001,Venustiano Carranza,0719,020,5530087149,SERGIODESANCHEZ@OUTLOOK.COM,NA,Fijo,19.41873823,-99.11696475,2024-11
11619854,09007713943007031000000000U3,GYM TRUST,NA,713943,Centros de acondicionamiento físico del sector privado,0 a 5 personas,CALLE,SAMUEL F B MORSE,CALLE,HUGO CHAMBERLEN,CALLE,JUAN LESLIE,CALLE,VICENTE GARCIA,NA,SN,NA,NA,NA,NA,COLONIA,FUEGO NUEVO,NA,NA,NA,09800,09,Ciudad de México,007,Iztapalapa,0001,Iztapalapa,1833,008,NA,NA,NA,Fijo,19.3319697,-99.10435721,2024-11
7628461,09013713943001682001000000U7,GYM TSX BLACK,NA,713943,Centros de acondicionamiento físico del sector privado,0 a 5 personas,AVENIDA,GUADALUPE I RAMIREZ,CALLE,POMA ROSA,CALLE,OLMOS,CALLE,ARCES,251,NA,NA,NA,NA,NA,AMPLIACION,AMPLIACIÓN SAN MARCOS NORTE,NA,NA,NA,16038,09,Ciudad de México,013,Xochimilco,0001,Xochimilco,1050,037,NA,NA,NA,Fijo,19.26553524,-99.11242892,2019-11
11483873,09015713943003143000000000U3,GYM UFC,UGFO MEXICO,713943,Centros de acondicionamiento físico del sector privado,11 a 30 personas,AVENIDA,INSURGENTES CENTRO,CALLE,HAVRE,CALLE,HAMBURGO,CALLE,NAPOLES,64,NA,NA,2,NA,NA,COLONIA,JUÁREZ,EDIFICIO COMERCIAL Y DE SERVICIOS,YAMA INSURGENTES REFORMA,201,06600,09,Ciudad de México,015,Cuauhtémoc,0001,Cuauhtémoc,0841,007,NA,NA,NA,Fijo,19.42735997,-99.1611486,2024-11
9311057,09010713943002111001000000U2,GYM UFC FITNESS,UGFO MEXICO,713943,Centros de acondicionamiento físico del sector privado,11 a 30 personas,PERIFERICO,BOULEVARD ADOLFO RUIZ CORTINES,CALLE,CORTINES,CALLE,MANZANA,CALLE,PICACHO,3720,NA,NA,18,NA,NA,COLONIA,JARDINES DEL PEDREGAL,CENTRO Y PLAZA COMERCIAL,ARTZ,229,01900,09,Ciudad de México,010,Álvaro Obregón,0001,Álvaro Obregón,128A,025,NA,NA,NA,Fijo,19.31437351,-99.22045264,2020-11
679122,09005713943002451001000000U2,GYM VEGAS SPORT,NA,713943,Centros de acondicionamiento físico del sector privado,6 a 10 personas,AVENIDA,699,CALLE,712,CALLE,710-A,CALLE,710-A,151,NA,NA,NA,2,NA,COLONIA,CTM ARAGÓN,NA,NA,NA,07990,09,Ciudad de México,005,Gustavo A. Madero,0001,Gustavo A. Madero,2714,030,NA,NA,NA,Fijo,19.45768876,-99.05449427,2014-12
803190,09006713943000732001000000U5,GYM VICTORY SPORT CENTER,NA,713943,Centros de acondicionamiento físico del sector privado,0 a 5 personas,EJE VIAL,3 SUR FERROCARRIL DE RIO FRIO,CALLE,ORIENTE 241-C,CALLE,ORIENTE 241-D,CALLE,SUR 24,300,NA,NA,NA,NA,NA,COLONIA,AGRÍCOLA ORIENTAL,NA,NA,NA,08500,09,Ciudad de México,006,Iztacalco,0001,Iztacalco,0522,015,5522354182,NA,NA,Fijo,19.38765113,-99.07417279,2010-07
8257231,09007713943005131000000000U3,GYM VIDA,NA,713943,Centros de acondicionamiento físico del sector privado,0 a 5 personas,PERIFERICO,CANAL DE GARAY,CALLE,CENTAURO DEL NORTE,AVENIDA,BENITO JUAREZ,CALLE,HACIENDA 4 CIENEGAS,NA,SN,NA,NA,NA,LT. 8,COLONIA,FRANCISCO VILLA,NA,NA,NA,09720,09,Ciudad de México,007,Iztapalapa,0001,Iztapalapa,1814,028,NA,NA,NA,Fijo,19.33833561,-99.06417817,2019-11
8704236,09005713943003161000000000U6,GYM WORDL FITNESS,FRIDA MARQUEZ,713943,Centros de acondicionamiento físico del sector privado,0 a 5 personas,CALLE,LA NACION,CALLE,BANDERA,CALLE,21 DE MARZO,CALLE,CALLE DEL PAIS,309,NA,NA,NA,NA,NA,COLONIA,SANTA MARÍA TICOMÁN,NA,NA,NA,07330,09,Ciudad de México,005,Gustavo A. Madero,0001,Gustavo A. Madero,0559,010,5561584859,NA,NA,Fijo,19.51525554,-99.13286502,2019-11
8896536,09014713943001421000000000U8,GYM WRETO 360,FIT WELL CENTRO DE BIENESTAR,713943,Centros de acondicionamiento físico del sector privado,0 a 5 personas,CALLE,CONCHA DE VILLARREAL,CALLE,ELEUTERIO MENDEZ,CALLE,AVENIDA 17,CALLE,JOSE SIMON BOLIVAR,8,NA,NA,NA,NA,NA,COLONIA,SAN SIMÓN TICUMAC,NA,NA,NA,03660,09,Ciudad de México,014,Benito Juárez,0001,Benito Juárez,0647,016,NA,NA,NA,Fijo,19.37490333,-99.14779951,2019-11
8183623,09005713943003601000000000U1,GYM XTREME,NA,713943,Centros de acondicionamiento físico del sector privado,0 a 5 personas,CALLE,JAGUAR,CALLE,BARRANCA DE COCOYOTES,CALLE,LEONES,CALLE,LEOPARDOS,NA,SN,NA,NA,NA,NA,COLONIA,COCOYOTES,NA,NA,NA,07180,09,Ciudad de México,005,Gustavo A. Madero,0001,Gustavo A. Madero,2767,001,NA,NA,NA,Fijo,19.54893473,-99.13143912,2019-11
845904,09006713943000701000000000U0,GYM Y FITNESS CENTRAL,NA,713943,Centros de acondicionamiento físico del sector privado,0 a 5 personas,EJE VIAL,5 ORIENTE CENTRAL,AVENIDA,NORTE,CALLE,PRIVADA DE LA CENTRAL,CALLE,1,53,NA,NA,NA,NA,NA,COLONIA,AGRÍCOLA PANTITLAN,NA,NA,NA,08100,09,Ciudad de México,006,Iztacalco,0001,Iztacalco,1200,026,5538708734,NA,NA,Fijo,19.40712385,-99.07041999,2010-07
8268766,09017713943001371000000000U8,GYM YAEBS,NA,713943,Centros de acondicionamiento físico del sector privado,0 a 5 personas,CALLE,CIRCUNVALACION,CALLE,6,EJE VIAL,4 ORIENTE (RIO CHURUBUSCO),CALLE,CORONA,473,NA,NA,NA,NA,NA,COLONIA,CUCHILLA PANTITLÁN,NA,NA,NA,11111,09,Ciudad de México,017,Venustiano Carranza,0001,Venustiano Carranza,0884,017,NA,NA,WWW.CARDIOGYMSYAEBS.MX,Fijo,19.42228152,-99.05733301,2019-11
788242,09005713943000791000000000U3,GYM YUREM,NA,713943,Centros de acondicionamiento físico del sector privado,0 a 5 personas,CALLE,TURQUESA,CALLE,TESORO,AVENIDA,LA VICTORIA,CALLE,RUBI,38,NA,NA,NA,NA,NA,COLONIA,ESTRELLA,NA,NA,NA,07810,09,Ciudad de México,005,Gustavo A. Madero,0001,Gustavo A. Madero,1792,020,NA,NA,NA,Fijo,19.47285435,-99.11583445,2010-07
11388920,09009713943000662000000000U8,GYM ZEUS,NA,713943,Centros de acondicionamiento físico del sector privado,6 a 10 personas,CALLE,MIGUEL HIDALGO,CALLE,NIÑOS HEROES,CALLE,TLALOC,CALLE,AVENIDA INDEPENDENCIA,61,NA,NA,NA,NA,NA,PUEBLO,SAN PEDRO ATOCPAN,NA,NA,NA,12200,09,Ciudad de México,009,Milpa Alta,0029,San Pedro Atocpan,0454,013,NA,NA,NA,Fijo,19.20334729,-99.04731941,2024-11
10837315,09007713943006921000000000U6,GYM ZEUS,NA,713943,Centros de acondicionamiento físico del sector privado,0 a 5 personas,CALLE,TLAXCO,CALLE,TLACOTALPA,CALLE,CERRADA LIMON,CALLE,TLAQUILPA,4,MZ289,NA,NA,NA,NA,COLONIA,MIGUEL DE LA MADRID HURTADO,NA,NA,NA,09698,09,Ciudad de México,007,Iztapalapa,0001,Iztapalapa,2795,026,NA,NA,NA,Fijo,19.34404426,-99.00225548,2024-11
10116768,09012713943003032000000000U5,GYM-MANIA CLASES BAILE Y YOGA,NA,713943,Centros de acondicionamiento físico del sector privado,6 a 10 personas,CALLE,ACANCEH,AVENIDA,MANI,CALLE,CHUBURNA,CALLE,CHEMAX,4069,NA,NA,1,NA,NA,COLONIA,PEDREGAL DE SAN NICOLÁS SEGUNDA SECCIÓN,"TIANGUIS, BAZAR O PULGA",BTD BAZAR,1A Y 2A,14100,09,Ciudad de México,012,Tlalpan,0001,Tlalpan,0500,018,NA,NA,NA,Fijo,19.28944814,-99.23740996,2024-11
721118,09007713943003571000000000U2,GYMNACIO MUSCLE FIT GYM,NA,713943,Centros de acondicionamiento físico del sector privado,0 a 5 personas,AVENIDA,BENITO JUAREZ,CALLE,ANA KARENINA,CALLE,LAZARILLO DE TORMES,CALLE,FRANCISCO I. MADERO,75,MZ 7 LOTE 187,NA,NA,NA,NA,COLONIA,PROGRESISTA,NA,NA,NA,09240,09,Ciudad de México,007,Iztapalapa,0001,Iztapalapa,1015,014,5531549437,NA,NA,Fijo,19.35671057,-99.06648296,2014-12
10426689,09008713943000811000000000U3,GYMNASIO,IVAN,713943,Centros de acondicionamiento físico del sector privado,0 a 5 personas,AVENIDA,OJO DE AGUA,CALLE,PRINCIPAL,PRIVADA,EMPERADOR,CALLE,ESPERANZA,NA,SN,NA,NA,NA,NA,COLONIA,TIERRA UNIDA,NA,NA,NA,10660,09,Ciudad de México,008,La Magdalena Contreras,0001,La Magdalena Contreras,0584,005,5512295179,NA,NA,Fijo,19.3050106,-99.26853725,2024-11
8625594,09015713943002241000000000U6,GYMNASIO AEON CF TRAINING,NA,713943,Centros de acondicionamiento físico del sector privado,0 a 5 personas,CALLE,SINALOA,EJE VIAL,2 PONIENTE (MONTERREY),AVENIDA,INSURGENTES SUR,CALLE,URUAPAN,10,NA,NA,NA,NA,NA,COLONIA,ROMA NORTE,NA,NA,NA,06700,09,Ciudad de México,015,Cuauhtémoc,0001,Cuauhtémoc,0998,013,NA,AENCFTRAINING@GMAIL.COM,NA,Fijo,19.42135581,-99.16408152,2019-11
672952,09005713943002222002000000U7,GYMNASIO AQUASOFT,NA,713943,Centros de acondicionamiento físico del sector privado,0 a 5 personas,CALLE,PARANAGUA,CALLE,CATAMARCA,CALLE,LA RIOJA,CALLE,SAN JUAN DE PUERTO RICO,1140,NA,NA,NA,NA,NA,COLONIA,RESIDENCIAL ZACATENCO,NA,NA,NA,07369,09,Ciudad de México,005,Gustavo A. Madero,0001,Gustavo A. Madero,060A,013,5551193193,NA,NA,Fijo,19.50411622,-99.12709572,2014-12
10429533,09004713943000821000000000U1,GYMNASIO CROSSFIT,REDLINE,713943,Centros de acondicionamiento físico del sector privado,0 a 5 personas,CONTINUACION,JUAN SALVADOR AGRAZ,AVENIDA,TAMAULIPAS,PROLONGACION,VASCO DE QUIROGA,CALLE,MARIO PANI,40,NA,NA,NA,NA,NA,COLONIA,SANTA FE CUAJIMALPA,NA,NA,NA,05348,09,Ciudad de México,004,Cuajimalpa de Morelos,0001,Cuajimalpa de Morelos,0369,077,NA,NA,NA,Fijo,19.35984858,-99.27908237,2024-11
8253603,09007713943004361000000000U7,GYMNASIO SCORPION,NA,713943,Centros de acondicionamiento físico del sector privado,0 a 5 personas,CALLE,NOGAL,CALLE,MIGUEL ALEMAN,AVENIDA,DE LAS TORRES,CALLE,INGENIERO EPIFANIO ROMERO,10,MZ38,NA,NA,NA,NA,COLONIA,CAMPESTRE POTRERO,NA,NA,NA,09637,09,Ciudad de México,007,Iztapalapa,0001,Iztapalapa,4842,006,NA,NA,NA,Fijo,19.33019092,-98.97391389,2019-11
862273,09012713943000532002000000U7,GYMNASIO SPORT AND FITNESS HEALT AND BODY,NA,713943,Centros de acondicionamiento físico del sector privado,6 a 10 personas,AVENIDA,LA GARITA,CALZADA,ACOXPA,CALLE,EL MAYORAZGO,CALLE,EL POTRERO,203,NA,NA,NA,NA,NA,RESIDENCIAL,RESIDENCIAL VILLA COAPA,NA,NA,NA,14390,09,Ciudad de México,012,Tlalpan,0001,Tlalpan,0591,009,5556038898,NA,NA,Fijo,19.2917209,-99.11948703,2010-07
8584031,09003713943001881000000000U6,GYMNASIO TEC FIT ENTRENAMIENTO DEPORTIVO,XSPORT FITNESS,713943,Centros de acondicionamiento físico del sector privado,0 a 5 personas,AVENIDA,PACIFICO,CALLE,EUROPA,CALLE,AMERICA,CALLE,REAL DE LOS REYES,105,NA,NA,17,NA,NA,PUEBLO,DE LOS REYES,EDIFICIO COMERCIAL Y DE SERVICIOS,EDIFICIO,103,04330,09,Ciudad de México,003,Coyoacán,0001,Coyoacán,0450,017,NA,TECFITCOYOACAN@GMAIL.COM,WWW.TECFIT.MX,Fijo,19.34312876,-99.15591358,2019-11
755158,09016713943000081000000000U6,GYMSER,NA,713943,Centros de acondicionamiento físico del sector privado,0 a 5 personas,CALLE,MAR ARABIGO,CALZADA,MEXICO-TACUBA,CALLE,MAR MEDITERRANEO,CALLE,MAR BAFFIN,NA,SN,NA,NA,NA,NA,COLONIA,TACUBA,NA,NA,NA,11400,09,Ciudad de México,016,Miguel Hidalgo,0001,Miguel Hidalgo,0054,001,5512892369,GYMSER@PRODIGYNET.MX,NA,Fijo,19.45942068,-99.18491472,2010-07
1032529,09013713943000151000000000U4,HAMMER GYM,NA,713943,Centros de acondicionamiento físico del sector privado,0 a 5 personas,CALLE,NUEVA,CALLE,RIO SANTIAGO,CALLE,EMILIANO ZAPATA,AVENIDA,CARRETERA XOCHIMILCO-SAN PABLO-TOPILEJO,48,NA,NA,NA,NA,NA,PUEBLO,SANTIAGO TEPALCATLALPAN,NA,NA,NA,16200,09,Ciudad de México,013,Xochimilco,0001,Xochimilco,0387,002,5620180393,NA,NA,Fijo,19.24795989,-99.12040656,2010-07
776413,09017713943000211000000000U7,HARO GIM,NA,713943,Centros de acondicionamiento físico del sector privado,0 a 5 personas,CALLE,LORENZO BOTURINI,CALLE,SUR 79,CALLE,SUR 77,CALLE,ZOQUIPA,438,NA,NA,NA,NA,NA,COLONIA,LORENZO BOTURINI,NA,NA,NA,15820,09,Ciudad de México,017,Venustiano Carranza,0001,Venustiano Carranza,105A,020,NA,NA,NA,Fijo,19.41713668,-99.12373843,2010-07
7268024,09017713943001441000000000U9,HARO GYM MORELOS,NA,713943,Centros de acondicionamiento físico del sector privado,0 a 5 personas,EJE VIAL,3 SUR MORELOS,CALLE,GENERAL OTILIO MONTAÑO (CALLEJON HUEPAC),CALLE,NICOLAS BRAVO,CERRADA,CALLEJON 79,416,NA,NA,NA,NA,NA,COLONIA,MAGDALENA MIXIUHCA,NA,NA,NA,15860,09,Ciudad de México,017,Venustiano Carranza,0001,Venustiano Carranza,1401,009,5575324846,YAZMINMORELOS51@GMAIL.COM,NA,Fijo,19.40899166,-99.1182091,2019-11
10768292,09002713943001252000000000U2,HD SPORT FITNESS,NA,713943,Centros de acondicionamiento físico del sector privado,6 a 10 personas,EJE VIAL,4 NORTE ANTIGUA CALZADA DE GUADALUPE,CALLE,CAMPO SAN MARCOS,CALLE,COACHILCO,CERRADA,SANTOS DEGOLLADO,127,NA,NA,NA,NA,NA,COLONIA,SAN MARCOS,NA,NA,NA,02020,09,Ciudad de México,002,Azcapotzalco,0001,Azcapotzalco,0311,032,NA,HDAXCAPOTZALCO@GMAIL.COM,NA,Fijo,19.48933944,-99.18514666,2024-11
897634,09015713943001283000000000U9,HD SPORT FITNESS,HD SPORT FITNESS,713943,Centros de acondicionamiento físico del sector privado,11 a 30 personas,EJE VIAL,1 PONIENTE AVENIDA CUAUHTEMOC,AVENIDA,DOCTOR RIO DE LA LOZA,CALLE,DOCTOR LAVISTA,CALLE,DOCTOR MANUEL CARMONA Y VALLE,16,NA,NA,NA,NA,NA,COLONIA,DOCTORES,NA,NA,NA,06720,09,Ciudad de México,015,Cuauhtémoc,0001,Cuauhtémoc,1534,013,5562877414,HDSPORTFITNESS@HOTMAIL.COM,NA,Fijo,19.42503394,-99.15362105,2014-12
1042512,09015713943000882001000000U9,HD SPORT FITNESS,NA,713943,Centros de acondicionamiento físico del sector privado,0 a 5 personas,AVENIDA,FRAY SERVANDO TERESA DE MIER,CALLE,BOLIVAR,CALLE,ISABEL LA CATOLICA,CALLE,NEZAHUALCOYOTL,88,NA,NA,NA,NA,NA,COLONIA,CENTRO,NA,NA,NA,06080,09,Ciudad de México,015,Cuauhtémoc,0001,Cuauhtémoc,0964,004,5551625043,NA,NA,Fijo,19.42430553,-99.13833459,2010-07
10618955,09002713943001542000000000U6,HD SPORT FITNESS,ENRIQUE MARAVE,713943,Centros de acondicionamiento físico del sector privado,6 a 10 personas,EJE VIAL,3 NORTE CALZADA CAMARONES,CALLE,SALONICA,CALLE,NORTE 79-A,EJE VIAL,3 NORTE (CALZADA CAMARONES),439,NA,NA,NA,NA,NA,COLONIA,SECTOR NAVAL,NA,NA,NA,02080,09,Ciudad de México,002,Azcapotzalco,0001,Azcapotzalco,0504,013,NA,NA,NA,Fijo,19.47034439,-99.17805497,2024-11
10241144,09003713943002832000000000U8,HD SPORT FITNESS CAFETALES,HD SPORT FITNESS,713943,Centros de acondicionamiento físico del sector privado,6 a 10 personas,EJE VIAL,3 ORIENTE AVENIDA CAFETALES,CALLE,RANCHO ESTOPILA,CALLE,RANCHO ROMERAL,CALLE,RANCHO CUCHILLA,1768,NA,NA,NA,NA,NA,COLONIA,HACIENDAS DE COYOACÁN,NA,NA,NA,04970,09,Ciudad de México,003,Coyoacán,0001,Coyoacán,1213,005,NA,NA,NA,Fijo,19.30273168,-99.11289779,2024-11
842002,09007713943001722002000000U3,HEALT CLUB,NA,713943,Centros de acondicionamiento físico del sector privado,0 a 5 personas,AVENIDA,INSURGENTES,CALLE,FRANCISCO I. MADERO,CALLE,EMILIANO ZAPATA,AVENIDA,MIGUEL HIDALGO,2,NA,NA,NA,NA,NA,COLONIA,SANTA CRUZ MEYEHUALCO,NA,NA,NA,09700,09,Ciudad de México,007,Iztapalapa,0001,Iztapalapa,1763,015,NA,NA,NA,Fijo,19.33763691,-99.03864414,2010-07
672513,09005713943002341000000000U5,HELLBOY,NA,713943,Centros de acondicionamiento físico del sector privado,0 a 5 personas,AVENIDA,ACUEDUCTO,CALLE,CANDELARIA,CALZADA,TICOMAN,AVENIDA,TICOMAN,899,NA,NA,NA,NA,NA,COLONIA,CANDELARIA TICOMÁN,NA,NA,NA,07310,09,Ciudad de México,005,Gustavo A. Madero,0001,Gustavo A. Madero,0417,015,5533085510,NA,NA,Fijo,19.51918016,-99.13549745,2014-12
8192838,09007713943004281100000000U7,HERCULES GIM,NA,713943,Centros de acondicionamiento físico del sector privado,0 a 5 personas,CALLE,VENUSTIANO CARRANZA,CALLE,ZAPATA,CALLE,NAYARIT,CALLE,FRANCISCO I. MADERO,2,MZ 495,NA,NA,NA,NA,COLONIA,IZTLAHUACAN,NA,NA,NA,09690,09,Ciudad de México,007,Iztapalapa,0001,Iztapalapa,3115,020,NA,NA,NA,Fijo,19.34059671,-98.99531187,2019-11
929658,09008713943000441000000000U9,HERCULES GYM,NA,713943,Centros de acondicionamiento físico del sector privado,0 a 5 personas,AVENIDA,SAN BERNABE,CALLE,FRESNO,CALLE,CRUZ BLANCA,CALLE,MONTECRISTO,406,B,NA,NA,NA,NA,COLONIA,CUAUHTÉMOC,NA,NA,NA,10020,09,Ciudad de México,008,La Magdalena Contreras,0001,La Magdalena Contreras,0211,016,5510507511,NA,NA,Fijo,19.31993383,-99.24288054,2014-12
7729531,09012713943002011000000000U0,HERLI GYM,NA,713943,Centros de acondicionamiento físico del sector privado,0 a 5 personas,AVENIDA,8,AVENIDA,UNO,CALLE,BOULEVARD PICACHO AJUSCO,AVENIDA,8,NA,SN,NA,NA,NA,NA,COLONIA,MIGUEL HIDALGO CUARTA SECCIÓN,NA,NA,NA,14250,09,Ciudad de México,012,Tlalpan,0001,Tlalpan,1462,023,NA,NA,NA,Fijo,19.2769838,-99.20936328,2019-11
7733615,09015713943002012001000000U1,HEROES ALL STAR,HEROES ALL STAR,713943,Centros de acondicionamiento físico del sector privado,11 a 30 personas,EJE VIAL,2 SUR DOCTOR OLVERA,AVENIDA,NIÑOS HEROES,CALLE,DOCTOR RAFAEL LUCIO,CALLE,DOCTOR M. GARCIA DIEGO,155,NA,NA,NA,NA,NA,COLONIA,DOCTORES,NA,NA,NA,06720,09,Ciudad de México,015,Cuauhtémoc,0001,Cuauhtémoc,1125,004,NA,HEROESALLSTAR@HOTMAIL.COM,NA,Fijo,19.41574884,-99.15123667,2019-11
9119904,09005713943004111001000000U0,HEROES CENTRO DE ENTRENAMIENTO,NA,713943,Centros de acondicionamiento físico del sector privado,6 a 10 personas,AVENIDA,JUVENTINO ROSAS VENUSTIANO CARRANZA,CALLE,CUAUHTEMOC,OTRO(ESPECIFIQUE),ARROYO,OTRO(ESPECIFIQUE),ARROYO,37,NA,NA,NA,NA,NA,COLONIA,CUAUTEPEC DE MADERO,NA,NA,NA,07200,09,Ciudad de México,005,Gustavo A. Madero,0001,Gustavo A. Madero,3093,038,5560837038,NA,NA,Fijo,19.54443704,-99.13865899,2019-11
8391985,09014713943001282001000000U4,HIT HARD,HHFIT,713943,Centros de acondicionamiento físico del sector privado,0 a 5 personas,AVENIDA,INSURGENTES SUR,AVENIDA,EUGENIA,CALLE,MARCELO,AVENIDA,MAGDALENA,836,NA,NA,NA,NA,NA,COLONIA,DEL VALLE CENTRO,NA,NA,NA,03100,09,Ciudad de México,014,Benito Juárez,0001,Benito Juárez,0223,015,NA,NA,WWW.HITHARD.MX,Fijo,19.388508,-99.17396166,2019-11
11000227,09008713943000901000000000U2,HITNNES,NA,713943,Centros de acondicionamiento físico del sector privado,0 a 5 personas,CALLE,ORIZABA,CALLE,TUXPAN,CALLE,MALTRATA,CALLE,PASEO CRI CRI,42,NA,NA,NA,NA,NA,COLONIA,SAN JERÓNIMO ACULCO,NA,NA,NA,10400,09,Ciudad de México,008,La Magdalena Contreras,0001,La Magdalena Contreras,0194,002,5513370574,NA,NA,Fijo,19.3196328,-99.22461928,2024-11
694867,09017713943000991000000000U4,HORACIO S GYM,NA,713943,Centros de acondicionamiento físico del sector privado,0 a 5 personas,CALLE,ORIENTE 168,CALLE,NORTE 37,AVENIDA,AVENIDA DEL PEÑON,CALLE,ORIENTE 166,NA,SN,NA,NA,386,NA,COLONIA,MOCTEZUMA SEGUNDA SECCIÓN,NA,NA,NA,15530,09,Ciudad de México,017,Venustiano Carranza,0001,Venustiano Carranza,0460,018,5539502358,NA,NA,Fijo,19.43734702,-99.09260864,2014-12
10492273,09014713943002151000000000U0,HORDA BOXER GYM,RODRIGO LOAISA,713943,Centros de acondicionamiento físico del sector privado,0 a 5 personas,AVENIDA,UNIVERSIDAD,CALLE,SAN LORENZO,EJE VIAL,7 SUR (MUNICIPIO LIBRE),CALLE,AVENIDA MEXICOCOYOACAN,790,NA,NA,12,NA,NA,COLONIA,SANTA CRUZ ATOYAC,CENTRO Y PLAZA COMERCIAL,PLAZA COMERCIAL ZAPATA,18,03100,09,Ciudad de México,014,Benito Juárez,0001,Benito Juárez,0825,003,NA,NA,NA,Fijo,19.37087901,-99.16456782,2024-11
830946,09007811113000021010000000U2,HORSE POWER GYM,NA,713943,Centros de acondicionamiento físico del sector privado,0 a 5 personas,CALLE,TETLALPA,CALLE,PASEO TETLALPA,CALLE,PASEO TETLALPA,CALLE,PASEO TETLALPA,1,1A,NA,NA,NA,NA,COLONIA,SANTIAGO ACAHUALTEPEC SEGUNDA AMPLIACIÓN,NA,NA,NA,09609,09,Ciudad de México,007,Iztapalapa,0001,Iztapalapa,2600,019,5627234468,NA,NA,Fijo,19.3508841,-99.01440292,2010-07
11167837,09003713943002381000000000U6,HOT SPOT GIMNASIO,NA,713943,Centros de acondicionamiento físico del sector privado,0 a 5 personas,CALLE,XICOTENCATL,AVENIDA,DIVISION DEL NORTE,CALLE,CORINA,CALLE,LONDRES,103,BIS,NA,NA,NA,NA,COLONIA,DEL CARMEN,NA,NA,NA,04100,09,Ciudad de México,003,Coyoacán,0001,Coyoacán,0041,008,5527214055,NA,NA,Fijo,19.35496019,-99.15314093,2024-11
823202,09007713943000291001000000U0,HOUSE GYM,NA,713943,Centros de acondicionamiento físico del sector privado,6 a 10 personas,CALLE,MARMOLEJO,CALLE,BILBAO,CALLE,CATARROJA,CALLE,MADRID,20,NA,NA,NA,NA,NA,COLONIA,CERRO DE LA ESTRELLA,NA,NA,NA,09860,09,Ciudad de México,007,Iztapalapa,0001,Iztapalapa,1890,012,NA,NA,NA,Fijo,19.32710959,-99.07682012,2010-07
11027574,09014713943002291000000000U4,HUMANFIT,MANUEL PASCUAL,713943,Centros de acondicionamiento físico del sector privado,0 a 5 personas,CALLE,ACORDADA,CALLE,CALLE DEL ANGEL,CALLE,DAMAS,CIRCUITO,INTERIOR (AVENIDA RIO MIXCOAC),58,NA,NA,NA,NA,NA,COLONIA,SAN JOSÉ INSURGENTES,NA,NA,NA,03900,09,Ciudad de México,014,Benito Juárez,0001,Benito Juárez,0897,016,5517978864,NA,NA,Fijo,19.36879957,-99.18347658,2024-11
8489167,09014713943001531001000000U4,IKARUS,NA,713943,Centros de acondicionamiento físico del sector privado,6 a 10 personas,CALLE,TAJIN,CALLE,LUZ SAVIÑON,CALLE,CUMBRES DE MALTRATA,CALLE,XOCHICALCO,295,NA,NA,NA,NA,NA,COLONIA,NARVARTE ORIENTE,NA,NA,NA,03020,09,Ciudad de México,014,Benito Juárez,0001,Benito Juárez,0261,002,NA,NA,NA,Fijo,19.3910051,-99.15349277,2019-11
10586280,09010713943002661000000000U6,IMPULSE BOUTIQUE FITNESS,NA,713943,Centros de acondicionamiento físico del sector privado,0 a 5 personas,PERIFERICO,BOULEVARD ADOLFO RUIZ CORTINES,CALLE,NINGUNO,AVENIDA,AVENIDA DE LA LUZ,CALLE,NINGUNO,3332,NA,NA,1,NA,NA,COLONIA,JARDINES DEL PEDREGAL,EDIFICIO COMERCIAL Y DE SERVICIOS,YAMA,2,01900,09,Ciudad de México,010,Álvaro Obregón,0001,Álvaro Obregón,128A,014,5521783876,IMPULSESANJERONIMO@GMAIL.COM,WWW.IMPULSEBODYFITNESS.COM,Fijo,19.3236841,-99.216291,2024-11
929058,09008713943000412001000000U0,INFINITY PADEL,INFINITY PADEL,713943,Centros de acondicionamiento físico del sector privado,0 a 5 personas,CALLE,TIHUATLAN,AVENIDA,MEXICO-CONTRERAS,PERIFERICO,BOULEVARD ADOLFO RUIZ CORTINES,PRIVADA,CHECOSLOVAQUIA,10,NA,NA,NA,NA,NA,COLONIA,SAN JERÓNIMO ACULCO,NA,NA,NA,10400,09,Ciudad de México,008,La Magdalena Contreras,0001,La Magdalena Contreras,0194,027,5535278514,NA,NA,Fijo,19.31801027,-99.22206471,2014-12
736719,09007713943002131000000000U6,INFINITY STYLE,NA,713943,Centros de acondicionamiento físico del sector privado,0 a 5 personas,CERRADA,PLAN DE SAN LUIS,AVENIDA,PLAN DE AYALA,CALLE,PLAN DE AYUTLA,CALLE,URSULO GALVAN,25,NA,NA,NA,0,L25,COLONIA,CARLOS HANK GONZÁLEZ,NA,NA,NA,09700,09,Ciudad de México,007,Iztapalapa,0001,Iztapalapa,3030,018,5532137166,NA,NA,Fijo,19.33418263,-99.04728778,2014-12
9906980,09012713943003221000000000U4,INSTITUTO ENERGIA,NA,713943,Centros de acondicionamiento físico del sector privado,0 a 5 personas,CALLE,MIGUEL LERDO DE TEJADA,CALLE,JESUS LECUONA,CALLE,LAZARO CARDENAS,CALLE,JAIME TORRES BODET,10,NA,NA,NA,NA,NA,COLONIA,MIGUEL HIDALGO TERCERA SECCIÓN,NA,NA,NA,14250,09,Ciudad de México,012,Tlalpan,0001,Tlalpan,0869,006,5619166819,NA,NA,Fijo,19.28165987,-99.20977575,2024-11
8038386,09012713944000134000000000U0,INSTITUTO MEXICANO DEL SEGURO SOCIAL,INSTITUTO MEXICANO DEL SEGURO SOCIAL,713944,Centros de acondicionamiento físico del sector público,31 a 50 personas,CALLE,CLAVEL NORTE,CALLE,CALLE DEL ROSAL,CALLE,NIÑOS HEROES,CALLE,PRIVADA ALTEPEMILPA,6,NA,NA,NA,NA,NA,PUEBLO,SAN PEDRO MÁRTIR,NA,NA,NA,14650,09,Ciudad de México,012,Tlalpan,0001,Tlalpan,1157,003,NA,NA,NA,Fijo,19.27123815,-99.16584089,2019-11
10191849,09008713943000822000000000U0,INTENSIVE FUNCTIONAL TRAINING,NA,713943,Centros de acondicionamiento físico del sector privado,6 a 10 personas,CALLE,HEROES DE PADIERNA,AVENIDA,SAN JERONIMO,AVENIDA,LUIS CABRERA,PRIVADA,CUAUHTEMOC,132,NA,NA,1,NA,NA,COLONIA,SAN JERÓNIMO LÍDICE,CENTRO Y PLAZA COMERCIAL,PLAZA LIDICE,12,10200,09,Ciudad de México,008,La Magdalena Contreras,0001,La Magdalena Contreras,0086,011,NA,NA,NA,Fijo,19.32339405,-99.22324158,2024-11
1034289,09013713943001161000000000U2,IRON MACHINE ALBERCA Y GYM,NA,713943,Centros de acondicionamiento físico del sector privado,0 a 5 personas,CALLE,2 DE ABRIL,CALLE,CAMINO A SAN JOSE,PEATONAL,SEGUNDO CALVARIO,CALLE,CALLE DEL CAMPO,84,NA,NA,NA,NA,NA,PUEBLO,LAS CRUCES,NA,NA,NA,16500,09,Ciudad de México,013,Xochimilco,0001,Xochimilco,1154,023,5530241703,NA,NA,Fijo,19.24298442,-99.07390211,2010-07
10594595,09014713943002261000000000U7,IRONCORE BY CRTR,IRONCORE BY CRTR,713943,Centros de acondicionamiento físico del sector privado,0 a 5 personas,CALLE,MIGUEL LAURENT,EJE VIAL,2 PONIENTE (GABRIEL MANCERA),CALLE,ANICETO ORTEGA,CALLE,TLACOQUEMECATL,510,NA,NA,NA,4,NA,COLONIA,DEL VALLE SUR,NA,NA,NA,03100,09,Ciudad de México,014,Benito Juárez,0001,Benito Juárez,0755,014,NA,NA,NA,Fijo,19.37551354,-99.1665629,2024-11
10851423,09007713943007151000000000U9,IRONHOUSE GYM,NA,713943,Centros de acondicionamiento físico del sector privado,0 a 5 personas,CALLE,YATZABETH,CALLE,MITZI IXCHEL,CALLE,VILLA INFERIOR,CALLE,FUENTE DE LOS FAROLES,36,MZA 7 LT,NA,NA,NA,NA,COLONIA,DESARROLLO URBANO QUETZALCOATL,NA,NA,NA,09700,09,Ciudad de México,007,Iztapalapa,0001,Iztapalapa,4236,037,NA,NA,NA,Fijo,19.32157429,-99.04430528,2024-11
9381304,09007713943006401000000000U9,ISMERELY HEALTH FITNES LIFE,NA,713943,Centros de acondicionamiento físico del sector privado,0 a 5 personas,CALLE,REFORMA EJIDAL,CALLE,REFORMA EDUCATIVA,CALLE,REFORMA FISCAL,CALLE,REFORMA LIBERAL,17,MANZANA 55,NA,NA,NA,NA,COLONIA,REFORMA POLÍTICA,NA,NA,NA,09730,09,Ciudad de México,007,Iztapalapa,0001,Iztapalapa,2901,029,5511336672,NA,NA,Fijo,19.33860988,-99.03028568,2021-11
10170319,09005713943004601000000000U0,ITENACIDET,NA,713943,Centros de acondicionamiento físico del sector privado,0 a 5 personas,CALLE,NORTE 78 A,CALLE,ORIENTE 91,CALLE,ORIENTE 87,CALLE,NORTE 80,4549,NA,NA,NA,NA,NA,COLONIA,NUEVA TENOCHTITLÁN,NA,NA,NA,07890,09,Ciudad de México,005,Gustavo A. Madero,0001,Gustavo A. Madero,2220,020,5578108678,ITENACIDET@HOTMAIL.COM,NA,Fijo,19.45762515,-99.10611589,2024-11
650066,09005713943000201000000000U3,JAC SPORT GYM,NA,713943,Centros de acondicionamiento físico del sector privado,0 a 5 personas,CALLE,CALLE DE LOS ROMPEOLAS,CALLE,ACUEDUCTO DE GUADALUPE,AVENIDA,VENTISCA,CALLE,ACUEDUCTO DE GUADALUPE,387,NA,NA,NA,NA,NA,RESIDENCIAL,RESIDENCIAL ACUEDUCTO DE GUADALUPE,NA,NA,NA,07270,09,Ciudad de México,005,Gustavo A. Madero,0001,Gustavo A. Madero,039A,031,5553882569,NA,NA,Fijo,19.52684409,-99.15778466,2010-07
10863298,09015713943003181000000000U3,JAGUAR BOXING GYM,NA,713943,Centros de acondicionamiento físico del sector privado,0 a 5 personas,AVENIDA,INSURGENTES SUR,CALLE,DURANGO,EJE VIAL,2 PONIENTE (MONTERREY),EJE VIAL,2 PONIENTE (MONTERREY),217,NA,NA,NA,NA,NA,COLONIA,ROMA NORTE,NA,NA,NA,06700,09,Ciudad de México,015,Cuauhtémoc,0001,Cuauhtémoc,1093,016,5558788214,NA,NA,Fijo,19.41991983,-99.16416873,2024-11
11087560,09015713943003171000000000U4,JAGUAR BOXING GYM,NA,713943,Centros de acondicionamiento físico del sector privado,0 a 5 personas,CALLE,GUILLERMO PRIETO,CALLE,IGNACIO MANUEL ALTAMIRANO,CALLE,JOSE ROSAS MORENO,CALLE,FRANCISCO DIAZ COVARRUBIAS,NA,SN,NA,NA,NA,NA,COLONIA,SAN RAFAEL,NA,NA,NA,06470,09,Ciudad de México,015,Cuauhtémoc,0001,Cuauhtémoc,0682,003,NA,JAGUARORTIZ@GAIL.COM,NA,Fijo,19.43722279,-99.16198103,2024-11
9825164,09015713943003031000000000U0,JAGUAR DINAMIC BY SONAGE,NA,713943,Centros de acondicionamiento físico del sector privado,0 a 5 personas,AVENIDA,INSURGENTES SUR,CALLE,DURANGO,EJE VIAL,2 PONIENTE (MONTERREY),EJE VIAL,2 PONIENTE (MONTERREY),217,NA,NA,NA,NA,B,COLONIA,ROMA NORTE,NA,NA,NA,06700,09,Ciudad de México,015,Cuauhtémoc,0001,Cuauhtémoc,1093,016,NA,NA,NA,Fijo,19.41997474,-99.1641518,2024-11
10592834,09013713943002201000000000U5,JAGUAR WARRIORS GYM CLUB,NA,713943,Centros de acondicionamiento físico del sector privado,0 a 5 personas,CALLE,2 DE ABRIL,CALLE,CALLE DEL TRABAJO,CALLE,EMILIANO ZAPATA,CALLE,CUAUHTEMOC,32,NA,NA,NA,NA,NA,PUEBLO,SANTIAGO TEPALCATLALPAN,NA,NA,NA,16200,09,Ciudad de México,013,Xochimilco,0001,Xochimilco,0372,008,5636863205,GUERRERO.T2808@GMAIL.COM,NA,Fijo,19.24890504,-99.12474693,2024-11
8694593,09008713943000531000000000U7,JAGUARES EXTREME COMBAT,NA,713943,Centros de acondicionamiento físico del sector privado,0 a 5 personas,AVENIDA,SAN JERONIMO,CALLE,12 DE OCTUBRE,ANDADOR,AHUEHUETE,ANDADOR,AHUEHUETE,2202,NA,NA,NA,NA,NA,COLONIA,HUAYATLA,NA,NA,NA,10360,09,Ciudad de México,008,La Magdalena Contreras,0001,La Magdalena Contreras,0404,038,NA,NA,NA,Fijo,19.30759581,-99.26075264,2019-11
11591400,09017713943001711000000000U5,JAGUARS CROSSFIT,NA,713943,Centros de acondicionamiento físico del sector privado,0 a 5 personas,CALLE,ROLANDO GARROS,EJE VIAL,1 NORTE (MANUEL LEBRIJA),CALLE,JUAN PABLO ALDASORO,CALLE,ROLANDO GARROS,161,A,NA,NA,NA,NA,COLONIA,AVIACIÓN CIVIL,NA,NA,NA,15740,09,Ciudad de México,017,Venustiano Carranza,0001,Venustiano Carranza,1280,008,NA,NA,NA,Fijo,19.41622709,-99.07815333,2024-11
926267,09010713943001102002000000U2,JAHN S OLYMPIC GYM,JAHN S OLYMPIC GYM,713943,Centros de acondicionamiento físico del sector privado,11 a 30 personas,CALLE,CONDOR,CALLE,ANDES,CALLE,VESUBIO,CALLE,CARPATOS,NA,SN,NA,NA,NA,NA,COLONIA,LOS ALPES,NA,NA,NA,01010,09,Ciudad de México,010,Álvaro Obregón,0001,Álvaro Obregón,0972,002,NA,LAURAPLATAS@GIMNASIOJAHNS.COM,NA,Fijo,19.36162264,-99.19296347,2014-12
8629477,09006713944000282001000000U9,JARDIN FAMILIAR LEOPOLDO ENSASTIGA SANTIAGO,GOBIERNO,713944,Centros de acondicionamiento físico del sector público,0 a 5 personas,EJE VIAL,4 SUR PRESIDENTE PLUTARCO ELIAS CALLES,EJE VIAL,4 SUR (PRESIDENTE PLUTARCO ELIAS CALLES),EJE VIAL,4 SUR (PRESIDENTE PLUTARCO ELIAS CALLES),EJE VIAL,4 SUR (PRESIDENTE PLUTARCO ELIAS CALLES),NA,SN,NA,NA,NA,SN,COLONIA,GABRIEL RAMOS MILLÁN SECCIÓN TLACOTAL,NA,NA,NA,08720,09,Ciudad de México,006,Iztacalco,0001,Iztacalco,0433,029,NA,NA,NA,Fijo,19.39704265,-99.1062582,2019-11
7733361,09015312112001051010000000U7,JAZBA CARDIO,NA,713943,Centros de acondicionamiento físico del sector privado,0 a 5 personas,CALLE,DOCTOR BARRAGAN,CALLE,DOCTOR DURAN,CALLE,DOCTOR MARQUEZ,CALLE,PRIVADA DOCTOR DURAN,258,NA,NA,NA,NA,NA,COLONIA,DOCTORES,NA,NA,NA,06720,09,Ciudad de México,015,Cuauhtémoc,0001,Cuauhtémoc,1233,013,NA,NA,NA,Fijo,19.41174248,-99.14558679,2019-11
1013125,09012713943000181000000000U3,JB GYM,NA,713943,Centros de acondicionamiento físico del sector privado,0 a 5 personas,CALLE,REFORMA,CALLE,5 DE MAYO,PRIVADA,NINGUNO,CALLE,BENITO JUAREZ,60,NA,NA,NA,NA,NA,PUEBLO,SAN ANDRÉS TOTOLTEPEC,NA,NA,NA,14400,09,Ciudad de México,012,Tlalpan,0001,Tlalpan,2013,014,NA,JUANDEMETRIOPEREZALVAREZ68@GMAIL.COM,NA,Fijo,19.25238814,-99.17324423,2010-07
655481,09005713943002081002000000U7,JEB URBAN,NA,713943,Centros de acondicionamiento físico del sector privado,0 a 5 personas,AVENIDA,CUAUTEPEC,CALLE,L. ARAGON,BOULEVARD,TEMOLUCO,CALLE,RIO SAN JAVIER,22,NA,NA,1,NA,NA,COLONIA,JORGE NEGRETE,PASAJE Y ANDADOR COMERCIAL,CUAUTEPEC,8,07280,09,Ciudad de México,005,Gustavo A. Madero,0001,Gustavo A. Madero,0313,020,5620491618,NA,NA,Fijo,19.52314477,-99.14220333,2010-07
11070978,09005713943005241000000000U4,JESSY JUMP CLASES DE MINI TRAMPOLIN,NA,713943,Centros de acondicionamiento físico del sector privado,0 a 5 personas,CALLE,FRAY PEDRO DE GANTE,CALLE,VASCO DE QUIROGA,CALLE,FRAY BERNARDINO DE LA TORRE,CALLE,FRAY JUAN DE PADILLA,32,NA,NA,NA,NA,NA,COLONIA,VASCO DE QUIROGA,NA,NA,NA,07440,09,Ciudad de México,005,Gustavo A. Madero,0001,Gustavo A. Madero,1006,002,5554990147,NA,NA,Fijo,19.49550423,-99.0937914,2024-11
9917594,09015713943002761000000000U3,JIN WORLD TAE KWON DO,JINDON GHWAN,713943,Centros de acondicionamiento físico del sector privado,0 a 5 personas,CALLE,HAMBURGO,CALLE,COPENHAGUE,CALLE,GENOVA,AVENIDA,PASEO DE LA REFORMA,97,H,NA,NA,NA,NA,COLONIA,JUÁREZ,NA,NA,NA,06600,09,Ciudad de México,015,Cuauhtémoc,0001,Cuauhtémoc,0803,015,5626992060,JIMWORLDCOMPANY@GMAIL.COM,NA,Semifijo,19.42674853,-99.16373996,2024-11
10820595,09007713943007921000000000U5,JUMP CITY FITNESS,GEORGINA FERMAN,713943,Centros de acondicionamiento físico del sector privado,0 a 5 personas,AVENIDA,GUERRA DE REFORMA,AVENIDA,CANAL DE TEZONTLE,CALLE,BATALLA DE CALPULALPAN,CALLE,10 DE AGOSTO DE 1860,2064,NA,NA,NA,NA,NA,COLONIA,LEYES DE REFORMA TERCERA SECCIÓN,NA,NA,NA,09310,09,Ciudad de México,007,Iztapalapa,0001,Iztapalapa,4908,002,NA,NA,NA,Fijo,19.38285365,-99.06888599,2024-11
6317106,09015713943000975002000000U1,JUNIOR CLUB,JUNIOR CLUB,713943,Centros de acondicionamiento físico del sector privado,6 a 10 personas,CALLE,SINDICALISMO,EJE VIAL,4 SUR (BENJAMÍN FRANKLIN),CALLE,NUEVO LEÓN,CALLE,ALTATA,3,NA,NA,NA,NA,NA,COLONIA,HIPÓDROMO,NA,NA,NA,6170,09,Ciudad de México,015,Cuauhtémoc,0001,Cuauhtémoc,1426,016,NA,PTRUJILLO@JUNIORCLUB.COM.MX,WWW.JUNIORCLUB.MX,Fijo,19.4048317,-99.172348,2010-07
642812,09002713943000231001000000U7,KAIROS GYM,NA,713943,Centros de acondicionamiento físico del sector privado,0 a 5 personas,AVENIDA,AQUILES SERDAN,AVENIDA,SAUCES,CALLE,CERRADA 16 DE SEPTIEMBRE,AVENIDA,AQUILES SERDAN,360,NA,NA,NA,NA,NA,COLONIA,PASTEROS,NA,NA,NA,02010,09,Ciudad de México,002,Azcapotzalco,0001,Azcapotzalco,0190,031,5971280762,NA,KAYROSGYM.COM.MX,Fijo,19.49131476,-99.19563261,2010-07
7729198,09012713943001981001000000U5,KAIZEN,SAYURI YAMADA,713943,Centros de acondicionamiento físico del sector privado,6 a 10 personas,AVENIDA,AVENIDA DE LAS TORRES,CALLE,VASCO DA GAMA,CALLE,SAPRISSA,CALLE,PARTIZAN,151,4,NA,17,NA,NA,COLONIA,ARBOLEDAS DEL SUR,CENTRO Y PLAZA COMERCIAL,PLAZA LAS TORRES,5,14376,09,Ciudad de México,012,Tlalpan,0001,Tlalpan,045A,039,NA,NA,NA,Fijo,19.29189593,-99.13956208,2019-11
11097994,09007713943007051000000000U1,KALIS GYM,NA,713943,Centros de acondicionamiento físico del sector privado,0 a 5 personas,AVENIDA,CIRCUNVALACION,CALLE,JOSE MARIA FACHA,CALLE,LIBORIO CRESPO,CALLE,FRANCISCO FLORES,0,MZ125L6,NA,NA,NA,NA,COLONIA,SANTA MARTHA ACATITLA SUR,NA,NA,NA,09510,09,Ciudad de México,007,Iztapalapa,0001,Iztapalapa,0835,005,NA,NA,NA,Fijo,19.36090325,-99.02387779,2024-11
11426020,09005713943004801000000000U6,KAPITAL CROSSXFIT,NA,713943,Centros de acondicionamiento físico del sector privado,0 a 5 personas,AVENIDA,CAMINO A SAN JUAN DE ARAGON,CALLE,PUERTO SAN BLAS,CALLE,CERRADA JUAN FRANCISCO,CALLE,PUERTO TAMPICO,2,NA,NA,NA,NA,NA,COLONIA,AMPLIACIÓN CASAS ALEMÁN,NA,NA,NA,07580,09,Ciudad de México,005,Gustavo A. Madero,0001,Gustavo A. Madero,1909,007,5590077082,CAPITALCROSS@GMAIL.COM,NA,Fijo,19.47456002,-99.08574566,2024-11
10785289,09005713943005113000000000U5,KAPITAL FITNESS,SALVADOR ZARAGOZA,713943,Centros de acondicionamiento físico del sector privado,11 a 30 personas,AVENIDA,CAMINO A SAN JUAN DE ARAGON,CALLE,CERRADA JUAN FRANCISCO,CALLE,PUERTO SAN BLAS,CALLE,CENTRAL,65,NA,NA,NA,NA,NA,COLONIA,EL OLIVO,NA,NA,NA,07920,09,Ciudad de México,005,Gustavo A. Madero,0001,Gustavo A. Madero,1951,016,5550869701,KAPITALFITNESS@GMAIL.COM,NA,Fijo,19.47439968,-99.08584456,2024-11
807162,09006713943000411000000000U6,KARDIO GYM ARIES,NA,713943,Centros de acondicionamiento físico del sector privado,0 a 5 personas,AVENIDA,TEXCOCO,CALLE,2,CALLE,3,CALLE,UNION,97,NA,NA,NA,NA,NA,COLONIA,AGRÍCOLA PANTITLAN,NA,NA,NA,08100,09,Ciudad de México,006,Iztacalco,0001,Iztacalco,0043,010,5555582530,NA,NA,Fijo,19.41813607,-99.06553188,2010-07
7193275,09007713943004701000000000U4,KARLY ZUMBA,NA,713943,Centros de acondicionamiento físico del sector privado,0 a 5 personas,CALLE,FLOR DE AGUA,CALLE,LOMAS DE SAN LORENZO,CALLE,FLOR DE SAN JOSE,CALLE,TEXCALES,1,NA,NA,NA,NA,NA,COLONIA,LOMAS DE SAN LORENZO,NA,NA,NA,09780,09,Ciudad de México,007,Iztapalapa,0001,Iztapalapa,2047,039,5568375337,NA,NA,Fijo,19.31778235,-99.0682568,2019-11
9443726,09005713943004261000000000U3,KATHARSIS,NA,713943,Centros de acondicionamiento físico del sector privado,0 a 5 personas,EJE VIAL,3 ORIENTE AVENIDA INGENIERO EDUARDO MOLINA,CALLE,298-A,CALLE,304,CALLE,301,1721,1,NA,NA,NA,NA,COLONIA,EL COYOL,NA,NA,NA,07420,09,Ciudad de México,005,Gustavo A. Madero,0001,Gustavo A. Madero,1311,037,5572837813,NA,NA,Fijo,19.48977587,-99.09285069,2023-11
10049186,09014713943002211000000000U2,KAUNA YOGA &MIND,KAUNA YOGA MIND,713943,Centros de acondicionamiento físico del sector privado,0 a 5 personas,CALLE,NICOLAS SAN JUAN,AVENIDA,DIAGONAL SAN ANTONIO,CALLE,PEDRO ROMERO DE TERREROS,CALLE,JUAN SANCHEZ AZCONA,514,2,NA,NA,541,NA,COLONIA,NARVARTE PONIENTE,NA,NA,NA,03020,09,Ciudad de México,014,Benito Juárez,0001,Benito Juárez,0257,024,NA,NA,NA,Fijo,19.39377534,-99.16107827,2024-11
908690,09003611621000881012000000U2,KEN GI KAN FITNESS,KEN GI KAN,713943,Centros de acondicionamiento físico del sector privado,0 a 5 personas,AVENIDA,CANAL DE MIRAMONTES,CALZADA,CALZADA DE TLALPAN,EJE VIAL,1 ORIENTE (AVENIDA CANAL DE MIRAMONTES),CALLE,XOTEPINGO,2249,NA,NA,NA,NA,NA,COLONIA,AVANTE,NA,NA,NA,04460,09,Ciudad de México,003,Coyoacán,0001,Coyoacán,0709,005,NA,KENGIKANFITNESS@HOTMAIL.COM,NA,Fijo,19.32974311,-99.13849034,2014-12
7261992,09010713944000111000000000U2,KICK BOXING CENTRO SOCIAL UNIDAD MOLINO DE SANTO DOMINGO,SECRETARIA DEL DESARROLLO SOCIAL,713944,Centros de acondicionamiento físico del sector público,0 a 5 personas,CALLE,PARALELA 7,ANDADOR,ANDADOR DEL HIERRO,CALLE,LOS POSTES,CALLE,LOS POSTES,NA,SN,NA,NA,NA,NA,COLONIA,MOLINO DE SANTO DOMINGO,NA,NA,NA,01130,09,Ciudad de México,010,Álvaro Obregón,0001,Álvaro Obregón,0101,024,NA,NA,NA,Fijo,19.39294901,-99.20248747,2019-11
9470716,09014713943001893001000000U8,KINE STUDIO,NA,713943,Centros de acondicionamiento físico del sector privado,0 a 5 personas,EJE VIAL,1 PONIENTE AVENIDA CUAUHTEMOC,CALLE,ERMITA,CALLE,ESPERANZA,CALLE,YACATAS,506,NA,NA,NA,NA,NA,COLONIA,NARVARTE PONIENTE,NA,NA,NA,03020,09,Ciudad de México,014,Benito Juárez,0001,Benito Juárez,0079,027,NA,CONTACTO@KINES.STUDIO.MX,NA,Fijo,19.4003503,-99.15557577,2023-11
11280018,09003713943002762000000000U7,KINGS GYM,EDGAR LOPEZ,713943,Centros de acondicionamiento físico del sector privado,6 a 10 personas,CALLE,PAPALOTL,AVENIDA,ESCUINAPA,CALLE,COYAMEL,CALLE,NAUYACA,96,NA,NA,NA,NA,NA,COLONIA,PEDREGAL DE SANTO DOMINGO,NA,NA,NA,04369,09,Ciudad de México,003,Coyoacán,0001,Coyoacán,1162,012,NA,EDENCAFEMX@GMAIL.COM,NA,Fijo,19.33234715,-99.16192368,2024-11
10506525,09013713943002313000000000U8,KINGS GYM,FERNANDO FERNANDEZ,713943,Centros de acondicionamiento físico del sector privado,11 a 30 personas,CALLE,CAMINO A NATIVITAS,CALLE,LIRIO ACUATICO,CALLE,RIO SAN LUCAS,CALLE,HERMENEGILDO GALEANA,369,NA,NA,NA,NA,NA,BARRIO,XALTOCAN,NA,NA,NA,16090,09,Ciudad de México,013,Xochimilco,0001,Xochimilco,0334,036,5524117484,NA,NA,Fijo,19.25274815,-99.10142199,2024-11
10693470,09014713943002031000000000U4,KINGS OF BARRIO,BRUNO RODRIGUEZ,713943,Centros de acondicionamiento físico del sector privado,0 a 5 personas,EJE VIAL,2 PONIENTE GABRIEL MANCERA,CALZADA,OBRERO MUNDIAL,CALLE,LA MORENA,CALLE,NICOLAS SAN JUAN,14,NA,NA,NA,NA,NA,COLONIA,DEL VALLE NORTE,NA,NA,NA,03103,09,Ciudad de México,014,Benito Juárez,0001,Benito Juárez,005A,016,NA,NA,NA,Fijo,19.40086137,-99.16108976,2024-11
9860414,09012713943003051000000000U5,KNOCK OUT,NA,713943,Centros de acondicionamiento físico del sector privado,0 a 5 personas,CALLE,AYUNTAMIENTO,PRIVADA,AYUNTAMIENTO,CALLE,JOAQUIN ROMO,CALLE,IGNACIO ZARAGOZA,87,B Y C,NA,NA,NA,NA,COLONIA,LA LONJA,NA,NA,NA,14267,09,Ciudad de México,012,Tlalpan,0001,Tlalpan,0360,010,5632693206,NA,NA,Fijo,19.29213468,-99.17826025,2024-11
1044648,09015713943001501000000000U4,KONKRETO GYM,NA,713943,Centros de acondicionamiento físico del sector privado,0 a 5 personas,AVENIDA,FRAY SERVANDO TERESA DE MIER,CALLE,ROLDAN,EJE VIAL,1 ORIENTE (ANILLO DE CIRCUNVALACION),CALLE,PUENTE SANTO TOMAS,17,NA,NA,NA,3,17,COLONIA,CENTRO,NA,NA,NA,06010,09,Ciudad de México,015,Cuauhtémoc,0001,Cuauhtémoc,0979,010,5572202373,NA,NA,Fijo,19.42302037,-99.12623083,2014-12
11237560,09002713943001281000000000U1,KOOT FITNESS,GRUPO DEPORTIVO KOOT FITNESS,713943,Centros de acondicionamiento físico del sector privado,0 a 5 personas,EJE VIAL,3 NORTE CUITLAHUAC,CALLE,TORONJA,CALLE,PLATANALES,CALLE,CENTRAL,3573,2,NA,NA,NA,NA,COLONIA,NUEVA SANTA MARÍA,NA,NA,NA,02800,09,Ciudad de México,002,Azcapotzalco,0001,Azcapotzalco,0716,020,5545798240,KOOTFITNESS8@GMAIL.COM,WWW.KOOTFITNESS.COM,Fijo,19.4696731,-99.17139557,2024-11
8904728,09014713943001251001000000U9,KRIEGER,NA,713943,Centros de acondicionamiento físico del sector privado,6 a 10 personas,CALLE,REEMBOLSOS,CALLE,CORRESPONDENCIA,CALLE,CUENCA,CALLE,CERTIFICADOS POSTALES,2,NA,NA,NA,NA,NA,COLONIA,ALAMOS,NA,NA,NA,03400,09,Ciudad de México,014,Benito Juárez,0001,Benito Juárez,0308,026,5520511753,ADRIANAREYES590@GMAIL.COM,NA,Fijo,19.39235518,-99.14057516,2019-11
9660622,09003713943002781000000000U7,LA ESQUINA DEL BOX,JUAN PEREZ,713943,Centros de acondicionamiento físico del sector privado,0 a 5 personas,EJE VIAL,3 ORIENTE AVENIDA ARMADA DE MEXICO,CALLE,ESCUINTLA,CALZADA,CALZADA DE LAS BOMBAS,CALLE,CINTALAPA,1501,NA,NA,NA,NA,NA,COLONIA,CAFETALES,NA,NA,NA,04918,09,Ciudad de México,003,Coyoacán,0001,Coyoacán,1181,007,5561210011,NA,NA,Fijo,19.311491,-99.11088762,2024-11
8616837,09003713943001981001000000U4,LA ESQUINA DEL BOXEO,FUENTES Y FUENTES ASOCIADOS,713943,Centros de acondicionamiento físico del sector privado,6 a 10 personas,PRIVADA,PRIVADA URSULO GALVAN,AVENIDA,SANTA ANA,PRIVADA,SANTIAGO VALVERDE,CALLE,CALLE RAMON RIVERA FERNANDEZ,587,NA,NA,NA,NA,NA,COLONIA,PRESIDENTES EJIDALES SEGUNDA SECCIÓN,NA,NA,NA,04470,09,Ciudad de México,003,Coyoacán,0001,Coyoacán,1707,009,NA,NA,NA,Fijo,19.32873082,-99.12468086,2019-11
9439627,09010624111000102011000000U5,LA FABRICA SAN ANGEL,TECNO AMIGO,713943,Centros de acondicionamiento físico del sector privado,11 a 30 personas,CALLE,CUAUHTEMOC,CALLE,MIGUEL HIDALGO,CALLE,AGUASCALIENTES,CALLE,MIGUEL HIDALGO,152,NA,NA,NA,NA,NA,COLONIA,TIZAPAN,NA,NA,NA,01089,09,Ciudad de México,010,Álvaro Obregón,0001,Álvaro Obregón,1237,011,5565858428,NA,NA,Fijo,19.33784099,-99.20067103,2023-11
10018539,09014713943001973000000000U8,LA GOOD STUFF,NA,713943,Centros de acondicionamiento físico del sector privado,11 a 30 personas,CALLE,UXMAL,CALLE,PILARES,AVENIDA,DIVISION DEL NORTE,CALLE,XOCHICALCO,718,NA,NA,NA,NA,NA,COLONIA,LETRÁN VALLE,NA,NA,NA,03650,09,Ciudad de México,014,Benito Juárez,0001,Benito Juárez,0628,016,NA,NA,NA,Fijo,19.37581981,-99.15748109,2024-11
1028243,09015541110006241011000000U6,LA JUNGLA,NA,713943,Centros de acondicionamiento físico del sector privado,6 a 10 personas,CALLE,TONALA,AVENIDA,INSURGENTES SUR,CALLE,DURANGO,CALLE,POMONA,6,NA,NA,NA,303,NA,COLONIA,ROMA NORTE,NA,NA,NA,06700,09,Ciudad de México,015,Cuauhtémoc,0001,Cuauhtémoc,1002,006,5630230990,NA,NA,Fijo,19.42140409,-99.16340628,2010-07
10724356,09014713943002272000000000U4,LA VIEJA GARDIA,NA,713943,Centros de acondicionamiento físico del sector privado,6 a 10 personas,CALLE,MANZANAS,CALLE,LIRIO,CALLE,DURAZNOS,CALLE,TEJOCOTES,27,A,NA,NA,NA,NA,COLONIA,TLACOQUEMECATL,NA,NA,NA,03200,09,Ciudad de México,014,Benito Juárez,0001,Benito Juárez,0717,009,5529903185,LAVIEJAGUARDIADELVALE@GMAIL.COM,NA,Fijo,19.37456316,-99.17795785,2024-11
8632047,09012713943002382001000000U5,LAS ESPADAS GYM GENERE,NA,713943,Centros de acondicionamiento físico del sector privado,11 a 30 personas,CALZADA,CALZADA DE TLALPAN,CALLE,HUIPULCO,CALLE,MEXICO-XOCHIMILCO,CALLE,MEXICO-XOCHIMILCO,4368,NA,NA,NA,NA,NA,COLONIA,SAN LORENZO HUIPULCO,NA,NA,NA,14050,09,Ciudad de México,012,Tlalpan,0001,Tlalpan,0430,001,NA,NA,WWW.GERNERGYM.COM.MX,Fijo,19.29720611,-99.15245873,2019-11
10629447,09005713943004811000000000U5,LAS PESAS,NA,713943,Centros de acondicionamiento físico del sector privado,0 a 5 personas,CALLE,ESTADO DE SONORA,AVENIDA,VILLA DE AYALA,CALLE,ESTADO DE OAXACA,CALLE,ESTADO DE SONORA,157,NA,NA,NA,NA,NA,COLONIA,PROVIDENCIA,NA,NA,NA,07550,09,Ciudad de México,005,Gustavo A. Madero,0001,Gustavo A. Madero,135A,005,5545417028,NA,NA,Fijo,19.48792017,-99.07271942,2024-11
10788657,09009713943000641000000000U2,LAS VEGAS GYM,NA,713943,Centros de acondicionamiento físico del sector privado,0 a 5 personas,CALLE,MOCTEZUMA,CALLE,IGNACIO ZARAGOZA,CALLE,ATZAYACATL,CALLE,TEUTLI,NA,SN,NA,NA,NA,NA,BARRIO,TULA,NA,NA,NA,12200,09,Ciudad de México,009,Milpa Alta,0029,San Pedro Atocpan,044A,008,5547780632,NA,NA,Fijo,19.20364589,-99.05122193,2024-11
8583047,09008713943000601000000000U8,LEAPS FITNESS DANCE & FLY,NA,713943,Centros de acondicionamiento físico del sector privado,0 a 5 personas,CALLE,HEROES DE PADIERNA,AVENIDA,SAN JERONIMO,AVENIDA,LUIS CABRERA,PRIVADA,CUAUHTEMOC,132,NA,NA,1,NA,NA,COLONIA,SAN JERÓNIMO LÍDICE,CENTRO Y PLAZA COMERCIAL,PLAZA LIDICE,15,10200,09,Ciudad de México,008,La Magdalena Contreras,0001,La Magdalena Contreras,0086,011,NA,NA,NA,Fijo,19.32339405,-99.22324158,2019-11
10049850,09017713943001733000000000U9,LEONES NEGROS,NA,713943,Centros de acondicionamiento físico del sector privado,11 a 30 personas,AVENIDA,OCEANIA,AVENIDA,608,AVENIDA,TAHEL,AVENIDA,602 (AVENIDA TEXCOCO-VIA TAPO),NA,SN,NA,NA,NA,NA,COLONIA,PENSADOR MEXICANO,NA,NA,NA,15510,09,Ciudad de México,017,Venustiano Carranza,0001,Venustiano Carranza,0136,001,NA,NA,NA,Fijo,19.44860275,-99.08260817,2024-11
10640729,09007713943007751000000000U6,LEONIDAS GYM,NA,713943,Centros de acondicionamiento físico del sector privado,0 a 5 personas,CALLE,CATARROJA,AVENIDA,SAN LORENZO,CALLE,CANILES,AVENIDA,ESPAÑA,46,NA,NA,NA,NA,NA,COLONIA,CERRO DE LA ESTRELLA,NA,NA,NA,09860,09,Ciudad de México,007,Iztapalapa,0001,Iztapalapa,1890,026,5574555081,NA,NA,Fijo,19.32616986,-99.07543675,2024-11
982806,09003713943001192001000000U8,LETS GO GYM,NA,713943,Centros de acondicionamiento físico del sector privado,0 a 5 personas,CALZADA,CALZADA DEL HUESO,CALLE,CARRIZAL,AVENIDA,SANTA ROSA,CALLE,CARRIZAL,160,NA,NA,1,6,B,COLONIA,EX-HACIENDA COAPA,CENTRO Y PLAZA COMERCIAL,PLAZA FUENTES,14B,04850,09,Ciudad de México,003,Coyoacán,0001,Coyoacán,1410,002,5556191849,NA,NA,Fijo,19.30837534,-99.13514115,2010-07
11367932,09002713943001371000000000U0,LEYENDAS DEL BOX,NA,713943,Centros de acondicionamiento físico del sector privado,0 a 5 personas,CALLE,NINGUNO,EJE VIAL,4 NORTE (CALZADA AZCAPOTZALCO-LA VILLA),EJE VIAL,5 NORTE (PONIENTE 140),AVENIDA,CEYLAN,757,NA,NA,17,NA,NA,COLONIA,ESTACIÓN PANTACO,PASAJE Y ANDADOR COMERCIAL,PLAZA EL CAMINO FORTUNA,04,02300,09,Ciudad de México,002,Azcapotzalco,0001,Azcapotzalco,0877,028,NA,NA,NA,Fijo,19.4917512,-99.17097795,2024-11
9024172,09015713943002082000000000U4,LIBERTY GYM & FITNESS,LIBERTY GYM & FITNESS,713943,Centros de acondicionamiento físico del sector privado,6 a 10 personas,EJE VIAL,1 PONIENTE GUERRERO,CALLE,CAMELIA,CALLE,SOL,CALLE,ZARAGOZA,200,NA,NA,NA,NA,NA,COLONIA,BUENAVISTA,NA,NA,NA,06350,09,Ciudad de México,015,Cuauhtémoc,0001,Cuauhtémoc,0502,002,NA,NA,NA,Fijo,19.44758313,-99.1470717,2019-11
11225581,09016713943001851000000000U1,LIBRA X LIBRA,LIBRA X LIBRA BOX FUNCIONAL,713943,Centros de acondicionamiento físico del sector privado,0 a 5 personas,PROLONGACION,MOLIERE,AVENIDA,EJERCITO NACIONAL MEXICANO,AVENIDA,HOMERO,CALLE,OLIVER GOLDSMITH,311,3,NA,NA,3,NA,COLONIA,POLANCO III SECCIÓN,NA,NA,NA,11540,09,Ciudad de México,016,Miguel Hidalgo,0001,Miguel Hidalgo,0641,020,NA,NA,LIBRAXLIBRAMX.COM,Fijo,19.43618846,-99.2011403,2024-11
8564324,09010713943001411000000000U7,LIBRA X LIBRA BOX FITNESS GET FIT,NA,713943,Centros de acondicionamiento físico del sector privado,0 a 5 personas,AVENIDA,5 DE MAYO,CALLE,ALFONSO CASO ANDRADE (LUZ Y FUERZA),CALLE,NINGUNO,CALLE,NINGUNO,290,LOCAL 6,NA,NA,NA,NA,COLONIA,MERCED GOMEZ,NA,NA,0,01600,09,Ciudad de México,010,Álvaro Obregón,0001,Álvaro Obregón,092A,001,NA,NA,NA,Fijo,19.36515679,-99.20035643,2019-11
7747040,09017713943001411000000000U2,LIFALLA 92,LIFALLA 92 VENUSTIANO CARRANZA,713943,Centros de acondicionamiento físico del sector privado,0 a 5 personas,EJE VIAL,3 ORIENTE INGENIERO EDUARDO MOLINA,CALLE,PELUQUEROS,CALLE,PROGRESO,CALLE,ORFEBRERIA,NA,SN,NA,NA,NA,NA,COLONIA,AMPLIACIÓN 20 DE NOVIEMBRE,NA,NA,NA,15240,09,Ciudad de México,017,Venustiano Carranza,0001,Venustiano Carranza,0244,008,NA,NA,NA,Fijo,19.44376745,-99.11266746,2019-11
8652173,09005713943003442000000000U0,LIFE FITNESS GYM,NA,713943,Centros de acondicionamiento físico del sector privado,6 a 10 personas,AVENIDA,VICTORIA ORIENTE ORIENTE 117,CALLE,NORTE 70,EJE VIAL,2 ORIENTE (HONORABLE CONGRESO DE LA UNION),CALLE,ENRIQUETA,3251,NA,NA,NA,NA,NA,COLONIA,BONDOJITO,NA,NA,NA,07820,09,Ciudad de México,005,Gustavo A. Madero,0001,Gustavo A. Madero,1805,006,NA,GRUPOLIFEFITNESS@YAHO.COM.MX,NA,Fijo,19.46837223,-99.10801489,2019-11
1012922,09008713943000011000000000U0,LIFEFITGY,NA,713943,Centros de acondicionamiento físico del sector privado,0 a 5 personas,CALLE,HUAYATLA,CALLE,GUADALUPE,CALLE,DEL ROSAL,AVENIDA,SAN JERONIMO,1,NA,NA,NA,NA,NA,COLONIA,NUEVO ALTO,NA,NA,NA,10640,09,Ciudad de México,008,La Magdalena Contreras,0001,La Magdalena Contreras,0300,023,NA,NA,NA,Fijo,19.3063204,-99.24772936,2010-07
805195,09005812410000201000000000U3,LIGA DE FUTBOL DEPORTIVO FRANCISCO ZARCO,GOBIERNO DEL DISTRITO FEDERAL,713944,Centros de acondicionamiento físico del sector público,0 a 5 personas,AVENIDA,503,EJE VIAL,3 NORTE (ANGEL ALBINO CORZO ORIENTE 101),EJE VIAL,4 NORTE (AVENIDA 510),AVENIDA,503,NA,SN,NA,NA,NA,NA,CIUDAD,SAN JUAN DE ARAGÓN I SECCIÓN,NA,NA,NA,07969,09,Ciudad de México,005,Gustavo A. Madero,0001,Gustavo A. Madero,2112,001,NA,NA,NA,Fijo,19.46204357,-99.09515222,2010-07
11176168,09013713943001982000000000U1,LIGA DE FUTBOL FC JUAREZ CDMX,IVAN RAMIREZ,713943,Centros de acondicionamiento físico del sector privado,6 a 10 personas,CALLE,ESMERALDA,CERRADA,SEGUNDA CUAUHTEMOC,CALLE,CUAUHTEMOC,CALLE,ESMERALDA,NA,SN,NA,NA,NA,NA,PUEBLO,SANTA MARÍA TEPEPAN,NA,NA,NA,16020,09,Ciudad de México,013,Xochimilco,0001,Xochimilco,0014,023,5513434348,NA,NA,Fijo,19.27460824,-99.14194658,2024-11
805192,09005713992000063010000000U4,LIGA DE FUTBOL GRUPO TEPEYAC,LIGA DE FUTBOL GRUPO TEPEYAC,713944,Centros de acondicionamiento físico del sector público,0 a 5 personas,AVENIDA,503,EJE VIAL,3 NORTE (ANGEL ALBINO CORZO-ORIENTE 101),EJE VIAL,4 NORTE (AVENIDA 510),AVENIDA,503,NA,SN,NA,NA,NA,NA,CIUDAD,SAN JUAN DE ARAGÓN I SECCIÓN,NA,NA,NA,07969,09,Ciudad de México,005,Gustavo A. Madero,0001,Gustavo A. Madero,2112,001,NA,NA,NA,Fijo,19.4618281,-99.09523461,2010-07
740560,09005713943001573000000000U4,LINDAVISTA SPORTS AND GYM,NA,713943,Centros de acondicionamiento físico del sector privado,0 a 5 personas,CALLE,QUITO,AVENIDA,INSTITUTO POLITECNICO NACIONAL,CALLE,BUENAVISTA,CALLE,MANIZALES,735,NA,NA,NA,NA,NA,COLONIA,LINDAVISTA SUR,NA,NA,NA,07300,09,Ciudad de México,005,Gustavo A. Madero,0001,Gustavo A. Madero,0722,018,NA,NA,NA,Fijo,19.49348377,-99.13274951,2010-07
11467792,09014713943002121000000000U3,LION BOXING,NA,713943,Centros de acondicionamiento físico del sector privado,0 a 5 personas,CALLE,LUISIANA,CALLE,FILADELFIA,CALLE,MONTANA,CALLE,ARKANSAS,6,B,NA,NA,NA,NA,COLONIA,NÁPOLES,NA,NA,NA,03810,09,Ciudad de México,014,Benito Juárez,0001,Benito Juárez,0384,019,5525093704,NA,NA,Fijo,19.39264542,-99.17356127,2024-11
10481254,09003713943002621000000000U5,LION GOLDEN FITNESS,NA,713943,Centros de acondicionamiento físico del sector privado,0 a 5 personas,CALLE,SAN GABRIEL,AVENIDA,SANTA URSULA,CALLE,SAN HERMILO,CALLE,SAN CASTULO,630,26,NA,NA,NA,NA,COLONIA,PEDREGAL DE SANTA ÚRSULA,NA,NA,NA,04600,09,Ciudad de México,003,Coyoacán,0001,Coyoacán,0997,006,5524051902,NA,NA,Fijo,19.30963557,-99.15195095,2024-11
8442868,09003713943001631001000000U5,LITHIUM GYM,NA,713943,Centros de acondicionamiento físico del sector privado,6 a 10 personas,CALLE,SAN LEON,CALLE,SAN JORGE,AVENIDA,ESTADIO AZTECA,CALLE,SAN CELSO,16,NA,NA,NA,NA,NA,COLONIA,PEDREGAL DE SANTA ÚRSULA,NA,NA,NA,04600,09,Ciudad de México,003,Coyoacán,0001,Coyoacán,1001,008,5527651771,ESTADIOLITHIUMGIM@GMAIL.COM,WWW.LITHIUMGYM,Fijo,19.3056344,-99.15085135,2019-11
7718943,09003713943001952001000000U5,LITIUM GYM,NA,713943,Centros de acondicionamiento físico del sector privado,0 a 5 personas,CALLE,REY MECONETZIN,AVENIDA,AZTECAS,CALLE,TOTONACAS,CALLE,REY TEPALCATZIN,NA,SN,NA,NA,NA,NA,COLONIA,AJUSCO,NA,NA,NA,04300,09,Ciudad de México,003,Coyoacán,0001,Coyoacán,0817,014,NA,NA,NA,Fijo,19.32188303,-99.160708,2019-11
9448292,09010713943002122001000000U9,LITTLE WARRIORS PARKOUR,LITTLE WARRIORS PARKOUR,713943,Centros de acondicionamiento físico del sector privado,11 a 30 personas,CALLE,GUILLERMO GONZALEZ CAMARENA,CALLE,ERNESTO DOMINGUEZ A.,CALLE,GUILLERMO GONZALEZ CAMARENA,CALLE,GUILLERMO GONZALEZ CAMARENA,1205,NA,NA,12,NA,NA,COLONIA,SANTA FE CENTRO CIUDAD,CENTRO Y PLAZA COMERCIAL,GARDEN SANTA FE,PISO 1 A24,01376,09,Ciudad de México,010,Álvaro Obregón,0001,Álvaro Obregón,1542,047,NA,CONTACTO@LITTLEWARRIORPARKOUR.COM.MX,WWW.LITTLEWARRIORPARKOUR.COM,Fijo,19.36514275,-99.26432254,2023-11
9772254,09003713943002551000000000U4,LIU FINES,NA,713943,Centros de acondicionamiento físico del sector privado,0 a 5 personas,CALZADA,CALZADA DEL HUESO,CALLE,CARRIZAL,AVENIDA,SANTA ROSA,CALLE,CARRIZAL,160,NA,NA,17,NA,NA,COLONIA,EX-HACIENDA COAPA,CENTRO Y PLAZA COMERCIAL,PLAZA FUENTES,4A,04850,09,Ciudad de México,003,Coyoacán,0001,Coyoacán,1410,002,NA,NA,NA,Fijo,19.30837534,-99.13514115,2024-11
9450098,09016713943001563000003227S2,LOAD 2 SPORTS WORLD POLANCO,OPERADORA Y ADMINISTRADORA SW,713943,Centros de acondicionamiento físico del sector privado,11 a 30 personas,AVENIDA,MIGUEL DE CERVANTES SAAVEDRA,CALLE,FERROCARRIL DE CUERNAVACA,CALLE,PRESA OVIACHIC,AVENIDA,EJÉRCITO NACIONAL MEXICANO,380,NA,NA,NA,NA,NA,COLONIA,IRRIGACIÓN,NA,NA,NA,11500,09,Ciudad de México,016,Miguel Hidalgo,0001,Miguel Hidalgo,0444,006,NA,SERVICIOALCLIENTE@SPORTSWORLD.COM,WWW.SPORTSWORLD.COM,Fijo,19.44012046,-99.2058488,2023-11
10943845,09005713943004781000000000U0,LOBO GYM,NA,713943,Centros de acondicionamiento físico del sector privado,0 a 5 personas,CALLE,CABO FINISTERRE,PROLONGACION,CABO BUENA ESPERANZA,CALLE,CABO SAN VICENTE,CALLE,CABO BOJADOR,250,NA,NA,NA,NA,NA,COLONIA,GABRIEL HERNÁNDEZ,NA,NA,NA,07080,09,Ciudad de México,005,Gustavo A. Madero,0001,Gustavo A. Madero,0811,023,NA,NA,NA,Fijo,19.4998126,-99.09679721,2024-11
931055,09008713943000362002000000U7,LOBOS GYM,GUILLEMO TSUBAKI,713943,Centros de acondicionamiento físico del sector privado,6 a 10 personas,AVENIDA,SAN JERONIMO,CALLE,12 DE OCTUBRE,ANDADOR,AHUEHUETE,CALLE,FLOR DE MORO,2202,NA,NA,NA,NA,NA,COLONIA,HUAYATLA,NA,NA,NA,10360,09,Ciudad de México,008,La Magdalena Contreras,0001,La Magdalena Contreras,0404,038,NA,NA,NA,Fijo,19.30764221,-99.26072629,2014-12
8272434,09005713943003882000000000U7,LONDON GYM CROSSFIT,NA,713943,Centros de acondicionamiento físico del sector privado,6 a 10 personas,AVENIDA,ACUEDUCTO DE GUADALUPE XOCHIQUETZAL,AVENIDA,ACUEDUCTO DE GUADALUPE,CALLE,ACUEDUCTO DE GUADALUPE,AVENIDA,ACUEDUCTO DE GUADALUPE-XOCHIQUETZAL,112,NA,NA,NA,NA,NA,COLONIA,SANTA ISABEL TOLA,NA,NA,NA,07010,09,Ciudad de México,005,Gustavo A. Madero,0001,Gustavo A. Madero,0987,002,NA,NA,NA,Fijo,19.49814738,-99.11210939,2019-11
933790,09014713943000851000000000U7,LONDON SQUASH,NA,713943,Centros de acondicionamiento físico del sector privado,0 a 5 personas,CALLE,LAS HUERTAS,CALLE,PARROQUIA,CALLE,TIGRE,CALLE,ELEFANTE,8,NA,NA,NA,NA,NA,COLONIA,ACTIPAN,NA,NA,NA,03230,09,Ciudad de México,014,Benito Juárez,0001,Benito Juárez,0806,013,5564356973,LONDONSQUASMX@GMAIL.COM,NA,Fijo,19.37099088,-99.17739963,2014-12
10828377,09016713943001842000000000U0,LOOP,BUTTERMILK,713943,Centros de acondicionamiento físico del sector privado,6 a 10 personas,CALLE,LAGO WENNER,AVENIDA,RIO SAN JOAQUIN,CALLE,LAGO GINEBRA,CALLE,LAGO WETTER,37,NA,NA,NA,NA,NA,COLONIA,CUAUHTÉMOC PENSIL,NA,NA,NA,11490,09,Ciudad de México,016,Miguel Hidalgo,0001,Miguel Hidalgo,0463,003,NA,LOOP.CLIMBING@GMAIL.COM,NA,Fijo,19.44443885,-99.19501693,2024-11
10134796,09012713943002681000000000U0,LOS MICHIS FITNESS,ELIZABETH ANGELES,713943,Centros de acondicionamiento físico del sector privado,0 a 5 personas,CALLE,MAGNOLIA,CALLE,YUCALPETEN,CALLE,FERROCARRIL DE CUERNAVACA,CALLE,MAGNOLIA,NA,SN,NA,NA,NA,NA,COLONIA,MIRADOR II,NA,NA,NA,14748,09,Ciudad de México,012,Tlalpan,0001,Tlalpan,1481,042,NA,NA,NA,Fijo,19.27255728,-99.22135157,2024-11
8671831,09007713943005771000000000U6,LUCKYS GYM,NA,713943,Centros de acondicionamiento físico del sector privado,0 a 5 personas,CALLE,BIZANCIO,CALLE,NUMANCIA,CALLE,NARBONA,CALLE,PASEO DE GALIAS,19,NA,NA,NA,NA,NA,FRACCIONAMIENTO,LOMAS ESTRELLA,NA,NA,NA,09890,09,Ciudad de México,007,Iztapalapa,0001,Iztapalapa,1941,001,NA,NA,NA,Fijo,19.3177222,-99.09541239,2019-11
10359830,09014713943002241000000000U9,LUTHER CROSSFIT,LUTHER FITNESS COMPANY SA DE CV,713943,Centros de acondicionamiento físico del sector privado,0 a 5 personas,EJE VIAL,2 PONIENTE GABRIEL MANCERA,CALLE,PARROQUIA,EJE VIAL,8 SUR (JOSE MARIA RICO),CALLE,ANICETO ORTEGA,1640,NA,NA,NA,NA,NA,COLONIA,DEL VALLE SUR,NA,NA,NA,03100,09,Ciudad de México,014,Benito Juárez,0001,Benito Juárez,0810,001,NA,NA,NA,Semifijo,19.3673438,-99.16884087,2024-11
768560,09016611621000172000000000U8,M WILSON PILATES,NA,713943,Centros de acondicionamiento físico del sector privado,0 a 5 personas,AVENIDA,PASEO DE LAS PALMAS,CALLE,ARBOLEDA,CALLE,MONTES URALES NORTE,CALLE,AVENIDA CORDILLERA DE LOS ANDES,250,NA,NA,NA,2,NA,COLONIA,LOMAS DE CHAPULTEPEC III SECCIÓN,NA,NA,NA,11000,09,Ciudad de México,016,Miguel Hidalgo,0001,Miguel Hidalgo,0849,022,NA,NA,NA,Fijo,19.4303347,-99.20983951,2010-07
8230510,09016713943001391000000000U8,MAC-GYM GIMNASIO,NA,713943,Centros de acondicionamiento físico del sector privado,0 a 5 personas,CALLE,SUR 128,CALLE,PONIENTE 73-A,CALLE,PONIENTE 75,CALLE,SUR 130,71,A,NA,NA,NA,NA,COLONIA,AMÉRICA,NA,NA,NA,11810,09,Ciudad de México,016,Miguel Hidalgo,0001,Miguel Hidalgo,1103,005,5564264375,NA,NA,Fijo,19.40335293,-99.20233895,2019-11
11115547,09005713943004461000000000U9,MADEL FITNESS POLE DANCE,NA,713943,Centros de acondicionamiento físico del sector privado,0 a 5 personas,CALLE,PONIENTE 108,CALLE,NORTE 5-A,CALLE,NORTE 7,CALLE,PONIENTE 110,359,NA,NA,NA,NA,NA,COLONIA,DEFENSORES DE LA REPÚBLICA,NA,NA,NA,07780,09,Ciudad de México,005,Gustavo A. Madero,0001,Gustavo A. Madero,1557,006,NA,NA,NA,Fijo,19.4756392,-99.14420916,2024-11
11658719,09007713943007531000000000U2,MAF GIM,LLUVIA JIMENEZ,713943,Centros de acondicionamiento físico del sector privado,0 a 5 personas,CALLE,39,CALLE,2,EJE VIAL,8 SUR (CALZADA ERMITA IZTAPALAPA),CALLE,37,5,NA,NA,NA,NA,NA,UNIDAD HABITACIONAL,SANTA CRUZ MEYEHUALCO,NA,NA,NA,09290,09,Ciudad de México,007,Iztapalapa,0001,Iztapalapa,1674,024,5561367590,NA,NA,Fijo,19.34369224,-99.04057079,2024-11
8508643,09012713943002141000000000U5,MAKTUV,NA,713943,Centros de acondicionamiento físico del sector privado,0 a 5 personas,CALLE,PEÑAROL,CALLE,REAL MADRID,CALLE,AJAX,CALLE,COLO COLO,55,NA,NA,NA,NA,NA,MANZANA,ARBOLEDAS DEL SUR,NA,NA,NA,14376,09,Ciudad de México,012,Tlalpan,0001,Tlalpan,0568,020,5540904209,NA,NA,Fijo,19.29383062,-99.13722186,2019-11
7792844,09007713943005581001000000U9,MAR FITNESS GYM CENTER,NA,713943,Centros de acondicionamiento físico del sector privado,6 a 10 personas,EJE VIAL,3 ORIENTE ARNESES,CERRADA,PRIMERA DE ARISTAS,CALLE,GANADEROS,CALLE,CULTIVOS,307,NA,NA,NA,NA,NA,COLONIA,VALLE DEL SUR,NA,NA,NA,09819,09,Ciudad de México,007,Iztapalapa,0001,Iztapalapa,1369,023,5562561055,NA,NA,Fijo,19.3495525,-99.11117011,2019-11
11673757,09005713943004482000000000U5,MARA SPORT,NA,713943,Centros de acondicionamiento físico del sector privado,6 a 10 personas,AVENIDA,FERNANDO AMILPA,CALLE,VICENTE GONZALEZ,ANDADOR,FRANCISCO MUJICA,CALLE,WOLSTANO PINEDA,179,NA,NA,NA,NA,NA,COLONIA,CTM ATZACOALCO,NA,NA,NA,07090,09,Ciudad de México,005,Gustavo A. Madero,0001,Gustavo A. Madero,2697,006,5545738949,NA,NA,Fijo,19.50699989,-99.09602068,2024-11
11193845,09005713943004351000000000U2,MARCOS VARGAS BOXING CLUB,NA,713943,Centros de acondicionamiento físico del sector privado,0 a 5 personas,CALLE,MIRAFLORES,CALLE,INGENIERO BASILISO ROMO ANGUIANO,CALLE,INGENIERO ANTONIO NARRO ACUÑA,CALLE,SANTA GERTRUDIS,64,NA,NA,NA,NA,NA,COLONIA,INDUSTRIAL,NA,NA,NA,07800,09,Ciudad de México,005,Gustavo A. Madero,0001,Gustavo A. Madero,1595,009,5539498499,NA,NA,Fijo,19.47094959,-99.12627638,2024-11
9831174,09008713943000842000000000U8,MAREM STUDIO,NA,713943,Centros de acondicionamiento físico del sector privado,6 a 10 personas,CALLE,HEROES DE PADIERNA,AVENIDA,SAN JERONIMO,AVENIDA,LUIS CABRERA,AVENIDA,SAN JERONIMO,132,NA,NA,17,NA,NA,COLONIA,SAN JERÓNIMO LÍDICE,CENTRO Y PLAZA COMERCIAL,PLAZA LIDICE,54,10200,09,Ciudad de México,008,La Magdalena Contreras,0001,La Magdalena Contreras,0086,011,5574444478,NA,NA,Fijo,19.32339405,-99.22324158,2024-11
10703807,09005713943005181000000000U2,MARFOSIS ARTE CIRCENSE,MARFOSIS ARTE CIRCENSE,713943,Centros de acondicionamiento físico del sector privado,0 a 5 personas,CALLE,PISAGUA,CALLE,LA RIOJA,CALZADA,TICOMAN,CALLE,HUANUCO,1122,NA,NA,NA,NA,NA,COLONIA,RESIDENCIAL ZACATENCO,NA,NA,NA,07369,09,Ciudad de México,005,Gustavo A. Madero,0001,Gustavo A. Madero,060A,019,5513666939,NA,NA,Fijo,19.5053578,-99.12801875,2024-11
639970,09002713943000351001000000U3,MARQS GYM,NA,713943,Centros de acondicionamiento físico del sector privado,0 a 5 personas,CALLE,TIERRA COLORADA,AVENIDA,EL ROSARIO,CALLE,TIERRA NUEVA,CALLE,SEGUNDA EL ROSARIO,29,NA,NA,NA,NA,NA,COLONIA,TIERRA NUEVA,NA,NA,NA,02130,09,Ciudad de México,002,Azcapotzalco,0001,Azcapotzalco,0167,023,NA,NA,WWW.MARQSGYM.COM,Fijo,19.50003074,-99.20122265,2010-07
656611,09007713943001201000000000U8,MARTE GYM,NA,713943,Centros de acondicionamiento físico del sector privado,0 a 5 personas,CALLE,SUR 107,AVENIDA,AGUSTIN YAÑEZ,CALLE,ALFONSO TORO,CALLE,SUR 107-A,603,NA,NA,NA,NA,NA,COLONIA,SECTOR POPULAR,NA,NA,NA,09060,09,Ciudad de México,007,Iztapalapa,0001,Iztapalapa,0680,016,5522064486,NA,NA,Fijo,19.36569616,-99.11720088,2010-07
8670712,09007713943005651000000000U0,MARY ZUMBAFITNESS,NA,713943,Centros de acondicionamiento físico del sector privado,0 a 5 personas,CALLE,57,AVENIDA,14,AVENIDA,SAMUEL GOMPERS,CALLE,59,148,NA,NA,NA,NA,NA,COLONIA,SANTA CRUZ MEYEHUALCO,NA,NA,NA,09700,09,Ciudad de México,007,Iztapalapa,0001,Iztapalapa,1316,020,5588090615,NA,NA,Fijo,19.35103191,-99.04521254,2019-11
9685697,09005713943004711000000000U7,MASOTERAPIA,NA,713943,Centros de acondicionamiento físico del sector privado,0 a 5 personas,CALLE,FLORIDA,CALLE,JOAQUIN PARDAVE,CALLE,ESTRELLA,CALLE,LAZARO CARDENAS,2,A,NA,NA,NA,A,COLONIA,EL TEPETATAL,NA,NA,NA,07130,09,Ciudad de México,005,Gustavo A. Madero,0001,Gustavo A. Madero,3252,006,5615793087,NA,NA,Fijo,19.56148871,-99.13986581,2024-11
10194530,09007713943007301000000000U0,MASTER CLUB MUAY THAI BOX MMA KICK BOXING,NA,713943,Centros de acondicionamiento físico del sector privado,0 a 5 personas,CALLE,COSECHAS,CALLE,LEÑADORES,CALLE,CAMPESINOS,CALLE,PAJARES,95,NA,NA,NA,NA,NA,COLONIA,PROGRESO DEL SUR,NA,NA,NA,09810,09,Ciudad de México,007,Iztapalapa,0001,Iztapalapa,1180,008,5587209755,NA,NA,Fijo,19.35322343,-99.11217673,2024-11
9545943,09007713943007791000000000U2,MASTER FANIA DANCE STUDIO,NA,713943,Centros de acondicionamiento físico del sector privado,0 a 5 personas,CALLE,JAZMIN,AVENIDA,DEL ARBOL,AVENIDA,3,CALLE,FLOR DE ALHELI,18,M36,NA,NA,NA,NA,COLONIA,LOMAS DE SAN LORENZO,NA,NA,NA,09780,09,Ciudad de México,007,Iztapalapa,0001,Iztapalapa,4185,022,5561473382,NA,NA,Fijo,19.31844996,-99.06041531,2024-11
1027205,09010461110037251012000000U5,MASTER GYM,NA,713943,Centros de acondicionamiento físico del sector privado,0 a 5 personas,AVENIDA,CAMINO REAL A TOLUCA,CALLE,LA GUILOTA,CALLE,PARADISEA,CALLE,CHIVIZCOYO,506,NA,NA,NA,NA,NA,COLONIA,BOSQUE,NA,NA,NA,01160,09,Ciudad de México,010,Álvaro Obregón,0001,Álvaro Obregón,1773,025,NA,NA,NA,Fijo,19.39129847,-99.20061296,2010-07
744080,09017713943000502002000000U9,MASTINES GYM,NA,713943,Centros de acondicionamiento físico del sector privado,0 a 5 personas,CALZADA,GENERAL IGNACIO ZARAGOZA,CALLE,MANUEL RIVERA CAMBAS,CALLE,RETORNO 7 GENERAL IGNACIO ZARAGOZA,CALLE,NINGUNO,179,NA,NA,NA,NA,NA,COLONIA,JARDÍN BALBUENA,NA,NA,NA,15900,09,Ciudad de México,017,Venustiano Carranza,0001,Venustiano Carranza,0776,011,5555713819,MASTINES45@HOTMAIL.COM,WWW.MASTINESGYM.COM.MX,Fijo,19.42439305,-99.10561516,2010-07
7729840,09012713943002022001000000U7,MAXIMOS GYM,NA,713943,Centros de acondicionamiento físico del sector privado,0 a 5 personas,CALLE,INSURGENTES SUR,CALLE,CHIMALCOYOTL,CERRADA,AZTECAS,CALLE,CHIMALCOYOTL,4461,NA,NA,NA,NA,NA,COLONIA,EL TRUENITO,NA,NA,NA,14430,09,Ciudad de México,012,Tlalpan,0001,Tlalpan,1123,005,NA,NA,NA,Fijo,19.27781305,-99.16758758,2019-11
774982,09016713943000121000000000U0,MAXMUS GYM,NA,713943,Centros de acondicionamiento físico del sector privado,0 a 5 personas,AVENIDA,JALISCO,CALLE,GOBERNADOR JOSE GUADALUPE COVARRUBIAS,CALLE,GOBERNADOR LUIS GONZAGA VIEYRA,CALLE,GENERAL JUAN CANO,144,NA,NA,NA,1,NA,COLONIA,SAN MIGUEL CHAPULTEPEC I SECCIÓN,NA,NA,NA,11870,09,Ciudad de México,016,Miguel Hidalgo,0001,Miguel Hidalgo,1175,015,NA,NA,NA,Fijo,19.40694033,-99.18486005,2010-07
10318593,09012713943003191000000000U9,MAYIMBE,REBECA JIMENEZ,713943,Centros de acondicionamiento físico del sector privado,0 a 5 personas,CALLE,TEKIT,CALLE,OPICHEN,CALLE,POPOLNA,CALLE,TEKAX,91,B,NA,NA,NA,NA,COLONIA,LOMAS DE PADIERNA,NA,NA,NA,14240,09,Ciudad de México,012,Tlalpan,0001,Tlalpan,0322,019,NA,NA,NA,Fijo,19.29536843,-99.226602,2024-11
10778775,09015713943002963000000000U5,MELLOW STUDIO MX,NICOL MUNHE,713943,Centros de acondicionamiento físico del sector privado,11 a 30 personas,AVENIDA,CHAPULTEPEC,EJE VIAL,2 PONIENTE (MONTERREY),AVENIDA,CHAPULTEPEC,AVENIDA,OAXACA,318,NA,NA,23,NA,NA,ZONA COMERCIAL,ROMA NORTE,EDIFICIO COMERCIAL Y DE SERVICIOS,IXTAPA PALACE,PH 1,06700,09,Ciudad de México,015,Cuauhtémoc,0001,Cuauhtémoc,0998,011,5551122779,MELLOWCDMX@GMAIL.COM,WWW.MELLOWSTUDIO.MX,Fijo,19.42309549,-99.16404533,2024-11
10825438,09015713943002823000000000U1,MG Y JG,MG Y JG,713943,Centros de acondicionamiento físico del sector privado,11 a 30 personas,CALLE,ALFREDO CHAVERO,CALLE,ISABEL LA CATOLICA,CALLE,5 DE FEBRERO,CALLE,JUAN LUCAS DE LASSAGA,111,NA,NA,NA,NA,NA,COLONIA,OBRERA,NA,NA,NA,08600,09,Ciudad de México,015,Cuauhtémoc,0001,Cuauhtémoc,1159,006,NA,NA,NA,Fijo,19.41715777,-99.13755882,2024-11
11725733,09015713943003271000000000U2,MI PILATES,PILATES,713943,Centros de acondicionamiento físico del sector privado,0 a 5 personas,AVENIDA,SONORA,AVENIDA,México,AVENIDA,México,CALLE,Ninguno,164,NA,NA,NA,NA,NA,COLONIA,HIPÓDROMO,NA,NA,NA,06100,09,Ciudad de México,015,Cuauhtémoc,0001,Cuauhtémoc,120A,005,NA,MIPILATESMX@GMAIL.COM,NA,Fijo,19.41357586,-99.16820198,2025-04
763164,09007713943000421000000000U3,MIKE GYM,NA,713943,Centros de acondicionamiento físico del sector privado,0 a 5 personas,CALLE,GENERAL FELIPE DE LA GARZA,CALLE,CRISOSTOMO BONILLA,CALLE,GENERAL FRANCISCO ARCE,CALLE,GENERAL JOSE MARIA PARRAS,NA,DOMICILIO CONOCIDO,NA,NA,NA,NA,COLONIA,JUAN ESCUTIA,NA,NA,NA,09100,09,Ciudad de México,007,Iztapalapa,0001,Iztapalapa,0178,014,NA,NA,NA,Fijo,19.3886796,-99.03560808,2010-07
11574900,09015713943002911000000000U4,MIND BODY,NA,713943,Centros de acondicionamiento físico del sector privado,0 a 5 personas,CALLE,MERIDA,AVENIDA,ALVARO OBREGON,CALLE,CHIHUAHUA,CALLE,FRONTERA,124,NA,NA,NA,2,NA,COLONIA,ROMA NORTE,NA,NA,NA,06700,09,Ciudad de México,015,Cuauhtémoc,0001,Cuauhtémoc,1110,025,NA,NA,WWW.MINDBODY.MX,Fijo,19.41814222,-99.15715077,2024-11
7732222,09015713943001912001000000U3,MINT BODY PILATES STUDIO,NA,713943,Centros de acondicionamiento físico del sector privado,11 a 30 personas,CALLE,CORDOBA,AVENIDA,ALVARO OBREGON,CALLE,TABASCO,CALLE,ORIZABA,97,A,NA,NA,NA,NA,COLONIA,ROMA NORTE,NA,NA,NA,06700,09,Ciudad de México,015,Cuauhtémoc,0001,Cuauhtémoc,1002,018,NA,INFO@MINDBODY.MX,WWW.MINDBODY.MX,Fijo,19.41877855,-99.15866255,2019-11
10194402,09005713943005051000000000U7,MIYA DANCE STUDIO,NA,713943,Centros de acondicionamiento físico del sector privado,0 a 5 personas,CALLE,MANUEL FERNANDO SOTO,CALLE,BLAS BALCARCEL,CALLE,GREGORIO PAYRO,CALLE,FELIX ROMERO,138,A,NA,NA,NA,NA,COLONIA,CONSTITUCIÓN DE LA REPÚBLICA,NA,NA,NA,07469,09,Ciudad de México,005,Gustavo A. Madero,0001,Gustavo A. Madero,1487,008,5537144431,NA,NA,Fijo,19.48319876,-99.09820622,2024-11
11192496,09007713943007421000000000U6,MKZ FITNESS GYM,NA,713943,Centros de acondicionamiento físico del sector privado,0 a 5 personas,CALLE,GRANGENO,CALLE,ESTRELLA,CALLE,NAUTLA,AVENIDA,11,NA,SN,NA,NA,NA,NA,COLONIA,SAN JUAN XALPA,NA,NA,NA,09850,09,Ciudad de México,007,Iztapalapa,0001,Iztapalapa,5709,015,NA,NA,NA,Fijo,19.33541861,-99.08156958,2024-11
798936,09005931210000763001000000U2,MODULO DE BIENESTAR SOCIAL NUEVOS HORIZONTES Y COMEDOR COMUNITARIO,GOBIERNO DE LA CIUDAD DE MEXICO,713944,Centros de acondicionamiento físico del sector público,0 a 5 personas,CALLE,CERRADA ORIENTE 157,OTRO(ESPECIFIQUE),ORIENTE 157,CALLE,MANUEL BUENROSTRO,CALLE,JESUS ROMERO FLORES,NA,SN,NA,NA,NA,NA,COLONIA,LI LEGISLATURA,NA,NA,NA,07420,09,Ciudad de México,005,Gustavo A. Madero,0001,Gustavo A. Madero,3394,001,NA,NA,NA,Fijo,19.48340828,-99.09162915,2010-07
10990275,09005713944000292000000000U0,MODULO DE PARTICIPACION,CIVISOL,713944,Centros de acondicionamiento físico del sector público,6 a 10 personas,CALLE,GENERAL GUADALUPE VICTORIA,EJE VIAL,1 ORIENTE (FERROCARRIL HIDALGO-GENERAL MARIANO ARISTA),PEATONAL,GENERAL MARIANO ARISTA,PEATONAL,GENERAL MARIANO ARISTA,NA,SN,NA,NA,NA,NA,COLONIA,15 DE AGOSTO,NA,NA,NA,07850,09,Ciudad de México,005,Gustavo A. Madero,0001,Gustavo A. Madero,1294,028,NA,NA,NA,Fijo,19.48396003,-99.10702529,2024-11
10063194,09004713944000091000000000U9,MODULO DE PARTICIPACION CIUDADANA,MODULO DE PARTICIPACION CIUDADANA,713944,Centros de acondicionamiento físico del sector público,0 a 5 personas,CALLE,CRUZ MANCA,OTRO(ESPECIFIQUE),NINGUNO,CALLE,LAZARO CARDENAS,CALLE,EMILIANO ZAPATA,NA,SN,NA,NA,NA,NA,COLONIA,SAN MATEO TLALTENANGO,NA,NA,NA,05600,09,Ciudad de México,004,Cuajimalpa de Morelos,0001,Cuajimalpa de Morelos,0373,017,NA,NA,NA,Fijo,19.34420285,-99.2737608,2024-11
7737201,09007713944000301001000000U5,MODULO DE PARTICIPACION CIUDADANA MARGARITA MAZA DE JUAREZ,MODULO DE ATENCION CIUDADANA MARGARITA MAZA DE MUAREZ,713944,Centros de acondicionamiento físico del sector público,6 a 10 personas,AVENIDA,JALISCO,CALLE,BELISARIO DOMINGUEZ,CALLE,IGNACIO ALLENDE,CALLE,MIGUEL HIDALGO,NA,SN,NA,NA,NA,NA,COLONIA,GUADALUPE DEL MORAL,NA,NA,NA,09300,09,Ciudad de México,007,Iztapalapa,0001,Iztapalapa,0568,004,NA,NA,NA,Fijo,19.36821309,-99.07327857,2019-11
806170,09005561610000202010000000U9,MODULO DE PARTICIPACION CUIDADANA GAM 23,GOBIERNO DE LA CIUDAD DE MEXICO,713944,Centros de acondicionamiento físico del sector público,0 a 5 personas,CALLE,NORTE 94,OTRO(ESPECIFIQUE),AREA VERDE,CIRCUITO,INTERIOR (AVENIDA RIO CONSULADO),AVENIDA,GRAN CANAL,NA,SN,NA,NA,NA,NA,COLONIA,LA MALINCHE,NA,NA,NA,07899,09,Ciudad de México,005,Gustavo A. Madero,0001,Gustavo A. Madero,2305,019,NA,NA,NA,Fijo,19.4516731,-99.10205196,2010-07
1026456,09008931210000241021000000U3,MODULO DEPORTIVO ATACAXCO UNIDAD DEPORTIVA Y DESARROLLO SOCIAL,GOBIERNO,713944,Centros de acondicionamiento físico del sector público,11 a 30 personas,CALLE,PIAZTIC,CALLE,PIATZIC,CALLE,PALMAS,CALLE,5 DE MAYO,NA,SN,NA,NA,NA,SN,COLONIA,ATACAXCO,NA,NA,NA,10378,09,Ciudad de México,008,La Magdalena Contreras,0001,La Magdalena Contreras,0546,034,NA,NA,NA,Fijo,19.31557703,-99.24920473,2010-07
1010335,09008713944000033001000000U2,MODULO DEPORTIVO BARRANCA SECA,ALCALDIA MAGDALENA CONTRERAS,713944,Centros de acondicionamiento físico del sector público,0 a 5 personas,PROLONGACION,PROVIDENCIA,CALLE,ALCANTARILLA,CALLE,JOSE MORENO SALIDO,CALLE,ALCANTARILLA,NA,SN,NA,NA,NA,NA,COLONIA,BARRANCA SECA,NA,NA,NA,10580,09,Ciudad de México,008,La Magdalena Contreras,0001,La Magdalena Contreras,032A,021,NA,NA,NA,Fijo,19.30512033,-99.23967844,2010-07
7705905,09008713944000121000000000U5,MODULO DEPORTIVO HIGUERA,NA,713944,Centros de acondicionamiento físico del sector público,0 a 5 personas,CERRADA,HIGUERA,ANDADOR,QUINTO AZTECAS,CALLE,HIGUERA,ANDADOR,QUINTO AZTECAS,1,NA,NA,NA,NA,NA,COLONIA,SAN BERNABÉ OCOTEPEC,NA,NA,NA,10300,09,Ciudad de México,008,La Magdalena Contreras,0001,La Magdalena Contreras,0387,042,NA,NA,NA,Fijo,19.3203571,-99.25838641,2019-11
728705,09007713944000141002000000U5,MODULO DEPORTIVO JACARANDAS,DIRECCION TERRITORIAL ACATITLA DE ZARAGOZA,713944,Centros de acondicionamiento físico del sector público,0 a 5 personas,CALLE,OCTAVIO PAZ,CALLE,FRANCISCO C. MORALES,CALLE,JACARANDAS,CALLE,OYAMELES,NA,SN,NA,NA,NA,NA,UNIDAD HABITACIONAL,SANTA MARTHA ACATITLA NORTE,NA,NA,NA,09510,09,Ciudad de México,007,Iztapalapa,0001,Iztapalapa,5770,024,5557333322,NA,NA,Fijo,19.36903659,-99.00529748,2014-12
707199,09006713944000232001000000U4,MODULO DEPORTIVO LA GOTA,MODULO DEPORTIVO JARDINES TECMA,713944,Centros de acondicionamiento físico del sector público,0 a 5 personas,CALLE,ESTUDIOS CHURUBUSCO,CALLE,TEZONTLE,CALLE,CANAL DE TEZONTLE,CALLE,CANAL DE TEZONTLE,NA,SN,NA,NA,NA,NA,COLONIA,LOS PICOS DE IZTACALCO SECCIÓN 1 A,NA,NA,NA,08920,09,Ciudad de México,006,Iztacalco,0001,Iztacalco,0791,008,NA,NA,NA,Fijo,19.38876973,-99.1168587,2014-12
931017,09008713944000061001000000U3,MODULO DEPORTIVO OJO DE AGUA,ALCALDIA LA MAGDALENA CONTRERAS,713944,Centros de acondicionamiento físico del sector público,11 a 30 personas,CALLE,CHABACANO,AVENIDA,OJO DE AGUA,CALLE,CARBONERO,CALLE,RIO BRAVO,NA,SN,NA,NA,NA,NA,COLONIA,AMPLIACIÓN LOMAS DE SAN BERNABÉ,NA,NA,NA,10369,09,Ciudad de México,008,La Magdalena Contreras,0001,La Magdalena Contreras,0438,018,NA,NA,NA,Fijo,19.30701915,-99.26581344,2014-12
1048069,09011713999000011000000000U6,MODULO DEPORTIVO PIRAÑA,ALCALDIA TLAHUAC,713944,Centros de acondicionamiento físico del sector público,0 a 5 personas,CALLE,PEZ CARDENAL,CERRADA,PEZ ANGEL,CALLE,PEZ GORAMI,CERRADA,MANZANA O EDIFICACION CONTIGUA,451,MZ5 451,NA,NA,NA,NA,COLONIA,DEL MAR,NA,NA,NA,13270,09,Ciudad de México,011,Tláhuac,0001,Tláhuac,1287,001,5526108151,NA,NA,Fijo,19.29165304,-99.06133355,2010-07
8012292,09012713944000122000000000U5,MODULO DEPORTIVO PLAN DE LA MAQUINA,GOBIERNO,713944,Centros de acondicionamiento físico del sector público,6 a 10 personas,CALLE,CUILOTEPEC,CALLE,PLAN DE LA MAQUINA,CALLE,CAMPANA,CALLE,RANCHO SAN NICOLAS,19,MZ25 LT19,NA,NA,NA,NA,COLONIA,SAN NICOLAS II,NA,NA,NA,14735,09,Ciudad de México,012,Tlalpan,0001,Tlalpan,2210,001,5510820121,NA,NA,Fijo,19.26738891,-99.23832425,2019-11
1023216,09008713944000012001000000U6,MODULO DEPORTIVO SAN FRANCISCO,ALCALDIA MAGDALENA CONTRERAS,713944,Centros de acondicionamiento físico del sector público,0 a 5 personas,CALLE,RIO CHICO,CALLE,BARRANCA RIO CHICO,CALLE,NACOZARI,CALLE,BARRANCA RIO CHICO,NA,SN,NA,NA,NA,NA,COLONIA,SAN FRANCISCO,NA,NA,NA,10810,09,Ciudad de México,008,La Magdalena Contreras,0001,La Magdalena Contreras,0495,025,NA,NA,NA,Fijo,19.31140378,-99.23276298,2010-07
10679690,09008713944000141000000000U3,MODULO DEPORTIVO SANTA TERESA,ALCALDIA LA MAGDALENA CONTRERAS,713944,Centros de acondicionamiento físico del sector público,0 a 5 personas,CALLE,MARTIRES 20 DE OCTUBRE,CALLE,TEOCALLI,CERRADA,NINGUNO,CALLE,TEOCALLI,NA,SN,NA,NA,NA,NA,COLONIA,SANTA TERESA,NA,NA,NA,10710,09,Ciudad de México,008,La Magdalena Contreras,0001,La Magdalena Contreras,0495,006,5545151353,NA,NA,Fijo,19.3097321,-99.22838076,2024-11
949429,09009713112000021010000000U9,MODULO DEPORTIVO TECPALLO,ALCALDIA MILPA ALTA,713944,Centros de acondicionamiento físico del sector público,0 a 5 personas,CALLE,GUERRERO,CALLE,XAXALPA,CALLE,PROLONGACION SAN JOSE,CALLE,BUGAMBILIA,NA,SN,NA,NA,NA,NA,PUEBLO,SAN JUAN TEPENAHUAC,NA,NA,NA,12800,09,Ciudad de México,009,Milpa Alta,0017,San Francisco Tecoxpa,0399,010,NA,NA,NA,Fijo,19.18709623,-98.99349508,2014-12
731684,09007713943001522000000000U7,MONO GYM,NA,713943,Centros de acondicionamiento físico del sector privado,0 a 5 personas,CALLE,VENUSTIANO CARRANZA,AVENIDA,HERMINIO CHAVARRIA,CALLE,PLAN DE SAN LUIS,CALLE,AQUILES SERDAN,660,MZ58,NA,NA,NA,NA,COLONIA,SANTA MARÍA AZTAHUACAN,NA,NA,NA,09570,09,Ciudad de México,007,Iztapalapa,0001,Iztapalapa,1513,028,NA,NA,NA,Fijo,19.35514638,-99.03372032,2014-12
11452433,09007713943007542000000000U9,MONSTER BLACK GIM,MONSTER BLACK GIM,713943,Centros de acondicionamiento físico del sector privado,6 a 10 personas,CALLE,CONSTITUCION,CALLE,CEDRO,CALLE,12 DE OCTUBRE,CALLE,URSULO GALVAN,NA,SN,NA,NA,NA,NA,COLONIA,CARLOS HANK GONZÁLEZ,NA,NA,NA,09700,09,Ciudad de México,007,Iztapalapa,0001,Iztapalapa,3030,023,NA,NA,NA,Fijo,19.33108919,-99.04758364,2024-11
732172,09007713943002271000000000U0,MONSTER FITNESS CLUB,NA,713943,Centros de acondicionamiento físico del sector privado,0 a 5 personas,AVENIDA,MORELOS,CALLE,MAXIMINO BRAVO,CALLE,LAZARO CARDENAS,CALLE,ALDAMA,1565,NA,NA,NA,NA,NA,EJIDO,AMPLIACIÓN SANTA MARÍA AZTAHUACAN,NA,NA,NA,09500,09,Ciudad de México,007,Iztapalapa,0001,Iztapalapa,1710,035,NA,ACYLU_SPORTGYM@HOTMAIL.COM,NA,Fijo,19.34766537,-99.02704231,2014-12
784054,09007713943000961000000000U8,MONSTER S GYM,ISARAEL ALCANTAR,713943,Centros de acondicionamiento físico del sector privado,0 a 5 personas,CALLE,PIPILA,AVENIDA,MICHOACAN,AVENIDA,COLIMA,CALLE,JOSE MARIA MORELOS,199,NA,NA,NA,NA,NA,COLONIA,GUADALUPE DEL MORAL,NA,NA,NA,09300,09,Ciudad de México,007,Iztapalapa,0001,Iztapalapa,0553,023,5550306822,NA,NA,Fijo,19.36630997,-99.07561962,2010-07
8947749,09007713943004254001000000U4,MORE FITNES LOMAS ESTRELLA,NA,713943,Centros de acondicionamiento físico del sector privado,6 a 10 personas,CALLE,PASEO DE GALIAS,CALLE,PASEO GALIAS,AVENIDA,TLAHUAC,AVENIDA,TLAHUAC,10,NA,NA,NA,NA,NA,FRACCIONAMIENTO,LOMAS ESTRELLA,NA,NA,NA,09890,09,Ciudad de México,007,Iztapalapa,0001,Iztapalapa,1941,021,NA,SPORTANDFITNESSLOMASESTRELLA@GMAIL.COM,NA,Fijo,19.32135204,-99.09785874,2019-11
9530904,09003713943002711000000000U4,MOSCOV PILATES STUDIO,NA,713943,Centros de acondicionamiento físico del sector privado,0 a 5 personas,CALLE,OCASO,CALLE,ALBA,CALLE,DUNA,CALLE,CEFIRO,101,NA,NA,17,102,NA,COLONIA,INSURGENTES CUICUILCO,EDIFICIO COMERCIAL Y DE SERVICIOS,OCASO 101,SN,04530,09,Ciudad de México,003,Coyoacán,0001,Coyoacán,1529,001,NA,MOSCOVPILATESSTUDIO@GMAIL.COM,NA,Fijo,19.30592167,-99.18289879,2024-11
8392568,09004713943000522001000000U5,MOVEMENT LAB BY CROSS KOUR,CROSS KOUR MEXICO,713943,Centros de acondicionamiento físico del sector privado,11 a 30 personas,AVENIDA,AVENIDA DE LOS BOSQUES,PRIVADA,FUENTE DE PEGASO,CERRADA,PLANTA CENTRAL DE HERRAMIENTAS,OTRO(ESPECIFIQUE),ARROYO,NA,SN,NA,NA,NA,NA,COLONIA,LOMAS DE CHAMIZAL,NA,NA,NA,05129,09,Ciudad de México,004,Cuajimalpa de Morelos,0001,Cuajimalpa de Morelos,0176,015,NA,INFO@CROSSKOUR.COM,NA,Fijo,19.39765855,-99.25819201,2019-11
8458356,09014713943001583001000000U5,MOVIMIENTO Y TRANSFORMACION RIO ABIERTO,MOVIMIENTO Y TRANSFORMACION RIO ABIERTO,713943,Centros de acondicionamiento físico del sector privado,0 a 5 personas,CALLE,LUZ SAVIÑON,CALLE,ZEMPOALA,CALLE,LA QUEMADA,CALLE,CUMBRES DE ACULTZINGO,1854,NA,NA,NA,NA,NA,COLONIA,NARVARTE ORIENTE,NA,NA,NA,03020,09,Ciudad de México,014,Benito Juárez,0001,Benito Juárez,0276,001,NA,NA,WWW.RIOABIERTO.MX,Fijo,19.38972959,-99.14923185,2019-11
9717737,09006713943001441000000000U2,MSPORT GYM,NA,713943,Centros de acondicionamiento físico del sector privado,0 a 5 personas,AVENIDA,CALZADA GENERAL IGNACIO ZARAGOZA,EJE VIAL,5 ORIENTE (CENTRAL),CALLE,1,CALLE,LAUREL,NA,SN,NA,NA,NA,NA,COLONIA,AGRÍCOLA PANTITLAN,NA,NA,NA,08100,09,Ciudad de México,006,Iztacalco,0001,Iztacalco,1198,022,NA,NA,NA,Fijo,19.4054042,-99.07018678,2024-11
739637,09002713943000191000000000U3,MUNDO FITNESS,NA,713943,Centros de acondicionamiento físico del sector privado,0 a 5 personas,AVENIDA,MANZANA O EDIFICACION CONTIGUA,AVENIDA,MANZANA O EDIFICACION CONTIGUA,AVENIDA,MANZANA O EDIFICACION CONTIGUA,AVENIDA,MANZANA O EDIFICACION CONTIGUA,442,NA,NA,NA,NA,NA,CONJUNTO HABITACIONAL,UNIDAD CUITLAHUAC,NA,NA,NA,02500,09,Ciudad de México,002,Azcapotzalco,0001,Azcapotzalco,1146,014,NA,NA,NA,Fijo,19.47075761,-99.16895468,2010-07
9709362,09003713943002852000000000U6,MUNDO PADEL COAPA,MTA COMERCIALIZADORA,713943,Centros de acondicionamiento físico del sector privado,6 a 10 personas,CALZADA,CALZADA DEL HUESO,CALLE,RANCHO DEL ARENAL,CALLE,RANCHO DEL ARENAL,CALLE,RANCHO VISTA HERMOSA,410,NA,NA,NA,NA,NA,COLONIA,LOS SAUCES,NA,NA,NA,04940,09,Ciudad de México,003,Coyoacán,0001,Coyoacán,1444,025,NA,NA,NA,Fijo,19.30240478,-99.12003385,2024-11
10378418,09015713943002791000000000U0,MURPH CROSS TRAINING,MURPH CROSS TRAINING,713943,Centros de acondicionamiento físico del sector privado,0 a 5 personas,CALLE,ELIGIO ANCONA,CALLE,DOCTOR ATL,CALLE,JAIME TORRES BODET,CALLE,MANUEL CARPIO,95,NA,NA,NA,NA,NA,COLONIA,SANTA MARÍA LA RIBERA,NA,NA,NA,06400,09,Ciudad de México,015,Cuauhtémoc,0001,Cuauhtémoc,0485,007,NA,NA,NA,Fijo,19.45222724,-99.15578409,2024-11
10121746,09005713943004702000000000U6,MUSCLE MANIA CHAMPIONS GYM,NA,713943,Centros de acondicionamiento físico del sector privado,6 a 10 personas,CALLE,MEYERBEER,EJE VIAL,CENTRAL (LAZARO CARDENAS),CALLE,ABUNDIO MARTINEZ,CALLE,DONIZETTI,33,NA,NA,NA,NA,NA,COLONIA,VALLEJO,NA,NA,NA,07870,09,Ciudad de México,005,Gustavo A. Madero,0001,Gustavo A. Madero,174A,006,5531131869,ATENCION@MUSCLEMANIA.COM,WWW.MUSCLEMANIACHAMPIONS.MX,Fijo,19.46803359,-99.13685079,2024-11
9895907,09007713943007601000000000U3,MUSCLE WORK SHOP,NA,713943,Centros de acondicionamiento físico del sector privado,0 a 5 personas,AVENIDA,CANAL NACIONAL,CERRADA,NINGUNO,CALLE,ARBOL DE FUEGO,CALLE,LEGUMBRES,NA,SN,NA,NA,NA,NA,COLONIA,VALLE DEL SUR,NA,NA,NA,09819,09,Ciudad de México,007,Iztapalapa,0001,Iztapalapa,1354,012,NA,NA,NA,Fijo,19.34649312,-99.11730253,2024-11
9988220,09013713943002282000000000U5,MUSCLEMAFLAMX CLUB,NA,713943,Centros de acondicionamiento físico del sector privado,6 a 10 personas,AVENIDA,GUADALUPE I RAMIREZ,CALLE,POMA ROSA,AVENIDA,PROLONGACION DIVISION DEL NORTE,CALLE,ARCES,NA,SN,NA,NA,NA,NA,COLONIA,AMPLIACIÓN SAN MARCOS NORTE,NA,NA,NA,16050,09,Ciudad de México,013,Xochimilco,0001,Xochimilco,1050,038,NA,NA,NA,Fijo,19.26597298,-99.11449945,2024-11
11491650,09007713943007351000000000U5,NATURAL FITNESS GYM,NA,713943,Centros de acondicionamiento físico del sector privado,0 a 5 personas,CALLE,GANADEROS,CALLE,SUR 125,CALLE,SILOS,CALLE,GRANJEROS,318,NA,NA,NA,NA,NA,COLONIA,LOS CIPRESES,NA,NA,NA,09810,09,Ciudad de México,007,Iztapalapa,0001,Iztapalapa,1195,015,NA,NA,NA,Fijo,19.34973339,-99.10957417,2024-11
8257487,09007713943005141000000000U2,NAYELIS CARDIO,NA,713943,Centros de acondicionamiento físico del sector privado,0 a 5 personas,CALLE,RIO CHURUBUSCO,AVENIDA,LAS TORRES,CALLE,RIO PERITAS,CALLE,RIO HONDO,NA,SN,NA,NA,NA,NA,COLONIA,PUENTE BLANCO,NA,NA,NA,09770,09,Ciudad de México,007,Iztapalapa,0001,Iztapalapa,1918,022,NA,NA,NA,Fijo,19.32806634,-99.06325092,2019-11
713526,09007713943002691000000000U9,NEW BODY,NA,713943,Centros de acondicionamiento físico del sector privado,0 a 5 personas,CALLE,SUR 99 A,AVENIDA,AGUSTIN YAÑEZ,CALLE,ALFONSO TORO,CALLE,SUR 97-A,604,NA,NA,NA,NA,NA,COLONIA,SECTOR POPULAR,NA,NA,NA,09060,09,Ciudad de México,007,Iztapalapa,0001,Iztapalapa,0676,001,5555828688,NA,NA,Fijo,19.36622665,-99.12078011,2014-12
9926926,09005713943004731000000000U5,NEW FIT,NA,713943,Centros de acondicionamiento físico del sector privado,0 a 5 personas,CALLE,28 A,AVENIDA,1-A,EJE VIAL,1 PONIENTE (CALZADA VALLEJO),CALLE,26-A,6,NA,NA,NA,NA,NA,COLONIA,SANTA ROSA,NA,NA,NA,07620,09,Ciudad de México,005,Gustavo A. Madero,0001,Gustavo A. Madero,0421,021,5637256171,NA,NEWFIRRENOVANDOFITNES.COM,Fijo,19.5253704,-99.1679812,2024-11
1006606,09012713943000111002000000U0,NG POWER HOUSE GYM,NA,713943,Centros de acondicionamiento físico del sector privado,6 a 10 personas,PRIVADA,NINGUNO,CALLE,CERRADA PIE DE LA LOMA,PRIVADA,NINGUNO,CERRADA,CONVENTO,12,B,NA,NA,NA,NA,COLONIA,SANTA ÚRSULA XITLA,NA,NA,NA,14420,09,Ciudad de México,012,Tlalpan,0001,Tlalpan,1072,004,NA,NA,NA,Fijo,19.27606506,-99.18039003,2010-07
7627632,09013713943001582000000000U9,NIDO AGUILA CUEMANCO,NA,713943,Centros de acondicionamiento físico del sector privado,6 a 10 personas,OTRO(ESPECIFIQUE),CANAL,CALLE,NINGUNO,OTRO(ESPECIFIQUE),NINGUNO,OTRO(ESPECIFIQUE),NINGUNO,2000,NA,NA,1,NA,NA,COLONIA,TLACOAPA,PARQUE RECREATIVO,DEPORTIVO CUEMANCO XOCHIMILCO,SN,16000,09,Ciudad de México,013,Xochimilco,0001,Xochimilco,1277,003,5513530720,NIDOAGUILADELSUR@YAHOO.COM.MX,NA,Fijo,19.30004827,-99.10049308,2019-11
798809,09005531113000961010000000U2,NO ME SE RAJAR BOX,NA,713943,Centros de acondicionamiento físico del sector privado,0 a 5 personas,CALLE,PUERTO ACAPULCO,CALLE,PUERTO SALINA CRUZ,CALLE,PUERTO DE MAZATLAN,CALLE,PUERTO SAN JOSE DEL CABO,142,NA,NA,NA,NA,NA,COLONIA,AMPLIACIÓN CASAS ALEMÁN,NA,NA,NA,07580,09,Ciudad de México,005,Gustavo A. Madero,0001,Gustavo A. Madero,1665,015,NA,NA,NA,Fijo,19.47988013,-99.08385382,2010-07
676107,09005713944000163000000000U3,NUEVOS HORIZONTES,ASOCIACION NACIONAL DE AYUDA MUTUA DE TRABAJADORES JUBILADOS Y PENSIONADOS DEL IMSS,713944,Centros de acondicionamiento físico del sector público,11 a 30 personas,CALLE,RIOBAMBA,CALLE,LICENCIADO JOSE URBANO FONSECA,EJE VIAL,4 NORTE (AVENIDA FORTUNA),AVENIDA,INSTITUTO POLITECNICO NACIONAL,624,NA,NA,NA,NA,NA,COLONIA,MAGDALENA DE LAS SALINAS,NA,NA,NA,07370,09,Ciudad de México,005,Gustavo A. Madero,0001,Gustavo A. Madero,1256,010,5557473500,NACIONALNUEVOSHORIZONTES@HOTMAIL.COM,WWW.ASOCIACINDEJUBILADOSNUEVOSHORIZONTES,Fijo,19.48194277,-99.13252429,2014-12
957462,09014713943000771001000000U7,O2 GYM FITNEES CENTER,NA,713943,Centros de acondicionamiento físico del sector privado,6 a 10 personas,EJE VIAL,4 SUR XOLA,EJE VIAL,3 PONIENTE (AMORES),EJE VIAL,2 PONIENTE (GABRIEL MANCERA),CALLE,ELENA ARIZMENDI MEJIA,714,A,NA,NA,NA,NA,COLONIA,DEL VALLE NORTE,NA,NA,NA,03103,09,Ciudad de México,014,Benito Juárez,0001,Benito Juárez,005A,006,NA,FITNESSANDHEALTH2011@HOTMAIL.COM,NA,Fijo,19.39661002,-99.16255113,2010-07
11227372,09007713943007291000000000U3,OCTAVIOS GYM,NA,713943,Centros de acondicionamiento físico del sector privado,0 a 5 personas,CALLE,FLOR DE DALIA,AVENIDA,2,AVENIDA,3,CALLE,SAN ISIDRO,11,MZ19,NA,NA,NA,NA,COLONIA,LOMAS DE SAN LORENZO,NA,NA,NA,09780,09,Ciudad de México,007,Iztapalapa,0001,Iztapalapa,337A,005,5533430914,NA,NA,Fijo,19.31791486,-99.06226899,2024-11
11437217,09006713943001331000000000U5,ODYSSEE POLE DANCE FITNESS,NA,713943,Centros de acondicionamiento físico del sector privado,0 a 5 personas,EJE VIAL,6 SUR PLAYA PIE DE LA CUESTA,CALLE,PLAYA CLAVELITOS,CALLE,PLAYA SALAHUA,CALLE,PLAYA ENCANTADA,340,NA,NA,NA,6,NA,COLONIA,REFORMA IZTACCIHUATL SUR,NA,NA,NA,08840,09,Ciudad de México,006,Iztacalco,0001,Iztacalco,0984,015,5621352814,NA,NA,Fijo,19.37640791,-99.12563078,2024-11
815000,09005931210001136011000000U0,OFICINA ADMINISTRATIVA DEL DEPORTIVO HERMANOS GALEANA DE LA GUSTAVO A MADERO,OFICINA ADMINISTRATIVA DEL DEPORTIVO HERMANOS GALEANA DE LA GUSTAVO A MADERO,713944,Centros de acondicionamiento físico del sector público,51 a 100 personas,AVENIDA,JOSE LORETO FABELA,AVENIDA,FRANCISCO MORAZAN,AVENIDA,416,AVENIDA,499,NA,SN,NA,NA,NA,NA,COLONIA,SAN JUAN DE ARAGÓN VII SECCIÓN,NA,NA,NA,07910,09,Ciudad de México,005,Gustavo A. Madero,0001,Gustavo A. Madero,1928,001,5526517063,NA,NA,Fijo,19.47751175,-99.07812127,2010-07
11389966,09017713944000111000000000U7,OFICINA DE FUT 7,ALCALDIA VENUSTIANO CARRNZA,713944,Centros de acondicionamiento físico del sector público,0 a 5 personas,CALLE,33,CALZADA,GENERAL IGNACIO ZARAGOZA,CALZADA,GENERAL IGNACIO ZARAGOZA,AVENIDA,CALLE 47,NA,SN,NA,NA,NA,NA,COLONIA,VALENTÍN GÓMEZ FARÍAS,NA,NA,NA,15010,09,Ciudad de México,017,Venustiano Carranza,0001,Venustiano Carranza,1223,028,NA,NA,NA,Fijo,19.41633639,-99.08993141,2024-11
803098,09006713943000421001000000U5,OLA SCUAHS,NA,713943,Centros de acondicionamiento físico del sector privado,6 a 10 personas,CALLE,SUR 20,EJE VIAL,5 ORIENTE (JAVIER ROJO GOMEZ),CALLE,ORIENTE 243-A,CALLE,PRIMERA CERRADA ROJO GOMEZ,311,NA,NA,NA,NA,NA,COLONIA,AGRÍCOLA ORIENTAL,NA,NA,NA,08500,09,Ciudad de México,006,Iztacalco,0001,Iztacalco,0518,010,5557564388,NA,NA,Fijo,19.39194562,-99.07360293,2010-07
872579,09014713941000111001000000U0,OLIMPIKA GYMNASTIS,VARMI CONSULTORES,713943,Centros de acondicionamiento físico del sector privado,6 a 10 personas,CALLE,ANTONIO RODRIGUEZ,CALLE,MARIO ROJAS AVENDAÑO,CALLE,FERNANDO MONTES DE OCA,PRIVADA,ENCARNACION,83,NA,NA,NA,NA,A,COLONIA,SAN SIMÓN TICUMAC,NA,NA,NA,03660,09,Ciudad de México,014,Benito Juárez,0001,Benito Juárez,0651,014,NA,INFO@OLYMPIKA.MX,WWW.OLYMPIKA.MX,Fijo,19.37589769,-99.14445211,2012-06
9209676,09003713943002241000000000U2,OLIMPUS GYM,NA,713943,Centros de acondicionamiento físico del sector privado,0 a 5 personas,CALLE,TOLTECAS,AVENIDA,REY MOCTEZUMA,CALLE,REY NEZAHUALCOYOTL,CALLE,MAYAS,NA,SN,NA,NA,NA,NA,COLONIA,AJUSCO,NA,NA,NA,04300,09,Ciudad de México,003,Coyoacán,0001,Coyoacán,0658,021,NA,NA,NA,Fijo,19.32822782,-99.15825953,2019-11
11188104,09003713943002751000000000U0,OLIMPUS GYM CIRCUITO AZTECA,NA,713943,Centros de acondicionamiento físico del sector privado,0 a 5 personas,AVENIDA,ESTADIO AZTECA,CALLE,SAN CELSO,CALLE,SAN BENJAMIN,CALLE,SAN JORGE,50,NA,NA,NA,NA,NA,COLONIA,PEDREGAL DE SANTA ÚRSULA,NA,NA,NA,04600,09,Ciudad de México,003,Coyoacán,0001,Coyoacán,1001,003,NA,NA,WWW.OLIMPUSCIRCUITOAZTECA,Fijo,19.30574806,-99.15169486,2024-11
1004816,09003713943000231001000000U5,OLIMPUS GYMM,NA,713943,Centros de acondicionamiento físico del sector privado,0 a 5 personas,AVENIDA,CHICOMOSTOC,CALLE,TOTONACAS,CALLE,CUAUHTEMOC,CALLE,TLALTECUHTLI,20,NA,NA,NA,NA,NA,COLONIA,AJUSCO,NA,NA,NA,04300,09,Ciudad de México,003,Coyoacán,0001,Coyoacán,0963,011,NA,NA,NA,Fijo,19.31188433,-99.1692008,2010-07
8694960,09008713943000542001000000U4,OLIMPYC GYM,NA,713943,Centros de acondicionamiento físico del sector privado,11 a 30 personas,CALLE,OLIN,AVENIDA,SAN BERNABE,CALLE,5 DE MAYO,CALLE,PALMAS,2,NA,NA,NA,NA,NA,COLONIA,BARROS SIERRA,NA,NA,NA,10380,09,Ciudad de México,008,La Magdalena Contreras,0001,La Magdalena Contreras,0207,013,5514892686,ISRAEL_OLIMPYC@HOTMAIL.COM,NA,Fijo,19.31739942,-99.24775662,2019-11
11434607,09007713943007961000000000U1,OLYMPUS BOXING CLUB,NA,713943,Centros de acondicionamiento físico del sector privado,0 a 5 personas,CALLE,JUAN ESCUTIA,AVENIDA,MICHOACAN,AVENIDA,COLIMA,CALLE,VICENTE SUAREZ,NA,SN,NA,NA,NA,NA,COLONIA,GUADALUPE DEL MORAL,NA,NA,NA,09300,09,Ciudad de México,007,Iztapalapa,0001,Iztapalapa,0553,025,NA,NA,NA,Fijo,19.36740749,-99.07613137,2024-11
10788712,09011713943002132000000000U6,ON FITNES,GLOBAL TECNOLOGY,713943,Centros de acondicionamiento físico del sector privado,6 a 10 personas,AVENIDA,CALZADA REFORMA AGRARIA,AVENIDA,TLAHUAC,CALLE,6 DE AGOSTO,AVENIDA,TLAHUAC,7528,NA,NA,NA,NA,NA,BARRIO,LA ASUNCION,NA,NA,NA,13000,09,Ciudad de México,011,Tláhuac,0001,Tláhuac,0448,001,NA,NA,NA,Fijo,19.27619705,-99.00565695,2024-11
858916,09012713943000603001000000U6,ONE FITNES LIFE GYM,NA,713943,Centros de acondicionamiento físico del sector privado,6 a 10 personas,AVENIDA,INSURGENTES SUR,CALLE,IGNACIO ZARAGOZA,CALLE,NINGUNO,CALLE,NUEVA,3696,B,NA,NA,NA,NA,COLONIA,TLALPAN,NA,NA,NA,14000,09,Ciudad de México,012,Tlalpan,0001,Tlalpan,0375,013,NA,BGVILCHIS_11@HOTMAIL.COM,NA,Fijo,19.29401587,-99.18071922,2010-07
7768889,09005713943003971000000000U8,ONE FITNESS CENTER,NA,713943,Centros de acondicionamiento físico del sector privado,0 a 5 personas,CALLE,JOHN F KENNEDY,CALLE,EMILIO PORTES GIL,CALLE,MANUEL AVILA CAMACHO,CALLE,PASCUAL ORTIZ RUBIO,8,NA,NA,NA,NA,NA,COLONIA,BENITO JUÁREZ,NA,NA,NA,07290,09,Ciudad de México,005,Gustavo A. Madero,0001,Gustavo A. Madero,0262,021,NA,JAHHERNANDEZ08@GMAIL.COM,WWW.ONEFITNESLAPASTORA.COM,Fijo,19.53003589,-99.14096538,2019-11
658189,09015713943001671002000000U5,OPEX CONDESA,NA,713943,Centros de acondicionamiento físico del sector privado,6 a 10 personas,CALLE,POPOCATEPETL,EJE VIAL,2 SUR (AVENIDA YUCATAN),AVENIDA,AMSTERDAM,CALLE,CACAHUAMILPA,11,NA,NA,NA,NA,NA,COLONIA,HIPÓDROMO,NA,NA,NA,06100,09,Ciudad de México,015,Cuauhtémoc,0001,Cuauhtémoc,120A,009,NA,INFO@OPEXCONDESA.COM,WWW.OPEXCONDESA.COM,Fijo,19.41538601,-99.16620175,2014-12
11389744,09015713943003152000000000U4,OPEX CONDESA GIMANSIO,NA,713943,Centros de acondicionamiento físico del sector privado,6 a 10 personas,CALLE,POPOCATEPETL,EJE VIAL,2 SUR (AVENIDA YUCATAN),AVENIDA,AMSTERDAM,CALLE,CACAHUAMILPA,7,NA,NA,NA,NA,NA,COLONIA,HIPÓDROMO,NA,NA,NA,06100,09,Ciudad de México,015,Cuauhtémoc,0001,Cuauhtémoc,120A,009,NA,NA,NA,Fijo,19.41542217,-99.16607761,2024-11
908405,09003713943001383002000000U3,ORANGE GYM,NA,713943,Centros de acondicionamiento físico del sector privado,0 a 5 personas,CALZADA,TAXQUEÑA,CALLE,CERRO DE LA ESTRELLA,CALLE,REFINERIA AZCAPOTZALCO,CALLE,SAN ANTONIO,NA,SN,NA,NA,NA,NA,COLONIA,PETROLERA TAXQUEÑA,NA,NA,NA,04400,09,Ciudad de México,003,Coyoacán,0001,Coyoacán,0323,021,NA,NA,NA,Fijo,19.34066675,-99.13477581,2014-12
9751736,09015713943002882000000000U7,ORANGE TEORI,LA TEORIA NARANJA MEXICO,713943,Centros de acondicionamiento físico del sector privado,6 a 10 personas,AVENIDA,NUEVO LEON,AVENIDA,CAMPECHE,CALLE,MEXICALI,CALLE,OMETUSCO,167,NA,NA,NA,NA,NA,COLONIA,HIPÓDROMO,NA,NA,NA,06100,09,Ciudad de México,015,Cuauhtémoc,0001,Cuauhtémoc,1337,010,NA,NA,NA,Fijo,19.40783597,-99.17239488,2024-11
11678820,09010713943002552000000000U7,ORANGE THEORY FITNESS,TEORIA NARANJA MEXICO,713943,Centros de acondicionamiento físico del sector privado,6 a 10 personas,CALLE,CRATER,CALLE,AGUA,AVENIDA,AVENIDA DE LA LUZ,AVENIDA,AVENIDA DE LA LUZ,823,NA,NA,17,NA,NA,COLONIA,JARDINES DEL PEDREGAL,CENTRO Y PLAZA COMERCIAL,CRATER 823,4,01900,09,Ciudad de México,010,Álvaro Obregón,0001,Álvaro Obregón,128A,026,NA,NA,WWW.ORANGETHEORY.COM,Fijo,19.31585076,-99.21105977,2024-11
6798594,09016713943001032000000000U8,ORANGETHEORY FITNESS,TEORIA NARANJA MEXICO,713943,Centros de acondicionamiento físico del sector privado,6 a 10 personas,AVENIDA,HORACIO,CALLE,SUDERMAN,CALLE,TORCUATO TASSO,AVENIDA,HOMERO,147,NA,NA,NA,1,NA,COLONIA,POLANCO V SECCIÓN,NA,NA,NA,11560,09,Ciudad de México,016,Miguel Hidalgo,0001,Miguel Hidalgo,068A,016,NA,STUDIOMANAGER002@ORANGETHEORYFITNESS.COM,NA,Fijo,19.43316421,-99.18381689,2017-11
12334130,09004713943001105000000000U8,ORANGETHEORY FITNESS,TEORIA NARANJA MEXICO,713943,Centros de acondicionamiento físico del sector privado,51 a 100 personas,AVENIDA,SANTA FE,AVENIDA,SANTA FE,CALLE,FRANCISCO JAVIER SERRANO,AVENIDA,SANTA FE,428,DOWN TOWN,NA,NA,NA,NA,COLONIA,SANTA FE CUAJIMALPA,NA,NA,NA,05348,09,Ciudad de México,004,Cuajimalpa de Morelos,0001,Cuajimalpa de Morelos,0369,002,NA,JONATAN.GALLEGOS@OTFMEXICO.COM,WWW.ORANGETHEORYFITNESSMEXICO.COM,Fijo,19.36164855,-99.26668716,2026-04
730276,09007713943002971002000000U5,ORGANIZACION F Y E FUT 7,ORGANIZACION F Y E,713943,Centros de acondicionamiento físico del sector privado,0 a 5 personas,PERIFERICO,CANAL DE SAN JUAN,CALLE,NINGUNO,CALLE,NINGUNO,CALLE,NINGUNO,NA,SN,NA,NA,NA,NA,COLONIA,CHINAMPAC DE JUÁREZ,NA,NA,NA,09220,09,Ciudad de México,007,Iztapalapa,0001,Iztapalapa,547A,001,NA,NA,NA,Fijo,19.3791946,-99.05993736,2014-12
722093,09007713943002961000000000U6,ORGANIZACION LATIN JAZZ NA,ORGANIZACION LATIN JAZZ NA,713943,Centros de acondicionamiento físico del sector privado,0 a 5 personas,CALLE,SUR 23,CALLE,4,CALLE,2,CALLE,SUR 25,64,C,NA,NA,7,MANZANA,COLONIA,LEYES DE REFORMA PRIMERA SECCIÓN,NA,NA,NA,09310,09,Ciudad de México,007,Iztapalapa,0001,Iztapalapa,1000,004,5559704574,NA,NA,Fijo,19.35669736,-99.07094868,2014-12
683683,09002713111000021010000000U6,ORGANIZACIONDE FUTBOL RAPIDO DE BARRIOS DE AZCAPOTZALCO,NA,713944,Centros de acondicionamiento físico del sector público,0 a 5 personas,AVENIDA,22 DE FEBRERO,CALLE,TREBOL,CERRADA,CALLEJON CAPILLA DE LOS REYES,CALLE,CALZADA AZCAPOTZALCO LA VILLA,NA,SN,NA,NA,NA,NA,COLONIA,LOS REYES,NA,NA,NA,02010,09,Ciudad de México,002,Azcapotzalco,0001,Azcapotzalco,0326,001,5512101237,NA,NA,Fijo,19.48636306,-99.18204261,2014-12
8725463,09017713943001271000000000U0,OSMOND GYM,NA,713943,Centros de acondicionamiento físico del sector privado,0 a 5 personas,CALLE,PLOMEROS,AVENIDA,FERROCARRIL DE CINTURA,CALLE,HOJALATERIA,CALLE,CENTRAL DE PINTORES,123,NA,NA,NA,NA,NA,COLONIA,EMILIO CARRANZA,NA,NA,NA,15230,09,Ciudad de México,017,Venustiano Carranza,0001,Venustiano Carranza,0155,009,5560670657,NA,NA,Fijo,19.44868563,-99.11965018,2019-11
10618712,09007713943007661000000000U7,OSTNER BOXING,NA,713943,Centros de acondicionamiento físico del sector privado,0 a 5 personas,CALLE,NICOLAS BRAVO,CALLE,PRIVADA FELIPE ANGELES,EJE VIAL,5 SUR (SANTA MARIA LA PURISIMA),CALLE,HISTORIADORES,32,NA,NA,NA,NA,NA,COLONIA,APATLACO,NA,NA,NA,09430,09,Ciudad de México,007,Iztapalapa,0001,Iztapalapa,0337,029,NA,NA,NA,Fijo,19.37950635,-99.11578529,2024-11
7816510,09007713943005791000000000U4,OUT LIMIT,NA,713943,Centros de acondicionamiento físico del sector privado,0 a 5 personas,CALLE,XOCHITEPANGO,CALLE,XOCHITEPANGO,CALLE,JOSE MARIA MORELOS Y PAVON,CALLE,XOCHITEPANGO,4,MZ 175,NA,NA,NA,NA,COLONIA,XALPA,NA,NA,NA,09640,09,Ciudad de México,007,Iztapalapa,0001,Iztapalapa,5569,012,NA,NA,NA,Fijo,19.3366772,-99.02117637,2019-11
9649373,09005713943004571000000000U5,OXYGEN FITNESS,NA,713943,Centros de acondicionamiento físico del sector privado,0 a 5 personas,CALLE,CRUZEIROS,CALLE,CAIRO,CALLE,DAMASCO,CALLE,RUBLOS,75,NA,NA,NA,NA,NA,COLONIA,FERNANDO CASAS ALEMÁN,NA,NA,NA,07960,09,Ciudad de México,005,Gustavo A. Madero,0001,Gustavo A. Madero,2292,012,5581364485,OXYGENFITNESS.RECEPCION@GMAIL.COM,NA,Fijo,19.45297381,-99.09630637,2024-11
11332502,09011713943002112000000000U8,OZONO FITNESS TERRAZA,NA,713943,Centros de acondicionamiento físico del sector privado,6 a 10 personas,CALLE,GENERAL PEDRO MARIA ANAYA,CALLE,CARLOS A. VIDAL,CALLE,VICENTE GUERRERO,CALLE,MONTES DE LAS CORDILLERAS,NA,SN,NA,NA,NA,NA,COLONIA,GUADALUPE,NA,NA,NA,13450,09,Ciudad de México,011,Tláhuac,0001,Tláhuac,0166,025,NA,LPAUHACKS@GMAIL.COM,NA,Fijo,19.29489843,-99.00925511,2024-11
10367564,09006713943001531000000000U0,PADEL CLUB ORIENTE,NA,713943,Centros de acondicionamiento físico del sector privado,0 a 5 personas,EJE VIAL,5 ORIENTE CENTRAL,CERRADA,3 CENTRAL,CALLE,CENTRAL,CALLE,LAUREL,NA,SN,NA,NA,NA,NA,COLONIA,AGRÍCOLA PANTITLAN,NA,NA,NA,08100,09,Ciudad de México,006,Iztacalco,0001,Iztacalco,1200,001,NA,NA,NA,Fijo,19.40881004,-99.07047674,2024-11
10588885,09003713943002422000000000U8,PADEL LIFE,PADEL LIFE,713943,Centros de acondicionamiento físico del sector privado,6 a 10 personas,CIRCUITO,INTERIOR AVENIDA RIO CHURUBUSCO,AVENIDA,UNIVERSIDAD,CALLE,JOSEFA ORTIZ DE DOMINGUEZ,CALLE,JOSEFA ORTIZ DE DOMINGUEZ,NA,SN,NA,NA,NA,NA,COLONIA,DEL CARMEN,NA,NA,NA,04100,09,Ciudad de México,003,Coyoacán,0001,Coyoacán,0018,005,NA,PADEL.LIFE.CDMX@GMAIL.COM,NA,Semifijo,19.35893571,-99.17098167,2024-11
10384776,09010713943002361000000000U3,PADEL ON,PADEL ON,713943,Centros de acondicionamiento físico del sector privado,0 a 5 personas,CERRADA,GRUTA,CALLE,CASCADA,CALLE,TEOLOLCO,CALLE,IGLESIA,19,NA,NA,18,6,NA,COLONIA,JARDINES DEL PEDREGAL,CENTRO Y PLAZA COMERCIAL,LA GRUTA,SN,01900,09,Ciudad de México,010,Álvaro Obregón,0001,Álvaro Obregón,1294,012,5537259578,NA,NA,Fijo,19.32580981,-99.20002014,2024-11
10134409,09016713943001812000000000U3,PADELHOOD,NA,713943,Centros de acondicionamiento físico del sector privado,6 a 10 personas,AVENIDA,CONSTITUYENTES,CALLE,HENEQUEN,CALLE,FLORENCIO MIRANDA,AVENIDA,OBSERVATORIO,701,NA,NA,NA,NA,NA,COLONIA,16 DE SEPTIEMBRE,NA,NA,NA,11810,09,Ciudad de México,016,Miguel Hidalgo,0001,Miguel Hidalgo,1090,011,5518453410,PADELHOOD.MX@GMAIL.COM,NA,Fijo,19.40172175,-99.20939042,2024-11
7767901,09002713943001082001000000U3,PALACE GYM,PALACE GYM,713943,Centros de acondicionamiento físico del sector privado,0 a 5 personas,CALLE,HACIENDA ESCOLASTICA,CALLE,EMILIO PORTES GIL,CALLE,MARISCAL ROMMEL,CALLE,LAURO VILLAR,114,NA,NA,NA,NA,NA,COLONIA,PROVIDENCIA,NA,NA,NA,02440,09,Ciudad de México,002,Azcapotzalco,0001,Azcapotzalco,0148,017,NA,PALACEGYMSADECV@HOTMAIL.COM,NA,Fijo,19.49502466,-99.20959904,2019-11
635137,09005713943002731001000000U7,PANTERS GYM,NA,713943,Centros de acondicionamiento físico del sector privado,6 a 10 personas,CALLE,MAURICIO GOMEZ,OTRO(ESPECIFIQUE),ARROYO,CALLE,PEDRO NOLASCO,PRIVADA,PRIMERA PEDRO NOLASCO,66,NA,NA,1,NA,NA,COLONIA,CUAUTEPEC BARRIO ALTO,EDIFICIO COMERCIAL Y DE SERVICIOS,PLAZA GALERIAS,SN,07100,09,Ciudad de México,005,Gustavo A. Madero,0001,Gustavo A. Madero,0050,058,NA,NA,NA,Fijo,19.55562795,-99.13324355,2010-07
10057612,09014713943002373000000000U0,PARCEUS,NA,713943,Centros de acondicionamiento físico del sector privado,11 a 30 personas,PRIVADA,PABLO UCELLO,CERRADA,PRIMER RETORNO CORREGGIO,CIRCUITO,INTERIOR (AVENIDA PATRIOTISMO),CERRADA,PRIMER RETORNO CORREGGIO,17,F,NA,NA,NA,NA,COLONIA,SAN JUAN,NA,NA,NA,03730,09,Ciudad de México,014,Benito Juárez,0001,Benito Juárez,0562,003,5522966430,PARCEUS1@GMAIL.COM,NA,Fijo,19.38067086,-99.1837457,2024-11
11354957,09014713943002281000000000U5,PARKOUR,NA,713943,Centros de acondicionamiento físico del sector privado,0 a 5 personas,EJE VIAL,7 SUR EXTREMADURA,CALLE,SANTANDER,CALLE,CADIZ,CALLE,VALENCIA,55,NA,NA,NA,NA,NA,COLONIA,INSURGENTES MIXCOAC,NA,NA,NA,03920,09,Ciudad de México,014,Benito Juárez,0001,Benito Juárez,0793,018,NA,NA,NA,Fijo,19.37392514,-99.18014277,2024-11
909079,09003713944000071000000000U3,PARQUE DEPORTIVO FRANCISCO J. MUJICA ANEXO B,ALCALDIA COYOACAN,713944,Centros de acondicionamiento físico del sector público,0 a 5 personas,AVENIDA,CANAL NACIONAL,CALLE,CANAL NACIONAL,OTRO(ESPECIFIQUE),MANZANA O EDIFICACION CONTIGUA,AVENIDA,SANTA ANA,NA,SN,NA,NA,NA,NA,COLONIA,CULHUACÁN CTM CANAL NACIONAL,NA,NA,NA,04480,09,Ciudad de México,003,Coyoacán,0001,Coyoacán,1764,030,NA,NA,NA,Fijo,19.32508171,-99.10642015,2014-12
8603463,09012713944000181000000000U1,PARQUE DEPORTIVO UNIDAD ZAPOTE 2,PARQUE POPULAR,713944,Centros de acondicionamiento físico del sector público,0 a 5 personas,ANDADOR,PIEDRA DECORATIVA,CALLE,ZAPOTE,OTRO(ESPECIFIQUE),MANZANA O EDIFICACION CONTIGUA,PRIVADA,SAN PEDRO APOSTOL,NA,SN,NA,NA,NA,NA,COLONIA,ISIDRO FABELA,NA,NA,NA,14060,09,Ciudad de México,012,Tlalpan,0001,Tlalpan,1903,031,NA,NA,NA,Fijo,19.29959773,-99.17805825,2019-11
802024,09007931210000562010000000U4,PARTICIPACION CIUDADANA,GOBIERNO DEL DISTRITO FEDERAL,713944,Centros de acondicionamiento físico del sector público,0 a 5 personas,PEATONAL,NINGUNO,AVENIDA,CONGRESO DE CHILPANCINGO NORTE,AVENIDA,CONGRESO DE CHILPANCINGO SUR,AVENIDA,SENTIMIENTOS DE LA NACION,NA,SN,NA,NA,NA,NA,UNIDAD HABITACIONAL,ERMITA ZARAGOZA,NA,NA,NA,09180,09,Ciudad de México,007,Iztapalapa,0001,Iztapalapa,2494,023,NA,NA,NA,Fijo,19.36410133,-98.99939261,2010-07
11036496,09003713943000431000000000U1,PATOS GYM,NA,713943,Centros de acondicionamiento físico del sector privado,0 a 5 personas,AVENIDA,AZTECAS,CALLE,REY HUEMAN,CALLE,MOCTECUZOMA,CALLE,TOTONACAS,606,NA,NA,NA,NA,NA,COLONIA,AJUSCO,NA,NA,NA,04300,09,Ciudad de México,003,Coyoacán,0001,Coyoacán,0817,011,NA,NA,NA,Fijo,19.3178957,-99.16439206,2024-11
1027769,09013713943001271000000000U9,PAWER HOUSE GYM,FEDERICO HERNANDEZ,713943,Centros de acondicionamiento físico del sector privado,0 a 5 personas,CALLE,HOMBRES ILUSTRES,PRIVADA,NINGUNO,CALLE,CERRADA AGUAS POTABLES,PRIVADA,NINGUNO,681,NA,NA,NA,NA,NA,PUEBLO,SANTA CECILIA TEPETLAPA,NA,NA,NA,16880,09,Ciudad de México,013,Xochimilco,0001,Xochimilco,0654,011,NA,POWER_HOUSEGYM@OUTLOOK.ES,NA,Fijo,19.22093152,-99.09781579,2014-12
8583981,09003713943001851100000000U9,PBS GYM PERFECT BODY SCIENCES,NA,713943,Centros de acondicionamiento físico del sector privado,0 a 5 personas,AVENIDA,DIVISION DEL NORTE,CALLE,CLAVELLINAS,AVENIDA,LAS ROSAS,CALLE,COPA DE ORO,3222,NA,NA,NA,NA,NA,COLONIA,CIUDAD JARDÍN,NA,NA,NA,04370,09,Ciudad de México,003,Coyoacán,0001,Coyoacán,0465,011,NA,NA,NA,Fijo,19.33519593,-99.14659656,2019-11
8583845,09003713943001831000000000U1,PEDREGALES FITNESS,NA,713943,Centros de acondicionamiento físico del sector privado,0 a 5 personas,CALLE,SAN CELSO,CALLE,SAN ANTONIO,CALLE,SAN FELIPE,CALLE,SAN LEON,24,LOTE MANZANA 524,NA,NA,NA,MZ524 LOTE 21,COLONIA,PEDREGAL DE SANTA ÚRSULA,NA,NA,NA,04600,09,Ciudad de México,003,Coyoacán,0001,Coyoacán,0840,003,5548559208,NA,WWW.PEDREGALFITNES,Fijo,19.31634718,-99.14763166,2019-11
756928,09016611621000232000000000U0,PEDROS GYM,NA,713943,Centros de acondicionamiento físico del sector privado,0 a 5 personas,CALLE,LAGO BOLSENA,CALLE,LAGO CONSTANZA,CERRADA,SEGUNDA LAGO BOLSENA,CALLE,LAGO TRASIMENO,112,NA,NA,NA,NA,NA,COLONIA,LAGO NORTE,NA,NA,NA,11450,09,Ciudad de México,016,Miguel Hidalgo,0001,Miguel Hidalgo,0393,006,NA,NA,NA,Fijo,19.44611297,-99.18741778,2010-07
11112271,09014713943002193000000000U2,PEGASUS POLE DANCE STUDIO,NA,713943,Centros de acondicionamiento físico del sector privado,11 a 30 personas,AVENIDA,DIAGONAL SAN ANTONIO,CALLE,PESTALOZZI,CALLE,ENRIQUE REBSAMEN,EJE VIAL,4 SUR (XOLA),1136,NA,NA,NA,NA,NA,COLONIA,NARVARTE PONIENTE,NA,NA,NA,03020,09,Ciudad de México,014,Benito Juárez,0001,Benito Juárez,0064,017,5521357189,PEGASUS.POLEDANCESTUDIO@GMAIL.COM,NA,Fijo,19.39455981,-99.15851688,2024-11
1022734,09003713943000532002000000U6,PEOPLES GYM,NA,713943,Centros de acondicionamiento físico del sector privado,6 a 10 personas,AVENIDA,AZTECAS,PRIVADA,MONSERRAT,AVENIDA,REY MOCTEZUMA,AVENIDA,AVENIDA DEL PANTEON,204,NA,NA,NA,NA,NA,PUEBLO,LA CANDELARIA,NA,NA,NA,04380,09,Ciudad de México,003,Coyoacán,0001,Coyoacán,0573,020,NA,PEOPLESGYMCOMPRAS@GMAIL.COM,NA,Fijo,19.32934283,-99.15444649,2010-07
8137862,09007713943005931000000000U6,PERFECT SHILOUETT,NA,713943,Centros de acondicionamiento físico del sector privado,0 a 5 personas,CALLE,PLAN DE SAN LUIS,CALLE,VICENTE GUERRERO,CALLE,GUADALUPE VICTORIA,AVENIDA,CIRCUNVALACION,14,NA,NA,NA,NA,NA,EJIDO,SANTA MARÍA AZTAHUACAN,NA,NA,NA,09570,09,Ciudad de México,007,Iztapalapa,0001,Iztapalapa,1513,020,5533992438,NA,PERFECTSHILOUETT.COM,Fijo,19.35328709,-99.02798028,2019-11
893493,09015713943001312001000000U6,PERFORMANCE FITNESS GYM,NA,713943,Centros de acondicionamiento físico del sector privado,0 a 5 personas,CALLE,MANUEL CARPIO,CALLE,DOCTOR ATL,CALLE,JAIME TORRES BODET,CALLE,ELIGIO ANCONA,99,NA,NA,1,NA,NA,COLONIA,SANTA MARÍA LA RIBERA,EDIFICIO COMERCIAL Y DE SERVICIOS,PLAZA MORISKO,39,06400,09,Ciudad de México,015,Cuauhtémoc,0001,Cuauhtémoc,0485,007,NA,NA,NA,Fijo,19.45055115,-99.15635434,2014-12
11188637,09012713943003201000000000U6,PERISQUASH,NA,713943,Centros de acondicionamiento físico del sector privado,0 a 5 personas,CALLE,VICENTE GUERRERO,PERIFERICO,BOULEVARD ADOLFO RUIZ CORTINES,CALLE,8 DE MAYO,CALLE,BELISARIO DOMINGUEZ,10,NA,NA,NA,NA,NA,COLONIA,SAN BARTOLO EL CHICO,NA,NA,NA,14380,09,Ciudad de México,012,Tlalpan,0001,Tlalpan,1000,016,5554545578,RARSOL@MSM.COM,NA,Fijo,19.28378835,-99.13149587,2024-11
12334064,09015713943003301000000000U7,PF GYM FIT WILL,PF GYM,713943,Centros de acondicionamiento físico del sector privado,0 a 5 personas,CALLE,NIZA,CALLE,MARSELLA,CALLE,LIVERPOOL,CALLE,VENECIA,66,4,NA,NA,2,3,CIUDAD,JUÁREZ,NA,NA,NA,06600,09,Ciudad de México,015,Cuauhtémoc,0001,Cuauhtémoc,095A,014,NA,NA,NA,Fijo,19.42508086,-99.16167363,2026-04
9875506,09017713943001821000000000U2,PHOENIX FITNESS CENTER,YANICK COELLO,713943,Centros de acondicionamiento físico del sector privado,0 a 5 personas,CALLE,SEGUNDA CERRADA DE AGIABAMPO,AVENIDA,LUIS DE LA ROSA,CALLE,JUAN PARDAVE,EJE VIAL,3 ORIENTE (FRANCISCO DEL PASO Y TRONCOSO),7,NA,NA,NA,NA,NA,COLONIA,JARDÍN BALBUENA,NA,NA,NA,15900,09,Ciudad de México,017,Venustiano Carranza,0001,Venustiano Carranza,1420,002,NA,NA,NA,Fijo,19.41119036,-99.11219867,2024-11
11722131,09003713943002901000000000U1,PHOENIX FITNESS CENTER COAPA,NA,713943,Centros de acondicionamiento físico del sector privado,0 a 5 personas,CALLE,ANÁHUAC,CALZADA,Hacienda Vista Hermosa,CALLE,Calzada Del Hueso,EJE VIAL,Rancho Estanzuela,146,NA,NA,NA,80,A,COLONIA,EL MIRADOR,NA,NA,NA,04970,09,Ciudad de México,003,Coyoacán,0001,Coyoacán,1213,019,NA,NA,NA,Fijo,19.30423107,-99.10992703,2025-04
9600275,09007713941000091000000000U8,PIA MONTE CANCHA DE FRONTON,JAVIER AVILA,713943,Centros de acondicionamiento físico del sector privado,0 a 5 personas,CERRADA,RETORNO DE PIRULES,CALLE,TETECHICO,CALLE,CAMINO REAL A SAN LORENZO,PRIVADA,CD.AZTECA,20,NA,NA,NA,NA,NA,COLONIA,EL MANTO,NA,NA,NA,09830,09,Ciudad de México,007,Iztapalapa,0001,Iztapalapa,255A,010,5532175684,NA,NA,Fijo,19.35072208,-99.08106936,2024-11
9769482,09005713943005351000000000U1,PID PLUS LINDAVISTA EJERCICIOS FISICOS,NA,713943,Centros de acondicionamiento físico del sector privado,0 a 5 personas,CALLE,LINDAVISTA,CALLE,CHICLAYO,CALLE,CUZCO,CALLE,SIERRAVISTA,251,NA,NA,NA,3,NA,COLONIA,LINDAVISTA NORTE,NA,NA,NA,07300,09,Ciudad de México,005,Gustavo A. Madero,0001,Gustavo A. Madero,0737,003,5582220014,NA,NA,Fijo,19.49416644,-99.12741979,2024-11
11036009,09010713943002693000000000U9,PIEDRA 199,NA,713943,Centros de acondicionamiento físico del sector privado,11 a 30 personas,CALLE,PIEDRA,CALLE,COLEGIO,AVENIDA,AVENIDA DE LA LUZ,CALLE,PIZARRA,199,NA,NA,17,NA,NINGUNO,COLONIA,JARDINES DEL PEDREGAL,EDIFICIO COMERCIAL Y DE SERVICIOS,PIEDRA 199,SN,01900,09,Ciudad de México,010,Álvaro Obregón,0001,Álvaro Obregón,128A,020,5611913098,NA,NA,Fijo,19.31101728,-99.20996384,2024-11
10314124,09016713943001822000000000U2,PILATES DEMEXICO,PILATES DE MEXICO,713943,Centros de acondicionamiento físico del sector privado,6 a 10 personas,CALLE,BOSQUE DE DURAZNOS,CALLE,BOSQUE DE LOS CIRUELOS,CALLE,BOSQUE DE SANDALO,CALLE,BOSQUE DE PINOS,60,NA,NA,NA,NA,NA,COLONIA,BOSQUE DE LAS LOMAS,NA,NA,NA,11700,09,Ciudad de México,016,Miguel Hidalgo,0001,Miguel Hidalgo,1264,008,NA,PILATESDMEXICO@HOTMAIL.COM,NA,Fijo,19.40428908,-99.24187881,2024-11
769561,09016713943000471002000000U9,PILATES ESTUDIO PS360,TERESA CATON,713943,Centros de acondicionamiento físico del sector privado,11 a 30 personas,CALLE,MONTE HIMALAYA,CALLE,MONTE LIBANO,CALLE,MONTE ATHOS,CALLE,CERRADA MONTE LIBANO,815,NA,NA,17,NA,NA,COLONIA,LOMAS DE CHAPULTEPEC VI SECCIÓN,EDIFICIO COMERCIAL Y DE SERVICIOS,PUNTOICOMA,815,11000,09,Ciudad de México,016,Miguel Hidalgo,0001,Miguel Hidalgo,0957,002,NA,INFOPS360@GMAIL.COM,WWW.PILATESTUDIO360.COM,Fijo,19.41858694,-99.21375842,2010-07
10705260,09014713943002201000000000U3,PILATES NAPOLES,NA,713943,Centros de acondicionamiento físico del sector privado,0 a 5 personas,AVENIDA,AVENIDA DEL PARQUE,VIADUCTO,RIO BECERRA,CALLE,CHICAGO,CALLE,NEBRASKA,113,A,NA,NA,NA,NA,COLONIA,NÁPOLES,NA,NA,NA,03810,09,Ciudad de México,014,Benito Juárez,0001,Benito Juárez,0204,008,NA,NA,NA,Fijo,19.39616401,-99.17617954,2024-11
1014514,09003713943000542000000000U5,PILATES SALUD INTEGRAL,NA,713943,Centros de acondicionamiento físico del sector privado,0 a 5 personas,AVENIDA,MIGUEL ANGEL DE QUEVEDO,AVENIDA,MELCHOR OCAMPO,CALLE,PINO,CALLE,DULCE OLIVIA,486,NA,NA,1,NA,NA,COLONIA,SANTA CATARINA,CENTRO Y PLAZA COMERCIAL,PLAZA SANTA CATARINA,4,04230,09,Ciudad de México,003,Coyoacán,0001,Coyoacán,0126,011,NA,PILATESSALUD@GMAIL.COM,NA,Fijo,19.34555513,-99.17033699,2010-07
10839224,09016713943001711000000000U7,PILATES STUDIO FLOW PILATES,FLOW PILATES,713943,Centros de acondicionamiento físico del sector privado,0 a 5 personas,CALLE,SHAKESPEARE,CALLE,VICTOR HUGO,CIRCUITO,INTERIOR (CALZADA MELCHOR OCAMPO),CALLE,LEIBNITZ,6,NA,NA,NA,NA,NA,COLONIA,ANZURES,NA,NA,NA,11590,09,Ciudad de México,016,Miguel Hidalgo,0001,Miguel Hidalgo,0711,026,NA,STUDIOFLOWPILATESMX@GMAIL.COM,WWW.FLOWPILATES.MX,Fijo,19.4265788,-99.17651049,2024-11
11618173,09016713943001771000000000U1,PILATES THE FIT PILATES,GU HOLDING,713943,Centros de acondicionamiento físico del sector privado,0 a 5 personas,AVENIDA,HORACIO,PRIVADA,EMERSON,CALLE,HEGEL,AVENIDA,PRESIDENTE MASARYK,400,D,NA,NA,NA,NA,COLONIA,POLANCO V SECCIÓN,NA,NA,NA,11570,09,Ciudad de México,016,Miguel Hidalgo,0001,Miguel Hidalgo,0675,012,NA,NA,WWW.FITPILATES.MX,Fijo,19.43325927,-99.18831428,2024-11
11044456,09016713943001941000000000U0,PINK BOXING CLUB,PINK BOXING CLUB,713943,Centros de acondicionamiento físico del sector privado,0 a 5 personas,CALLE,AVENIDA PROGRESO,CALLE,MINERIA,CALLE,AGRICULTURA,CALLE,JOSE MARTI,146,NA,NA,NA,NA,C,COLONIA,ESCANDÓN II SECCIÓN,NA,NA,NA,11800,09,Ciudad de México,016,Miguel Hidalgo,0001,Miguel Hidalgo,118A,009,5543570894,NA,NA,Fijo,19.40365802,-99.17655695,2024-11
10875228,09004713943000841000000000U9,PINOCHO BOX PUG CLASES DE BOX,NA,713943,Centros de acondicionamiento físico del sector privado,0 a 5 personas,CALLE,SAN JOSE DE LOS CEDROS,CALLE,AHUEHUETES,PRIVADA,CHABACANO,CERRADA,MONTE SAN MIGUEL,328,NA,NA,18,NA,NA,COLONIA,SAN JOSÉ DE LOS CEDROS,EDIFICIO COMERCIAL Y DE SERVICIOS,SIN NOMBRE,SN,05260,09,Ciudad de México,004,Cuajimalpa de Morelos,0001,Cuajimalpa de Morelos,0072,022,NA,NA,NA,Fijo,19.36968268,-99.29180661,2024-11
924024,09010713943000992001000000U7,PISO CERO FITNESS & GYM,ISRAEL RODRIGUEZ,713943,Centros de acondicionamiento físico del sector privado,0 a 5 personas,AVENIDA,SANTA LUCIA,CERRADA,EMILIANO ZAPATA,AVENIDA,SANTA LUCIA,CALLE,CERRADA SANTA LUCIA,810,NA,NA,1,NA,NA,COLONIA,HOGAR Y REDENCIÓN,CENTRO Y PLAZA COMERCIAL,PLAZA LAS ROSAS,SN,01400,09,Ciudad de México,010,Álvaro Obregón,0001,Álvaro Obregón,2362,035,NA,PISOCEROATENCIONACLINTES@GMAIL.COM,NA,Fijo,19.37277918,-99.20754232,2014-12
936432,09013713944000115002000000U7,PISTA OLIMPICA DE REMO Y CANOTAJE VIRGILIO URIBE,GOBIERNO DEL DISTRITO FEDERAL,713944,Centros de acondicionamiento físico del sector público,6 a 10 personas,CALLE,ANTIGUO CANAL CUEMANCO,CALLE,NINGUNO,OTRO(ESPECIFIQUE),NINGUNO,OTRO(ESPECIFIQUE),NINGUNO,NA,SN,NA,NA,NA,NA,COLONIA,PISTA OLIMPICA VIRGILIO URIBE,NA,NA,NA,16036,09,Ciudad de México,013,Xochimilco,0001,Xochimilco,0052,001,NA,ADRIANAREYESBOTAS.INDEPORTE@GMAIL.COM,NA,Fijo,19.2903242,-99.10181178,2014-12
990148,09003713943000613000000000U4,PLANET GOL COAPA,MPA COMERCIALIZADORA,713943,Centros de acondicionamiento físico del sector privado,11 a 30 personas,CALLE,RANCHO VISTA HERMOSA,CALLE,RANCHO VISTA HERMOSA,CALLE,RANCHO DEL ARENAL,CALZADA,CALZADA DEL HUESO,NA,SN,NA,NA,NA,NA,COLONIA,LOS SAUCES,NA,NA,NA,04940,09,Ciudad de México,003,Coyoacán,0001,Coyoacán,1444,025,NA,NA,WWW.PLANETGOL.MX,Fijo,19.30657002,-99.11945145,2010-07
12334109,09015713943003283000000000U7,PLANTE FITNESS,FITNESS PARA TODOS,713943,Centros de acondicionamiento físico del sector privado,11 a 30 personas,CALLE,CALZADA DE LA RONDA,EJE VIAL,CENTRAL (LAZARO CARDENAS),CALLE,FLORENCIO CONSTANTINO,CONTINUACION,2 NORTE (MANUEL GONZALEZ),88,NA,NA,NA,NA,NA,COLONIA,EX HIPÓDROMO DE PERALVILLO,NA,NA,NA,06250,09,Ciudad de México,015,Cuauhtémoc,0001,Cuauhtémoc,0131,001,5531477387,NA,NA,Fijo,19.45646916,-99.136320370000007,2026-04
10598884,09005713943005081000000000U4,PODER A PODER BOXING CLUB,PODER A PODER BOXING CLUB,713943,Centros de acondicionamiento físico del sector privado,0 a 5 personas,CALLE,SANTURCE,CALLE,CIENFUEGOS,CALLE,MOYOBAMBA,CALLE,CHACO,1037,NA,NA,NA,NA,NA,COLONIA,RESIDENCIAL ZACATENCO,NA,NA,NA,07369,09,Ciudad de México,005,Gustavo A. Madero,0001,Gustavo A. Madero,0633,014,NA,NA,NA,Fijo,19.50081772,-99.12377298,2024-11
9669884,09002713943001441000000000U1,PODEROSOS GYM,NA,713943,Centros de acondicionamiento físico del sector privado,0 a 5 personas,CALLE,ZACAMIXTLE,EJE VIAL,3 NORTE (CALZADA SAN ISIDRO),CALLE,FAJA DE ORO,CALLE,POZA RICA,147,NA,NA,NA,NA,NA,COLONIA,PETROLERA,NA,NA,NA,02480,09,Ciudad de México,002,Azcapotzalco,0001,Azcapotzalco,0434,021,NA,NA,NA,Fijo,19.48418754,-99.19813097,2024-11
788029,09005713943000881000000000U2,POLANCO GYM,NA,713943,Centros de acondicionamiento físico del sector privado,0 a 5 personas,CALLE,HENRY FORD,CALLE,AMALIA,CALLE,CARLOTA,CALLE,AMALIA,25,NA,NA,NA,NA,NA,COLONIA,GUADALUPE TEPEYAC,NA,NA,NA,07840,09,Ciudad de México,005,Gustavo A. Madero,0001,Gustavo A. Madero,181A,032,5557392725,NA,NA,Fijo,19.4709497,-99.12126205,2010-07
785988,09005713943001543000000000U7,POLARIS WELLNES AND FITNESS,POLARIS WELLNES AND FITNESS,713943,Centros de acondicionamiento físico del sector privado,11 a 30 personas,CALZADA,CALZADA DE GUADALUPE,CALLE,INGENIERO BASILISO ROMO ANGUIANO,CALLE,PROGRESO,CALLE,ESCUELA INDUSTRIAL,376,NA,NA,NA,NA,NA,COLONIA,INDUSTRIAL,NA,NA,NA,07800,09,Ciudad de México,005,Gustavo A. Madero,0001,Gustavo A. Madero,1275,025,NA,NA,NA,Fijo,19.46987637,-99.12322216,2010-07
10360329,09015713943003161000000000U5,POLE DANCE,POLE DANCE,713943,Centros de acondicionamiento físico del sector privado,0 a 5 personas,EJE VIAL,CENTRAL LAZARO CARDENAS,CALLE,MERCADO,CALLE,FELIX U. GOMEZ,CALLE,GENERAL REGULES,280,NA,NA,18,NA,NA,COLONIA,GUERRERO,EDIFICIO COMERCIAL Y DE SERVICIOS,LAZARO CARDENAS 280,203,06300,09,Ciudad de México,015,Cuauhtémoc,0001,Cuauhtémoc,0521,007,NA,NA,NA,Fijo,19.44929007,-99.13863369,2024-11
11282017,09003713943002591000000000U0,POLE DANCE,NA,713943,Centros de acondicionamiento físico del sector privado,0 a 5 personas,CALLE,DOLORES GUERRERO,PRIVADA,2 DOLORES GUERRERO,ANDADOR,12 DOLORES GUERRERO,ANDADOR,1 ROSARIO CASTELLANOS,207,B,ES 10 B ESTE ES EL CORRECTO,17,NA,NA,COLONIA,CULHUACÁN CTM SECCIÓN VIII,NA,NA,NA,04909,09,Ciudad de México,003,Coyoacán,0001,Coyoacán,1478,032,5574996332,NA,NA,Fijo,19.31494031,-99.10492039,2024-11
8539361,09014611611001051010000000U9,POLE DANCE ACADEMY BODY SOOL,NA,713943,Centros de acondicionamiento físico del sector privado,0 a 5 personas,EJE VIAL,CENTRAL LAZARO CARDENAS,EJE VIAL,7A SUR (GENERAL EMILIANO ZAPATA),AVENIDA,REPUBLICAS,CALLE,MONROVIA,701,NA,NA,NA,NA,NA,CIUDAD,PORTALES SUR,NA,NA,NA,03300,09,Ciudad de México,014,Benito Juárez,0001,Benito Juárez,0990,022,5571110279,POLEDMECPORTALES@GMAIL.COM,NA,Fijo,19.36535178,-99.15058147,2019-11
952228,09014611611000651010000000U7,POLE DANCE SCHOOL DEL VALLE,NA,713943,Centros de acondicionamiento físico del sector privado,0 a 5 personas,EJE VIAL,2 PONIENTE GABRIEL MANCERA,CALLE,TLACOQUEMECATL,CALLE,MIGUEL LAURENT,CALLE,ANICETO ORTEGA,1270,F,NA,NA,NA,NA,COLONIA,DEL VALLE SUR,NA,NA,NA,03100,09,Ciudad de México,014,Benito Juárez,0001,Benito Juárez,0755,014,NA,CONTACTO@MAGICPOLE.COM,WWW.POLEDANCESCHOOL.COM.MX,Fijo,19.37558661,-99.1667591,2010-07
739126,09002611621000252011000000U8,POLE DANCE Y SCOOL,NA,713943,Centros de acondicionamiento físico del sector privado,0 a 5 personas,CALLE,CLAVEL,CALLE,GUANABANA,CALLE,JUAN SARABIA,AVENIDA,CALZADA CAMARONES,346,A,NA,NA,NA,NA,COLONIA,NUEVA SANTA MARÍA,NA,NA,NA,02800,09,Ciudad de México,002,Azcapotzalco,0001,Azcapotzalco,0843,012,5611885454,POLESPORTSHULAS@GMAIL.COM,WWW.SHULASPOLESTUDIO.COM,Fijo,19.45899718,-99.16900011,2010-07
676274,09005611621000901010000000U3,POLE FIT LINDAVISTA,NA,713943,Centros de acondicionamiento físico del sector privado,0 a 5 personas,CALLE,COQUIMBO,EJE VIAL,5 NORTE (MONTEVIDEO),CALLE,MONTIEL,CALLE,CALLAO,709,NA,NA,NA,NA,NA,COLONIA,LINDAVISTA SUR,NA,NA,NA,07300,09,Ciudad de México,005,Gustavo A. Madero,0001,Gustavo A. Madero,1114,002,NA,INFO@POLEDANCEMX.COM,WWW.POLEDANCEMX.COM,Fijo,19.48790114,-99.12735701,2014-12
7761672,09015713943002112001000000U9,POLE FIT STUDIO,NA,713943,Centros de acondicionamiento físico del sector privado,0 a 5 personas,CALZADA,MANUEL VILLALONGIN,CALLE,RIO PANUCO,CALLE,RIO AMAZONAS,CALLE,RIO PANUCO,92,NA,NA,NA,NA,NA,COLONIA,CUAUHTÉMOC,NA,NA,NA,06500,09,Ciudad de México,015,Cuauhtémoc,0001,Cuauhtémoc,0790,006,5548704604,POLEDANCE.MX@GMAIL.COM,WWW.POLEDANCE.COM.MX,Fijo,19.4329401,-99.1638575,2019-11
9610135,09003713943002671000000000U0,POLE FITNES,NA,713943,Centros de acondicionamiento físico del sector privado,0 a 5 personas,EJE VIAL,2 ORIENTE HEROICA ESCUELA NAVAL MILITAR,CALLE,MANUELA SAENZ,CALLE,FLAVIO GARCIA,AVENIDA,AVENIDA ALFREDO V. BONFIL,710,NA,NA,NA,NA,NA,COLONIA,PRESIDENTES EJIDALES SEGUNDA SECCIÓN,NA,NA,NA,04470,09,Ciudad de México,003,Coyoacán,0001,Coyoacán,1707,018,NA,NA,NA,Fijo,19.3246748,-99.12466423,2024-11
8842995,09012713943002091000000000U2,POLE FITNES GOYCO STUDIO,NA,713943,Centros de acondicionamiento físico del sector privado,0 a 5 personas,AVENIDA,INSURGENTES SUR,CALLE,SAN MARCOS,CALZADA,CALZADA DE TLALPAN,CALLE,CONGRESO,4342,NA,NA,NA,5,C,COLONIA,TLALPAN CENTRO,NA,NA,NA,14000,09,Ciudad de México,012,Tlalpan,0001,Tlalpan,1015,006,NA,POLEFITNESSGOYCOSSTUDIO@GMAIL.COM,POLEFITNESSGOYCOSS.WIXSITE.COM,Fijo,19.28045607,-99.1701118,2019-11
8379910,09005713943003751000000000U4,POLE FITNESS YOLO POLE,NA,713943,Centros de acondicionamiento físico del sector privado,0 a 5 personas,CALLE,MAURICIO GOMEZ,CALLE,MAURICIO GOMEZ,CALLE,PEDRO NOLASCO,PRIVADA,PRIMERA PEDRO NOLASCO,66,NA,NA,17,NA,NA,COLONIA,CUAUTEPEC BARRIO ALTO,EDIFICIO COMERCIAL Y DE SERVICIOS,PLAZA GALERIAS,5,07100,09,Ciudad de México,005,Gustavo A. Madero,0001,Gustavo A. Madero,0050,058,5578828539,NA,NA,Fijo,19.55562795,-99.13324355,2019-11
922382,09010713944000053001000000U6,POLIDEPORTIVO DEL CAMPO MILITAR,POLIDEPORTIVO DEL CAMPO MILITAR,713944,Centros de acondicionamiento físico del sector público,6 a 10 personas,CALLE,BANDERA,CALLE,NICOLAS BRAVO,OTRO(ESPECIFIQUE),MANZANA O EDIFICACION CONTIGUA,OTRO(ESPECIFIQUE),MANZANA O EDIFICACION CONTIGUA,1111,NA,NA,NA,2,NA,COLONIA,SANTA FE,NA,NA,NA,01210,09,Ciudad de México,010,Álvaro Obregón,0001,Álvaro Obregón,2061,001,NA,NA,NA,Fijo,19.38409225,-99.23212197,2014-12
745766,09017461122003161010000000U6,POLLERIA LA PECHUGUITA,NA,713943,Centros de acondicionamiento físico del sector privado,0 a 5 personas,CALLE,CUCURPE,CALLE,PROLONGACION LUCAS ALAMAN,CALLE,ZOQUIPA,CALLE,SUR 105,4333,NA,NA,NA,NA,NA,COLONIA,AERONÁUTICA MILITAR,NA,NA,NA,15970,09,Ciudad de México,017,Venustiano Carranza,0001,Venustiano Carranza,0719,020,5530087149,SERGIODESANCHEZ@OUTLOOK.COM,NA,Fijo,19.41874714,-99.11696344,2010-07
728531,09007713943003431000000000U9,PONTE LOS GUANTES IZTAPALAPA,NA,713943,Centros de acondicionamiento físico del sector privado,0 a 5 personas,CALLE,CEDROS,CALLE,ELISSA ACUÑA Y ROSSETI,CALLE,EUGENIO AGUIRRE BENAVIDEZ,CALLE,GABRIEL GONZALEZ MIER,0,MZ 156 A LT 8,NA,NA,NA,NA,COLONIA,SANTA MARTHA ACATITLA NORTE,NA,NA,NA,09410,09,Ciudad de México,007,Iztapalapa,0001,Iztapalapa,0638,024,5578978220,NA,NA,Fijo,19.37380165,-99.00922816,2014-12
10518555,09015713943002992000000000U4,PONTE PILA,PAULA CARMICERO,713943,Centros de acondicionamiento físico del sector privado,6 a 10 personas,CALLE,COLIMA,CALLE,JALAPA,CALLE,TONALA,CALLE,TABASCO,220,NA,NA,NA,101,NA,COLONIA,ROMA NORTE,NA,NA,NA,16700,09,Ciudad de México,015,Cuauhtémoc,0001,Cuauhtémoc,1002,014,NA,VELAZQUEZMONICA@GMAIL.COM,NA,Fijo,19.41917453,-99.16268519,2024-11
7792294,09007713943005512001000000U4,POPEYE 33 GIM,NA,713943,Centros de acondicionamiento físico del sector privado,0 a 5 personas,CALLE,BATALLA 5 DE MAYO,AVENIDA,CIRCUNVALACION,PRIVADA,ADOLFO BONILLA,AVENIDA,CIRCUNVALACION,NA,MZ 1 LT 6,NA,NA,NA,NA,COLONIA,EJÉRCITO DE AGUA PRIETA,NA,NA,NA,09578,09,Ciudad de México,007,Iztapalapa,0001,Iztapalapa,5677,030,NA,NA,NA,Fijo,19.36694077,-99.03631206,2019-11
7672970,09010713943001942001000000U1,POTENZA FITNESS GYM,NA,713943,Centros de acondicionamiento físico del sector privado,0 a 5 personas,CALZADA,CALZADA DE LAS AGUILAS,CALLE,CUARTA CERRADA AGUILAS,CALLE,SERRANIA,CALLE,SERRANIA,861,NA,NA,NA,NA,NA,COLONIA,AMPLIACIÓN LAS ÁGUILAS,NA,NA,NA,01710,09,Ciudad de México,010,Álvaro Obregón,0001,Álvaro Obregón,2199,018,NA,NA,NA,Fijo,19.35226487,-99.21662049,2019-11
1025643,09008713943000031000000000U8,POWER BODY,NA,713943,Centros de acondicionamiento físico del sector privado,0 a 5 personas,CALLE,GUERRERO,CALLE,ALUMNOS,CALLE,PACHECO,CALLE,PACHECO,16,NA,NA,NA,NA,NA,PUEBLO,SAN BERNABÉ OCOTEPEC,NA,NA,NA,10300,09,Ciudad de México,008,La Magdalena Contreras,0001,La Magdalena Contreras,0550,013,NA,NA,NA,Fijo,19.31406946,-99.25842983,2010-07
10213267,09007713943007491000000000U9,POWER HOUSE,POWER HOUSE,713943,Centros de acondicionamiento físico del sector privado,0 a 5 personas,AVENIDA,APATLACO,CALLE,LITERATOS,CALLE,ESCRITORES,CALLE,FABULISTAS,321,NA,NA,NA,NA,NA,COLONIA,PURÍSIMA ATLAZOLPA,NA,NA,NA,09429,09,Ciudad de México,007,Iztapalapa,0001,Iztapalapa,0356,031,NA,NA,NA,Fijo,19.38103306,-99.10938618,2024-11
9561250,09004713943000831000000000U0,POWER PILATES NUTRITION,RENE QUIROZ,713943,Centros de acondicionamiento físico del sector privado,0 a 5 personas,AVENIDA,STIM,AVENIDA,STIM,AVENIDA,STIM,CALLE,TREN DE TRANSPORTE,1330,3,NA,NA,NA,NA,COLONIA,LOMAS DE CHAMIZAL,NA,NA,NA,05129,09,Ciudad de México,004,Cuajimalpa de Morelos,0001,Cuajimalpa de Morelos,0180,037,5564118111,POWERPILATESNUTRITION@GMAIL.COM,NA,Fijo,19.38946297,-99.26035796,2024-11
10270016,09013713943001961000000000U5,PRO GYM,GERMAN LEON,713943,Centros de acondicionamiento físico del sector privado,0 a 5 personas,CALLE,CUAUHTEMOC,CALLE,MORELOS,CALLE,PEDRO RAMIREZ DEL CASTILLO,CALLE,CUITLAHUAC,53,NA,NA,NA,59,NA,BARRIO,SAN PEDRO,NA,NA,NA,16090,09,Ciudad de México,013,Xochimilco,0001,Xochimilco,0230,002,5541313217,NA,NA,Fijo,19.25902159,-99.10626074,2024-11
9178999,09005713943004191100000000U2,PROFITNESS,NA,713943,Centros de acondicionamiento físico del sector privado,0 a 5 personas,CALLE,CUAUHTEMOC,CERRADA,SEGUNDA CUAUHTEMOC,CERRADA,PRIMERA CUAUHTEMOC,CERRADA,PRIMERA LEOPOLDO RODRIGUEZ,1,NA,NA,NA,NA,NA,COLONIA,CUAUTEPEC DE MADERO,NA,NA,NA,07200,09,Ciudad de México,005,Gustavo A. Madero,0001,Gustavo A. Madero,3093,044,NA,NA,NA,Fijo,19.54479868,-99.14043163,2019-11
11444742,09013713943002233000000000U8,PROGYM BLACK,NA,713943,Centros de acondicionamiento físico del sector privado,11 a 30 personas,AVENIDA,GUADALUPE I RAMIREZ,AVENIDA,20 DE NOVIEMBRE,CALLE,AVENIDA SAN BERNARDINO,CALLE,PASEO DE LA NORIA,611,NA,NA,NA,NA,NA,COLONIA,POTRERO SAN BERNARDINO,NA,NA,NA,16030,09,Ciudad de México,013,Xochimilco,0001,Xochimilco,107A,023,NA,NA,NA,Fijo,19.26803781,-99.12436817,2024-11
7255785,09014713943001391000000000U3,PROK GIMNASIA,PROK GIMNACIA,713943,Centros de acondicionamiento físico del sector privado,0 a 5 personas,CALLE,LIRIO,CALLE,TEJOCOTES,CALLE,MANZANAS,EJE VIAL,7 SUR (FELIX CUEVAS),17,NA,NA,NA,NA,NA,COLONIA,TLACOQUEMECATL,NA,NA,NA,03200,09,Ciudad de México,014,Benito Juárez,0001,Benito Juárez,0717,005,5570451855,NA,NA,Fijo,19.37433298,-99.17796838,2019-11
11799273,09015713943003241000000000U5,PROTEIN CLUB HUGHES,ABRIL HURTADO,713943,Centros de acondicionamiento físico del sector privado,0 a 5 personas,CALLE,LUDWING VAN BEETHOVEN,CALLE,Enrico Caruso,CALLE,Florencio Constantino,CALLE,Melesio Morales,64,NA,NA,NA,NA,NA,COLONIA,PERALVILLO,NA,NA,NA,06220,09,Ciudad de México,015,Cuauhtémoc,0001,Cuauhtémoc,0108,020,5561197422,NA,NA,Fijo,19.46052656,-99.13200079,2025-04
980742,09003713943000101000000000U0,PURO MUSCULO GYM,NA,713943,Centros de acondicionamiento físico del sector privado,0 a 5 personas,CALZADA,CALZADA DE TLALPAN,CALLE,XOTEPINGO,OTRO(ESPECIFIQUE),NINGUNO,EJE VIAL,1 ORIENTE (AVENIDA CANAL DE MIRAMONTES),2556,NA,NA,NA,NA,NA,COLONIA,AVANTE,NA,NA,NA,04460,09,Ciudad de México,003,Coyoacán,0001,Coyoacán,0709,005,NA,NESTOR_ARGUELLES@HOTMAIL.COM,NA,Fijo,19.32920136,-99.13961257,2010-07
9103176,09014713943001721100000000U1,QUAC GIMNASIO,ANDRES MORENO,713943,Centros de acondicionamiento físico del sector privado,0 a 5 personas,CALLE,CERRADA REVOLUCION,CALLE,11 DE ABRIL,CALLE,BAYONETA,CIRCUITO,INTERIOR (AVENIDA REVOLUCION),23,A,NA,NA,NA,NA,COLONIA,8 DE AGOSTO,NA,NA,NA,03820,09,Ciudad de México,014,Benito Juárez,0001,Benito Juárez,0187,006,5518020450,NA,NA,Fijo,19.39489395,-99.18599929,2019-11
10067987,09010713943002731000000000U7,QUEST FITNES,NA,713943,Centros de acondicionamiento físico del sector privado,0 a 5 personas,AVENIDA,CENTENARIO,CALLE,TLAXCALA,OTRO(ESPECIFIQUE),ARROYO,OTRO(ESPECIFIQUE),ARROYO,1329,NA,NA,NA,NA,NA,COLONIA,REACOMODO VALENTÍN GÓMEZ FARÍAS,NA,NA,NA,01569,09,Ciudad de México,010,Álvaro Obregón,0001,Álvaro Obregón,1627,054,5515353458,NA,NA,Fijo,19.35706944,-99.23599715,2024-11
670942,09005713943002791000000000U1,QUETZAL GYM COATL,NA,713943,Centros de acondicionamiento físico del sector privado,0 a 5 personas,CALLE,PALMAS,CALLE,CUAUHTEMOC,PROLONGACION,CUAUHTEMOC,CERRADA,CUARTA CUAUHTEMOC,145,NA,NA,NA,NA,NA,COLONIA,CUAUTEPEC DE MADERO,NA,NA,NA,07207,09,Ciudad de México,005,Gustavo A. Madero,0001,Gustavo A. Madero,3093,006,5635988364,NA,NA,Fijo,19.54434807,-99.14200278,2014-12
9560117,09010713944000251000000000U6,QUISCO DELEGACION ALVARO OBREGON PARQUE MOLINOS DE ROSA,GOBIERNO,713944,Centros de acondicionamiento físico del sector público,0 a 5 personas,CALLE,ROSA DE FUEGO,CALLE,ROSA BENGALA,AVENIDA,AVENIDA DEL ROSAL,CALLE,ROSA REINA,NA,SN,NA,NA,NA,NA,COLONIA,MOLINO DE ROSAS,NA,NA,NA,01470,09,Ciudad de México,010,Álvaro Obregón,0001,Álvaro Obregón,0629,012,NA,NA,NA,Fijo,19.37273441,-99.19599261,2024-11
727356,09007713943002451000000000U8,R FITNESS CENTRO DEPORTIVO,JOSEFINA REYES,713943,Centros de acondicionamiento físico del sector privado,0 a 5 personas,CALLE,DERECHOS DEMOCRATICOS,CALLE,EL MOLINO,CALLE,ROSALITA (DERECHOS DEMOGRAFICOS),CALLE,ROSALITA (DERECHOS DEMOGRAFICOS),16,MANZANA 2,NA,NA,NA,NA,COLONIA,LA PLANTA,NA,NA,NA,09960,09,Ciudad de México,007,Iztapalapa,0001,Iztapalapa,4363,032,NA,NA,NA,Fijo,19.29249627,-99.06535539,2014-12
10443722,09014713943002331000000000U8,RAGE SAVAGE CROSS CLUB,NA,713943,Centros de acondicionamiento físico del sector privado,0 a 5 personas,EJE VIAL,4 SUR XOLA,CALLE,PITAGORAS,CALLE,PESTALOZZI,AVENIDA,DIAGONAL SAN ANTONIO,1113,NA,NA,NA,NA,NA,COLONIA,NARVARTE PONIENTE,NA,NA,NA,03020,09,Ciudad de México,014,Benito Juárez,0001,Benito Juárez,0064,016,5530250561,NA,NA,Fijo,19.39591115,-99.15778265,2024-11
9878035,09003713943002511000000000U8,RAINBOW STUDIO,NA,713943,Centros de acondicionamiento físico del sector privado,0 a 5 personas,CALLE,CONACUATE,CALLE,MAYAS,CALLE,ISCATON,CALLE,XOCHIAPAN,6,NA,NA,NA,NA,NA,COLONIA,PEDREGAL DE SANTO DOMINGO,NA,NA,NA,04369,09,Ciudad de México,003,Coyoacán,0001,Coyoacán,0639,030,5548315761,NA,NA,Fijo,19.32513129,-99.16239921,2024-11
9901266,09013713943002291000000000U6,RAVEN CROSSFIT,ISMAEL JUAREZ,713943,Centros de acondicionamiento físico del sector privado,0 a 5 personas,CALLE,SELVA,CALLE,16 DE SEPTIEMBRE,CALLE,MORELOS,CALLE,FRANCISCO GOYTIA,103,NA,NA,NA,NA,NA,BARRIO,SAN PEDRO,NA,NA,NA,16090,09,Ciudad de México,013,Xochimilco,0001,Xochimilco,0230,018,2218775455,NA,NA,Fijo,19.25619614,-99.10560708,2024-11
12334139,09012713943003303000000000U0,RBL STUDIO,GRUPO RBL FITNESS STUDIOS,713943,Centros de acondicionamiento físico del sector privado,11 a 30 personas,CALZADA,ACOXPA,EJE VIAL,2 ORIENTE (AVENIDA CANAL DE MIRAMONTES),AVENIDA,DIVISION DEL NORTE,CALZADA,CALZADA LAS BRUJAS,610,NA,NA,18,NA,NA,COLONIA,VILLA COAPA,CENTRO Y PLAZA COMERCIAL,GRAN TERRAZA COAPA,208 B,14390,09,Ciudad de México,012,Tlalpan,0001,Tlalpan,0479,001,NA,HOLA@RBL.STUDIO.MX,WWW.RBLSTUDIO.MX,Fijo,19.29458222,-99.12964774,2026-04
11530181,09014713943001981000000000U1,RBL STUDIO,NA,713943,Centros de acondicionamiento físico del sector privado,0 a 5 personas,EJE VIAL,7 SUR EXTREMADURA,CALLE,CADIZ,AVENIDA,INSURGENTES SUR,CALLE,EMPRESA,72,B,NA,NA,NA,NA,COLONIA,INSURGENTES MIXCOAC,NA,NA,NA,03740,09,Ciudad de México,014,Benito Juárez,0001,Benito Juárez,0702,019,NA,HOLARBLSTUDIO@GMAIL.COM,NA,Fijo,19.37393834,-99.17940744,2024-11
9700719,09016713943001961000000000U8,RE FRAME PILATES,RE FRAME PILATES,713943,Centros de acondicionamiento físico del sector privado,0 a 5 personas,CALLE,JULIO VERNE,CALLE,LUIS GONZAGA URBINA,AVENIDA,CAMPOS ELISEOS,CALLE,ANATOLE FRANCE,10,NA,NA,NA,NA,NA,COLONIA,POLANCO III SECCIÓN,NA,NA,NA,11540,09,Ciudad de México,016,Miguel Hidalgo,0001,Miguel Hidalgo,075A,004,NA,NA,NA,Fijo,19.42738359,-99.19743827,2024-11
8646102,09005713943003311000000000U7,RECAUDARIA,MIGUELA,713943,Centros de acondicionamiento físico del sector privado,0 a 5 personas,CALLE,MIGUEL LERDO DE TEJADA,PRIVADA,MIGUEL LERDO DE TEJADA,CALLE,PEÑAS NEGRAS,CALLE,PEÑAS NEGRAS,6,NA,NA,NA,NA,NA,COLONIA,EL TEPETATAL,NA,NA,NA,04130,09,Ciudad de México,005,Gustavo A. Madero,0001,Gustavo A. Madero,3252,039,NA,NA,NA,Fijo,19.56192546,-99.13679408,2019-11
8564185,09010713943001401000000000U8,REFORMATION PILATES,NA,713943,Centros de acondicionamiento físico del sector privado,0 a 5 personas,CALZADA,CALZADA DE LAS AGUILAS,CALLE,PUENTE MORALILLO,CALLE,PUENTE METLAC,CALLE,PUENTE MORALILLO,1289,NA,NA,1,NA,NA,COLONIA,PUENTE COLORADO,CENTRO Y PLAZA COMERCIAL,PUNTA LAS AGUILAS,2,01730,09,Ciudad de México,010,Álvaro Obregón,0001,Álvaro Obregón,1078,022,5525698160,NA,NA,Fijo,19.34832893,-99.23053519,2019-11
739154,09002713943000443100000000U8,RETRO GYM,NA,713943,Centros de acondicionamiento físico del sector privado,11 a 30 personas,CALLE,GUANÁBANA,EJE VIAL,2 NORTE (EULALIA GUZMÁN),CALLE,ARTEMISA,CALLE,JUAN SARABIA,81,NA,NA,NA,NA,NA,COLONIA,NUEVA SANTA MARÍA,NA,NA,NA,2800,09,Ciudad de México,002,Azcapotzalco,0001,Azcapotzalco,0843,014,5531661504,RTOGYM@GMAIL.COM,NA,Fijo,19.46205488,-99.16862097,2010-07
796571,09005713943000951000000000U3,RICHARD GYM,NA,713943,Centros de acondicionamiento físico del sector privado,0 a 5 personas,AVENIDA,VICTORIA ORIENTE ORIENTE 117,CALLE,NORTE 76,CALLE,NORTE 76-A,CALLE,HENRY FORD,3906,NA,NA,NA,NA,NA,COLONIA,FAJA DE ORO,NA,NA,NA,07850,09,Ciudad de México,005,Gustavo A. Madero,0001,Gustavo A. Madero,1862,010,5538850906,NA,NA,Fijo,19.46689757,-99.1039959,2010-07
9646083,09005713943005121000000000U8,RISE STUDIO PILATES,NA,713943,Centros de acondicionamiento físico del sector privado,0 a 5 personas,CALLE,LIMA,CALLE,SIERRAVISTA,CALLE,LINDAVISTA,CALLE,LATACUNGA,220,NA,NA,NA,NA,NA,COLONIA,LINDAVISTA NORTE,NA,NA,NA,07300,09,Ciudad de México,005,Gustavo A. Madero,0001,Gustavo A. Madero,0737,008,5616788365,NA,NA,Fijo,19.49496874,-99.12535456,2024-11
9582736,09005713943005132000000000U5,RITMO FITNESS,RITMO FITNESS,713943,Centros de acondicionamiento físico del sector privado,6 a 10 personas,CALLE,TAMAZULA,AVENIDA,DOLORES HIDALGO,CALLE,CALPULALPAN,CALLE,APATZINGAN,2616,NA,NA,NA,NA,NA,COLONIA,SAN FELIPE DE JESÚS,NA,NA,NA,07510,09,Ciudad de México,005,Gustavo A. Madero,0001,Gustavo A. Madero,1044,001,NA,NA,NA,Fijo,19.49452637,-99.07560538,2024-11
942132,09013713943000851000000000U9,RITMOS LATINOS,NA,713943,Centros de acondicionamiento físico del sector privado,0 a 5 personas,CALLE,DURAZNO,CALLE,CIRUELOS,CERRADA,PRIMERA DURAZNOS,CERRADA,PRIMERA DURAZNOS,NA,SN,NA,NA,NA,NA,PUEBLO,SANTA INÉS,NA,NA,NA,16800,09,Ciudad de México,013,Xochimilco,0001,Xochimilco,1188,034,NA,NA,NA,Fijo,19.23484726,-99.11516709,2014-12
653670,09007611621000931000000000U6,ROBERTO S GYM,NA,713943,Centros de acondicionamiento físico del sector privado,0 a 5 personas,CALLE,NINGUNO,CALLE,SUR 85,CALLE,RETORNO 505 DE UNIDAD MODELO,CALLE,RETORNO 505,NA,SN,NA,NA,NA,NA,COLONIA,UNIDAD MODELO,NA,NA,NA,09089,09,Ciudad de México,007,Iztapalapa,0001,Iztapalapa,091A,005,NA,NA,NA,Fijo,19.36084724,-99.12626364,2010-07
9565705,09002713943001411000000000U4,ROCK & BARBELL CLUB,NA,713943,Centros de acondicionamiento físico del sector privado,0 a 5 personas,CALLE,AQUILES ELORDUY,AVENIDA,AZCAPOTZALCO,AVENIDA,CENTENARIO,CALLE,INDUSTRIA,434,C,NA,NA,NA,NA,COLONIA,NEXTENGO,NA,NA,NA,02070,09,Ciudad de México,002,Azcapotzalco,0001,Azcapotzalco,0472,003,5540046856,NA,NA,Fijo,19.47426804,-99.18733201,2024-11
10950549,09015713943003073000000000U2,ROMA CLUB AQUATIC & FITNESS,LET FITNESS,713943,Centros de acondicionamiento físico del sector privado,11 a 30 personas,CALLE,COAHUILA,EJE VIAL,3 PONIENTE (MEDELLIN),EJE VIAL,2 PONIENTE (MONTERREY),CALLE,CAMPECHE,164,NA,NA,NA,NA,NA,COLONIA,ROMA SUR,NA,NA,NA,06070,09,Ciudad de México,015,Cuauhtémoc,0001,Cuauhtémoc,1360,008,5554527342,CONTABILIDAD@-CLUB.COM,WWW.ROMA-CLUB.COM,Fijo,19.4109873,-99.16372343,2024-11
8368354,09015713943001831000000000U5,ROOFTOOP,NA,713943,Centros de acondicionamiento físico del sector privado,0 a 5 personas,VIADUCTO,PRESIDENTE MIGUEL ALEMAN,CALLE,MARCELINO DAVALOS,CALLE,5 DE FEBRERO,CALLE,JOSE TORIBIO MEDINA,83,NA,NA,19,NA,NA,COLONIA,ALGARÍN,CENTRO Y PLAZA COMERCIAL,PLAZA SAN JORGE,TERRAZA P5,06880,09,Ciudad de México,015,Cuauhtémoc,0001,Cuauhtémoc,1498,024,5523168455,NA,NA,Fijo,19.40364238,-99.13746107,2019-11
9468244,09008713943000741000000000U2,ROTT GYM,NA,713943,Centros de acondicionamiento físico del sector privado,0 a 5 personas,CALLE,5 DE MAYO,CALLE,5 DE MAYO,CERRADA,5 DE MAYO,CERRADA,5 DE MAYO,170,NA,NA,NA,NA,NA,COLONIA,AMPLIACIÓN POTRERILLO,NA,NA,NA,10368,09,Ciudad de México,008,La Magdalena Contreras,0001,La Magdalena Contreras,0565,012,NA,NA,NA,Fijo,19.30709427,-99.25681132,2023-11
11597344,09005713943004331000000000U4,ROYAL DANCE HOUSE,NA,713943,Centros de acondicionamiento físico del sector privado,0 a 5 personas,AVENIDA,608,CALLE,AVENIDA 607,CALLE,AVENIDA 605,CALLE,SEGUNDA CERRADA AVENIDA 605,175,NA,NA,NA,NA,NA,COLONIA,SAN JUAN DE ARAGÓN III SECCIÓN,NA,NA,NA,07979,09,Ciudad de México,005,Gustavo A. Madero,0001,Gustavo A. Madero,2358,010,5518171655,NA,NA,Fijo,19.45669373,-99.07081708,2024-11
10985027,09007713943007501000000000U5,RT GYM NUTRITION,NA,713943,Centros de acondicionamiento físico del sector privado,0 a 5 personas,CALLE,JILGUERILLAS,CALLE,MARIO MORENO CANTINFLAS,CALLE,PEDRO INFANTE,CALLE,ENRIQUE RAMBAL,NA,SN,NA,NA,NA,NA,COLONIA,AMPLIACIÓN EMILIANO ZAPATA,NA,NA,NA,09638,09,Ciudad de México,007,Iztapalapa,0001,Iztapalapa,5037,002,NA,NA,NA,Fijo,19.33896072,-98.97921306,2024-11
777015,09007713943002621000000000U6,RU2 GYM,NA,713943,Centros de acondicionamiento físico del sector privado,0 a 5 personas,CALLE,CAYETANO ANDRADE,CALLE,SANTIAGO DE LA VEGA,CALLE,ELPIDIO CANALES,CALLE,EMILIO MADERO,NA,SN,NA,NA,NA,NA,COLONIA,SANTA MARTHA ACATITLA SUR,NA,NA,NA,09530,09,Ciudad de México,007,Iztapalapa,0001,Iztapalapa,0619,004,5540252138,NA,NA,Fijo,19.36954394,-99.02265807,2010-07
788837,09005713943001563000000000U5,RUSH FITNESS CENTER,NA,713943,Centros de acondicionamiento físico del sector privado,0 a 5 personas,EJE VIAL,4 NORTE AVENIDA TALISMAN,CALLE,BRILLANTE,CALLE,CORAL,CALLE,JOYAS,45,NA,NA,NA,NA,NA,COLONIA,ESTRELLA,NA,NA,NA,07810,09,Ciudad de México,005,Gustavo A. Madero,0001,Gustavo A. Madero,1612,003,NA,RUSHFITNESSCENTER@GMAIL.COM,NA,Fijo,19.47739651,-99.11768603,2010-07
713858,09007713943002521001000000U8,S GYM & FITNES,NA,713943,Centros de acondicionamiento físico del sector privado,6 a 10 personas,EJE VIAL,8 SUR CALZADA ERMITA IZTAPALAPA,CALLE,MAIZ,CALLE,TRIGO,CALLE,CAMPESINOS,621,NA,NA,NA,NA,NA,COLONIA,GRANJAS ESMERALDA,NA,NA,NA,09810,09,Ciudad de México,007,Iztapalapa,0001,Iztapalapa,1180,014,5556461059,NA,NA,Fijo,19.35677014,-99.11505736,2014-12
7737000,09006722511001591010000000U8,SALA DE CARDIO,NA,713943,Centros de acondicionamiento físico del sector privado,0 a 5 personas,CALLE,SUR 24,CALLE,ORIENTE 247-C,CALLE,ORIENTE 249-B,CALLE,SUR 26,149,NA,NA,NA,NA,NA,COLONIA,AGRÍCOLA ORIENTAL,NA,NA,NA,08500,09,Ciudad de México,006,Iztacalco,0001,Iztacalco,0541,014,5520120890,NA,NA,Fijo,19.38755881,-99.06980127,2019-11
10472543,09005713943005291000000000U9,SALA DE CARDIO ANGELS FIT,NA,713943,Centros de acondicionamiento físico del sector privado,0 a 5 personas,CALLE,ROBERTO ESQUERO PEDRAZA GENERAL FELIPE ANGELES,CERRADA,PRIMERA ROBERTO E. PEDRAZA,CERRADA,ROBERTO E. PEDRAZA,AVENIDA,AVENIDA DEL CASTILLO,NA,SN,NA,NA,NA,NA,COLONIA,PALMATITLA,NA,NA,NA,07170,09,Ciudad de México,005,Gustavo A. Madero,0001,Gustavo A. Madero,2767,020,5527388339,NA,NA,Fijo,19.54930497,-99.13478576,2024-11
665056,09007713941000211000000000U2,SALA DE EJERCICIOS MULTIPLES SPINNING EVER STOP,NA,713943,Centros de acondicionamiento físico del sector privado,0 a 5 personas,CALLE,MOCTEZUMA,CALLE,TETEPANQUETZALZIN,CALLE,TIZOC,CALLE,TENOCHTITLAN,5,NA,NA,NA,NA,NA,COLONIA,AMPLIACIÓN LOS REYES,NA,NA,NA,09840,09,Ciudad de México,007,Iztapalapa,0001,Iztapalapa,3806,005,5523654273,NA,NA,Fijo,19.34341846,-99.10281508,2010-07
12334017,09009713943000601000000000U6,SALA DE ENTRENAMIENTO CLASES DE ZUMBA YUMPING Y VENTA DE ROPA DEPORTIVA,NA,713943,Centros de acondicionamiento físico del sector privado,0 a 5 personas,CALLE,GUANAJUATO ORIENTE,CALLE,GUANAJUATO ORIENTE,CALLE,OAXACA SUR,CALLE,OAXACA SUR,NA,SN,NA,NA,NA,NA,PUEBLO,VILLA MILPA ALTA,NA,NA,NA,12000,09,Ciudad de México,009,Milpa Alta,0001,Villa Milpa Alta,0331,032,NA,NA,NA,Fijo,19.19076031,-99.01983481,2026-04
10578461,09010713943002462000000000U9,SALON BLACK GYM,NA,713943,Centros de acondicionamiento físico del sector privado,6 a 10 personas,CALLE,MOCTEZUMA,CALLE,SANTA FE,CALLE,PROL.SAN FRANCISCO,CALLE,LA PAZ,34,NA,NA,NA,NA,NA,COLONIA,CORPUS CHRISTY,NA,NA,NA,01530,09,Ciudad de México,010,Álvaro Obregón,0001,Álvaro Obregón,0864,013,NA,NA,NA,Fijo,19.36051344,-99.25013803,2024-11
7613609,09011713943001901000000000U5,SALON CEFITNESS,NA,713943,Centros de acondicionamiento físico del sector privado,0 a 5 personas,CALLE,NICOLAS BRAVO,CALLEJON,SEGUNDO NICOLAS BRAVO,CALLE,BENITO JUAREZ,CERRADA,NINGUNO,NA,SN,NA,NA,NA,NA,PUEBLO,SAN FRANCISCO TLALTENCO,NA,NA,NA,13400,09,Ciudad de México,011,Tláhuac,0001,Tláhuac,0147,005,5537359309,CTM.683M@GMAIL.COM,NA,Fijo,19.29600379,-99.01747494,2019-11
11669051,09010713943002632000000000U7,SALON DE ACONDICIONAMIENTO FISICO WELLNESS STUDIO,PISO WELLNESS STUDIO,713943,Centros de acondicionamiento físico del sector privado,6 a 10 personas,CALLE,PROLONGACION AVENIDA SANTA FE,AVENIDA,JAVIER BARROS SIERRA,CALLE,ANTONIO DOVALI JAIME,CALLE,PROLONGACION AVENIDA SANTA FE,70,NA,NA,99,NA,NA,COLONIA,SANTA FE,CENTRO Y PLAZA COMERCIAL,PLAZA SAMARA,SN,01219,09,Ciudad de México,010,Álvaro Obregón,0001,Álvaro Obregón,1542,053,NA,NA,WWW.WELLNESS-STUDIO.MX,Fijo,19.3680925,-99.25993192,2024-11
9132126,09012713943002541000000000U6,SALON DE ACONDICIONAMIENTO ZUMBA CON DULCE,NA,713943,Centros de acondicionamiento físico del sector privado,0 a 5 personas,CALLE,CHICOASEN,CALLE,ACANCEH,CALLE,TIZIMIN,CALLE,SEYE,NA,SN,NA,NA,NA,MZ 154 LT 11,COLONIA,LOMAS DE PADIERNA,NA,NA,NA,14200,09,Ciudad de México,012,Tlalpan,0001,Tlalpan,0623,021,5537205448,JEROYDULCEAMOR@GMAIL.COM,NA,Fijo,19.28878242,-99.22964544,2019-11
7400942,09002713944000061001000000U6,SALON DE ACTIVIDADES CULTURALES DE LA UNIDAD HABITACIONAL PRESIDENTE MADERO,ALCALDIA DE AZCAPOTZALCO,713944,Centros de acondicionamiento físico del sector público,6 a 10 personas,CALLE,FEDERICO MONTES,CALLE,JUAN MANUEL TORREA,CALLE,TOMAS MARIN,CALLE,GUSTAVO GARMENDIA,NA,SN,NA,NA,NA,NA,UNIDAD HABITACIONAL,EX-HACIENDA EL ROSARIO,NA,NA,NA,02430,09,Ciudad de México,002,Azcapotzalco,0001,Azcapotzalco,0171,005,5584131150,NA,NA,Fijo,19.49582693,-99.20221295,2019-11
11760914,09002713943001561000000000U6,SALON DE ACTIVIDADES CULTURALES Y DEPORTIVAS,NA,713943,Centros de acondicionamiento físico del sector privado,0 a 5 personas,CALLE,CLAVELINAS,CALLE,Toronja,CALLE,Yuca,AVENIDA,Calzada Camarones,268,NA,NA,NA,NA,NA,COLONIA,NUEVA SANTA MARÍA,NA,NA,NA,02800,09,Ciudad de México,002,Azcapotzalco,0001,Azcapotzalco,0839,027,NA,NA,NA,Fijo,19.46576996,-99.17273037,2025-04
10261787,09002713943001291000000000U0,SALON DE BAILE,NA,713943,Centros de acondicionamiento físico del sector privado,0 a 5 personas,CALLE,NINGUNO,EJE VIAL,4 NORTE (CALZADA AZCAPOTZALCO-LA VILLA),EJE VIAL,5 NORTE (PONIENTE 140),AVENIDA,CEYLAN,757,NA,NA,17,NA,NA,COLONIA,ESTACIÓN PANTACO,PASAJE Y ANDADOR COMERCIAL,PLAZA EL CAMINO FORTUNA,05,02300,09,Ciudad de México,002,Azcapotzalco,0001,Azcapotzalco,0877,028,NA,NA,NA,Fijo,19.4917512,-99.17097795,2024-11
10060410,09002713943001531000000000U9,SALON DE BAILE FIT DANCE STUDIO,NA,713943,Centros de acondicionamiento físico del sector privado,0 a 5 personas,CALLE,RABAUL,CALLE,NORTE 83,CALLE,NORTE 81-A,CALLE,AQUILES ELORDUY,448,3,NA,NA,NA,NA,COLONIA,SINDICATO MEXICANO DE ELECTRICISTAS,NA,NA,NA,02060,09,Ciudad de México,002,Azcapotzalco,0001,Azcapotzalco,0504,002,5539205584,NA,NA,Fijo,19.4755743,-99.17749122,2024-11
8584028,09003713943001871000000000U7,SALON DE CLASES DE ZUMBA SIN NOMBRE,CAPILLA SAN FRANCISCO DE ASIS,713943,Centros de acondicionamiento físico del sector privado,0 a 5 personas,CALLE,COSTADO ATRIO DE SAN FRANCISCO,CALLE,CANTERA,CERRADA,COSTADO ATRIO DE SAN FRANCISCO,CALLEJON,ATRIO DE SAN FRANCISCO,69,NA,NA,1,NA,NA,COLONIA,CUADRANTE DE SAN FRANCISCO,OTRO,CENTRO COMUNITARIO DE LA CAPILLA,SN,04020,09,Ciudad de México,003,Coyoacán,0001,Coyoacán,0287,001,NA,NA,NA,Fijo,19.34153756,-99.16231497,2019-11
11036541,09010713943002591000000000U5,SALON DE EJERCICIO 9 ROUND,DESARROLLADORA FIT,713943,Centros de acondicionamiento físico del sector privado,0 a 5 personas,CALLE,PROLONGACION AVENIDA SANTA FE,AVENIDA,JAVIER BARROS SIERRA,CALLE,ANTONIO DOVALI JAIME,CALLE,PROLONGACION AVENIDA SANTA FE,70,NA,NA,1,NA,NA,COLONIA,SANTA FE,CENTRO Y PLAZA COMERCIAL,PLAZA SAMARA,SN,01219,09,Ciudad de México,010,Álvaro Obregón,0001,Álvaro Obregón,1542,053,NA,NA,WWW.9ROUND.MX,Fijo,19.3680925,-99.25993192,2024-11
10802879,09012713943003001000000000U0,SALON DE ENTRANAMIENTO ARIES,NA,713943,Centros de acondicionamiento físico del sector privado,0 a 5 personas,CALLE,SEYE,CERRADA,VERONA,CALLE,TIXMEHUAC,CALLE,CHICOASEN,NA,SN,NA,NA,NA,NA,COLONIA,LOS ENCINOS,NA,NA,NA,14239,09,Ciudad de México,012,Tlalpan,0001,Tlalpan,1299,018,NA,NA,NA,Fijo,19.2783208,-99.22832152,2024-11
665965,09002713943000691000000000U2,SALON DE EVENTOS HELLO KITTY,NA,713943,Centros de acondicionamiento físico del sector privado,0 a 5 personas,CALLE,17,AVENIDA,JARDIN,CALLE,8,CALLE,15,336,NA,NA,NA,NA,NA,COLONIA,PRO HOGAR,NA,NA,NA,02600,09,Ciudad de México,002,Azcapotzalco,0001,Azcapotzalco,0398,005,NA,NA,NA,Fijo,19.47548452,-99.15836487,2014-12
7729163,09012713943001971000000000U6,SALON DE USOS MULTIPLES,NA,713943,Centros de acondicionamiento físico del sector privado,0 a 5 personas,CALLE,BEKAL,CALLE,OPICHEN,CALLE,POPOLNA,CALLE,TEKIT,1011,NA,NA,1,NA,NA,COLONIA,LOMAS DE PADIERNA,MERCADO PUBLICO,EL MIRADOR,1011,14240,09,Ciudad de México,012,Tlalpan,0001,Tlalpan,0322,006,NA,NA,NA,Fijo,19.29571968,-99.2259939,2019-11
9169031,09010713998000191000000000U0,SALON DE USOS MULTIPLES SPORT FITNES SANTA FE,NA,713943,Centros de acondicionamiento físico del sector privado,0 a 5 personas,CALLE,NINGUNO,CALLE,MANZANA O EDIFICACION CONTIGUA,CALLE,MANZANA O EDIFICACION CONTIGUA,AVENIDA,CAMINO A SANTA FE,NA,SN,NA,1,NA,NA,COLONIA,CRISTO REY,CENTRO Y PLAZA COMERCIAL,UNIDAD SANTA FE,A,01150,09,Ciudad de México,010,Álvaro Obregón,0001,Álvaro Obregón,0188,007,NA,NA,NA,Fijo,19.38992684,-99.20748504,2019-11
9747519,09009713943000681000000000U8,SALON DE ZUMBA SALMO 30 11,NA,713943,Centros de acondicionamiento físico del sector privado,0 a 5 personas,AVENIDA,MIGUEL HIDALGO,CALLE,BARRANCA SECA,CALLE,IGNACIO ALLENDE PONIENTE,CALLE,BARRANCA SECA,207,NA,NA,NA,NA,NA,PUEBLO,SAN ANTONIO TECOMITL,NA,NA,NA,12100,09,Ciudad de México,009,Milpa Alta,0011,San Antonio Tecómitl,0435,023,5511988711,NA,NA,Fijo,19.21470518,-98.99323041,2024-11
918739,09012713943001011000000000U1,SALON EL CASTILLO DE SANTA ANA,NA,713943,Centros de acondicionamiento físico del sector privado,0 a 5 personas,CALLE,PRIMERA CERRADA DE LOS PINOS,CALLE,CARRETERA A XOCHIMILCO-TOPILEJO,AUTOPISTA,MEXICO-CUERNAVACA,CALLE,CARRETERA A XOCHIMILCO-TOPILEJO,19,NA,NA,NA,NA,NA,PUEBLO,SAN MIGUEL TOPILEJO,NA,NA,NA,14500,09,Ciudad de México,012,Tlalpan,0027,San Miguel Topilejo,1782,050,5594045933,NA,NA,Fijo,19.20571183,-99.13606744,2014-12
924565,09010713943001081000000000U8,SALON KAMAL,NA,713943,Centros de acondicionamiento físico del sector privado,0 a 5 personas,CALLE,ALEJANDRO ALLORI,CALLE,ZURBARAN,CALLE,TIZIANO,CALLE,SASSOFERRATO,15,A,NA,NA,NA,NA,COLONIA,ALFONSO XIII,NA,NA,NA,01460,09,Ciudad de México,010,Álvaro Obregón,0001,Álvaro Obregón,0525,001,5517828997,BETTY.POLETRAINING@GMAIL.COM,NA,Fijo,19.37374089,-99.19408415,2014-12
11451730,09012713943002901000000000U2,SALON OLLIN DANCE,NA,713943,Centros de acondicionamiento físico del sector privado,0 a 5 personas,CALLE,ACONCAHUA,CALLE,CAMINO A SAN PEDRO,CALLE,ACONCAGUA,CALLE,MIRASOL,68,NA,NA,NA,NA,NA,COLONIA,LOS VOLCANES,NA,NA,NA,14440,09,Ciudad de México,012,Tlalpan,0001,Tlalpan,1142,025,NA,THISA8072@GMAIL.COM,NA,Fijo,19.27009198,-99.17412717,2024-11
698180,09017611621000461020000000U3,SALSA EN LINEA Y PESAS,NA,713943,Centros de acondicionamiento físico del sector privado,0 a 5 personas,CALLE,69,CALZADA,GENERAL IGNACIO ZARAGOZA,AVENIDA,4,CALLE,71,NA,SN,NA,NA,404,NA,COLONIA,PUEBLA,NA,NA,NA,15020,09,Ciudad de México,017,Venustiano Carranza,0001,Venustiano Carranza,1276,022,NA,NA,NA,Fijo,19.41027127,-99.08229133,2014-12
901890,09014713943000981000000000U2,SALUD CUERPO PILATES,NA,713943,Centros de acondicionamiento físico del sector privado,0 a 5 personas,AVENIDA,DIAGONAL SAN ANTONIO,CALLE,PITAGORAS,CALLE,PESTALOZZI,EJE VIAL,4 SUR (XOLA),1208,NA,NA,NA,NA,NA,COLONIA,NARVARTE PONIENTE,NA,NA,NA,03020,09,Ciudad de México,014,Benito Juárez,0001,Benito Juárez,0064,016,5549959198,PILATESCUERPO@HOTMAIL.COM,NA,Fijo,19.39489304,-99.15796511,2014-12
10123945,09007713943006731000000000U9,SALUD Y FUNCION GIMNASIO,NA,713943,Centros de acondicionamiento físico del sector privado,0 a 5 personas,CALLE,CORONEL SIMON ELIAS GONZALEZ,CALLE,PABLO GARCIA,CALZADA,GENERAL IGNACIO ZARAGOZA,CALLE,EULOGIO PARRA,1358,3,NA,NA,NA,NA,COLONIA,JUAN ESCUTIA,NA,NA,NA,09100,09,Ciudad de México,007,Iztapalapa,0001,Iztapalapa,0017,005,NA,SALUDYFUERZA_GYM@OUTLOOK.COM,NA,Fijo,19.3971863,-99.05479921,2024-11
9414803,09002713943001161001038494S5,SAMRT FIT CAMARONES,LATAM GYM,713943,Centros de acondicionamiento físico del sector privado,11 a 30 personas,AVENIDA,CENTENARIO,EJE VIAL,3 NORTE (MANUEL ACUÑA),CALLE,INDUSTRIA,AVENIDA,AQUILES SERDÁN,520,NA,EDIFICIO SIN NOMBRE,32,NA,NA,COLONIA,CENTRO DE AZCAPOTZALCO,EDIFICIO COMERCIAL Y DE SERVICIOS,DESTINO AZCAPOTZALCO,SN,2011,09,Ciudad de México,002,Azcapotzalco,0001,Azcapotzalco,0472,011,NA,SAC@SMARTFIT.COM,WWW.SMARTFIT.COM.MX,Fijo,19.47806909,-99.18823969,2026-04
9467029,09016713943001581001038494S4,SAMRT FIT PALMAS CARSO,LATAM GYM,713943,Centros de acondicionamiento físico del sector privado,6 a 10 personas,AVENIDA,PASEO DE LAS PALMAS,CALLE,MONTE TABOR,CALLE,MONTES STANOVOI,CALLE,SIERRA MOJADA,755,NA,NA,NA,NA,NA,COLONIA,LOMAS DE CHAPULTEPEC III SECCIÓN,EDIFICIO COMERCIAL Y DE SERVICIOS,TORRE PALMAS 755,SN,11000,09,Ciudad de México,016,Miguel Hidalgo,0001,Miguel Hidalgo,0834,004,NA,SAC@SMARTFIT.COM,WWW.SAMARTFIT.COM.MX,Fijo,19.42905938,-99.21618079,2023-11
7445162,09016713943001301000000000U7,SARY BUINONAS FITNESS GYM DANIEL GARZA,NA,713943,Centros de acondicionamiento físico del sector privado,0 a 5 personas,CALLE,8 DE SEPTIEMBRE,CALLE,GENERAL SOSTENES ROCHA,AVENIDA,CONSTITUYENTES,CALLE,GENERAL PEDRO HINOJOSA,6,NA,NA,NA,NA,NA,COLONIA,DANIEL GARZA,NA,NA,NA,11830,09,Ciudad de México,016,Miguel Hidalgo,0001,Miguel Hidalgo,1118,028,5585591979,MELINFITNESS1@GMAIL.COM,NA,Fijo,19.40751064,-99.19930956,2019-11
1012878,09008713943000101000000000U9,SCOOBYY GYM,NA,713943,Centros de acondicionamiento físico del sector privado,0 a 5 personas,AVENIDA,SAN JERONIMO,CALLE,NOGAL,CALLE,GUADALUPE,CALLE,HUAYATLA,2178,NA,NA,NA,NA,NA,COLONIA,NUEVO ALTO,NA,NA,NA,10640,09,Ciudad de México,008,La Magdalena Contreras,0001,La Magdalena Contreras,0300,026,5518283381,NA,NA,Fijo,19.3055503,-99.25002416,2010-07
728411,09007713943003531000000000U6,SCORPION GYM,NA,713943,Centros de acondicionamiento físico del sector privado,0 a 5 personas,CALLE,JOSE DE LA LUZ BLANCO,CALLE,ELISSA ACUÑA Y ROSSETI,CERRADA,JOSE DE LA LUZ BLANCO,CALLE,LAUREANO ESTUDILLO,16,NA,NA,NA,NA,NA,COLONIA,SANTA MARTHA ACATITLA NORTE,NA,NA,NA,09140,09,Ciudad de México,007,Iztapalapa,0001,Iztapalapa,0623,015,NA,TIGRIS31@HOTMAIL.COM,NA,Fijo,19.37794622,-99.01677439,2014-12
8508739,09013713943001471000000000U5,SCUASH TITLA,NA,713943,Centros de acondicionamiento físico del sector privado,0 a 5 personas,PRIVADA,PRIMERA RIO TITLA,AVENIDA,CARRETERA A SANTIAGO TEPALCATLALPAN,CERRADA,SEGUNDA RIO TITLA,CERRADA,SEGUNDA RIO TITLA,5,NA,NA,NA,NA,NA,COLONIA,LA CONCHA,NA,NA,NA,16210,09,Ciudad de México,013,Xochimilco,0001,Xochimilco,0300,001,NA,NA,NA,Fijo,19.25477103,-99.12028078,2019-11
9611756,09012713943002891000000000U5,SCULPTING BODY,NA,713943,Centros de acondicionamiento físico del sector privado,0 a 5 personas,CALLE,5 DE MAYO,CERRADA,BARRANCA DE SAN JUAN DE DIOS,CALLE,LAUREL,CERRADA,BARRANCA DE SAN JUAN DE DIOS,2,NA,NA,NA,NA,NA,PUEBLO,SAN PEDRO MÁRTIR,NA,NA,NA,14650,09,Ciudad de México,012,Tlalpan,0001,Tlalpan,1142,034,NA,NA,NA,Fijo,19.26758361,-99.17355968,2024-11
8671770,09007713943005751000000000U8,SEIRYU KAN,JORGE JIMENEZ,713943,Centros de acondicionamiento físico del sector privado,0 a 5 personas,PERIFERICO,CANAL DE SAN JUAN,DIAGONAL,CANAL DE SAN JUAN,CALLE,LICENCIADO ALFONSO CRAVIOTO,CALLE,LICENCIADO IGNACIO RAMOS PRASLOW,69,NA,NA,NA,NA,NA,COLONIA,CONSTITUCIÓN DE 1917,NA,NA,NA,09260,09,Ciudad de México,007,Iztapalapa,0001,Iztapalapa,1462,018,NA,NA,NA,Fijo,19.34704281,-99.06043885,2019-11
10774235,09015713943002782000000000U9,SENSIT,HILDA GUZMAN,713943,Centros de acondicionamiento físico del sector privado,6 a 10 personas,CALLE,TABASCO,CALLE,ORIZABA,CALLE,CORDOBA,AVENIDA,ALVARO OBREGON,152,NA,NA,1,NA,NA,COLONIA,ROMA NORTE,EDIFICIO COMERCIAL Y DE SERVICIOS,TABASCO 152,301,06700,09,Ciudad de México,015,Cuauhtémoc,0001,Cuauhtémoc,1002,018,NA,CONTACTO@SENSATWALLNESS.COM,NA,Fijo,19.41914946,-99.15945718,2024-11
11344118,09003713943002791000000000U6,SER ACTIVO CYCLING,NA,713943,Centros de acondicionamiento físico del sector privado,0 a 5 personas,CALLE,PAPALOTL,AVENIDA,ESCUINAPA,CALLE,COYAMEL,CALLE,NAUYACA,114,NA,NA,NA,NA,NA,COLONIA,PEDREGAL DE SANTO DOMINGO,NA,NA,NA,04369,09,Ciudad de México,003,Coyoacán,0001,Coyoacán,1162,012,5638134073,NA,NA,Fijo,19.33182482,-99.16209667,2024-11
6801110,09016713943001041000000000U9,SERSANA STUDIO,SERSANA STUDIO,713943,Centros de acondicionamiento físico del sector privado,0 a 5 personas,CALLE,ESOPO,CALLE,SOLON,CALLE,FERROCARRIL DE CUERNAVACA (CICLOPISTA),AVENIDA,CICERON,416,NA,NA,NA,NA,PB,COLONIA,POLANCO II SECCIÓN,NA,NA,NA,11510,09,Ciudad de México,016,Miguel Hidalgo,0001,Miguel Hidalgo,0637,025,5570902132,NA,WWW.SERSANA.COM,Fijo,19.43355534,-99.20777106,2017-11
10892971,09006713943001421000000000U4,SERVICIO DE GIMNASIO AMBAXI,NA,713943,Centros de acondicionamiento físico del sector privado,0 a 5 personas,PERIFERICO,CALLE 7,CALLE,LAMANAL,PRIVADA,FERNANDEZ GUERRA,CALLE,6,334,NA,NA,NA,NA,NA,COLONIA,AGRÍCOLA PANTITLAN,NA,NA,NA,08100,09,Ciudad de México,006,Iztacalco,0001,Iztacalco,0039,010,NA,NA,NA,Fijo,19.41480615,-99.05679992,2024-11
9895436,09004713943000943000000000U3,SERVICIOS DEPORTIVOS CHAMPIONS SOCCER ACADEMY,NA,713943,Centros de acondicionamiento físico del sector privado,11 a 30 personas,CERRADA,NINGUNO,PRIVADA,LA COLINA,CALLE,NINGUNO,CERRADA,NINGUNO,5237,NA,NA,NA,NA,NA,COLONIA,LOMAS DE VISTA HERMOSA,NA,NA,NA,05100,09,Ciudad de México,004,Cuajimalpa de Morelos,0001,Cuajimalpa de Morelos,0049,002,5513959770,CHAMPIONSSOCCERACADEMYADMON@GMAIL.COM,NA,Fijo,19.36522407,-99.2757209,2024-11
10495718,09006713943001391000000000U9,SEVEN SPORT GYM,NA,713943,Centros de acondicionamiento físico del sector privado,0 a 5 personas,AVENIDA,RECREO,CALLE,JUAN N. MIRAFUENTES,CALLE,LOS REYES,CALLE,LOS REYES,124,LL,NA,NA,NA,NA,BARRIO,LOS REYES,NA,NA,NA,08620,09,Ciudad de México,006,Iztacalco,0001,Iztacalco,1126,033,NA,NA,NA,Fijo,19.39525881,-99.11829947,2024-11
11192642,09002713943001311000000000U6,SG SPORT,NA,713943,Centros de acondicionamiento físico del sector privado,0 a 5 personas,CALLE,AMADO NERVO,CALLE,REY MAXTLA,AVENIDA,FERROCARRILES NACIONALES,CALLE,MANUEL ACUÑA,27,BIS,NA,NA,NA,NA,COLONIA,SAN FRANCISCO TETECALA,NA,NA,NA,02730,09,Ciudad de México,002,Azcapotzalco,0001,Azcapotzalco,1023,025,5554676987,NA,WWW.SGSPORT.COM,Fijo,19.47900216,-99.19079695,2024-11
651060,09017713941000031010000000U3,SGUASH PAQ,NA,713943,Centros de acondicionamiento físico del sector privado,0 a 5 personas,CALLE,DAMASCO,CALLE,GUINEA,CALLE,EGIPTO,CALLE,JERICO,35,NA,NA,NA,NA,NA,COLONIA,ROMERO RUBIO,NA,NA,NA,15400,09,Ciudad de México,017,Venustiano Carranza,0001,Venustiano Carranza,0437,001,NA,SQUASHPAC@GMAIL.COM,WWW.SQUASHPAC.COM,Fijo,19.44035716,-99.09879265,2010-07
9961463,09005713943004611000000000U9,SHARK GYM,NA,713943,Centros de acondicionamiento físico del sector privado,0 a 5 personas,PRIVADA,MAESTRO LARROYO,AVENIDA,TECNOLOGICO,AVENIDA,ADOLFO LOPEZ MATEOS,CALLE,JAIME NUNO,7,NA,NA,NA,NA,NA,COLONIA,ZONA ESCOLAR,NA,NA,NA,07230,09,Ciudad de México,005,Gustavo A. Madero,0001,Gustavo A. Madero,0192,023,5534144187,NA,NA,Fijo,19.54247728,-99.14655579,2024-11
9949193,09014713943001991000000000U0,SHARKS ACADEMY,NA,713943,Centros de acondicionamiento físico del sector privado,0 a 5 personas,EJE VIAL,CENTRAL LAZARO CARDENAS,AVENIDA,DIAGONAL SAN ANTONIO,CALLE,CALETA,CALLE,CASAS GRANDES,395,NA,NA,NA,NA,NA,COLONIA,NARVARTE ORIENTE,NA,NA,NA,03020,09,Ciudad de México,014,Benito Juárez,0001,Benito Juárez,0098,022,NA,SHARKSACADEMYDC@HOTMAIL.COM,NA,Fijo,19.40162529,-99.14537414,2024-11
9544091,09015713943003061000000000U7,SHIFT,SHIFT,713943,Centros de acondicionamiento físico del sector privado,0 a 5 personas,CALLE,CORDOBA,CALLE,PUEBLA,CALLE,DURANGO,CALLE,PLAZA RIO DE JANEIRO,49,NA,NA,NA,NA,NA,CIUDAD INDUSTRIAL,ROMA NORTE,NA,NA,NA,06700,09,Ciudad de México,015,Cuauhtémoc,0001,Cuauhtémoc,1002,010,5532402575,SHIFT.VESPERTINO@GMAIL.COM,NA,Fijo,19.42183845,-99.15946823,2024-11
6801277,09010713943001283002000000U0,SICLO,SPIN VENTURES,713943,Centros de acondicionamiento físico del sector privado,11 a 30 personas,AVENIDA,ALTAVISTA,CALLE,DIEGO RIVERA,CALLE,ARTURO,CALLE,CALERO,147,NA,NA,NA,18,NA,COLONIA,SAN ÁNGEL INN,NA,NA,NA,01060,09,Ciudad de México,010,Álvaro Obregón,0001,Álvaro Obregón,1114,004,NA,147@SICLO.COM,WWW.SICLO.COM,Fijo,19.34932263,-99.19685344,2017-11
8695203,09010713943001794110000000U6,SICLO,SPIN VENTURES,713943,Centros de acondicionamiento físico del sector privado,31 a 50 personas,PERIFERICO,BOULEVARD ADOLFO RUIZ CORTINES,CALLE,CORTINES,CALLE,MANZANA,CALLE,PICACHO,3720,NA,NA,18,244,NA,COLONIA,JARDINES DEL PEDREGAL,CENTRO Y PLAZA COMERCIAL,ARTZ,SN,01900,09,Ciudad de México,010,Álvaro Obregón,0001,Álvaro Obregón,128A,025,NA,NA,WWW.SICLO.COM,Fijo,19.31437351,-99.22045264,2019-11
8521238,09016713943001342001000000U1,SICLO,SPIN VENTURES,713943,Centros de acondicionamiento físico del sector privado,11 a 30 personas,CALLE,PEDRO CALDERON DE LA BARCA,AVENIDA,PRESIDENTE MASARYK,AVENIDA,EMILIO CASTELAR,CALLE,JUAN DE LAFONTAINE,97,NA,NA,NA,NA,NA,COLONIA,POLANCO III SECCIÓN,NA,NA,NA,11540,09,Ciudad de México,016,Miguel Hidalgo,0001,Miguel Hidalgo,075A,009,NA,NA,WWW.SICLO.COM,Fijo,19.43169998,-99.199051,2019-11
12334057,09015713943002812000000000U4,SICLO GIMNASIO,SICLO,713943,Centros de acondicionamiento físico del sector privado,6 a 10 personas,AVENIDA,ALVARO OBREGON,CALLE,JALAPA,CALLE,ORIZABA,CALLE,CHIHUAHUA,130,NA,NA,NA,NA,NA,COLONIA,ROMA NORTE,NA,NA,NA,06700,09,Ciudad de México,015,Cuauhtémoc,0001,Cuauhtémoc,1106,010,5523268493,NA,NA,Fijo,19.41784679,-99.16086034,2026-04
837795,09007713943000981000000000U6,SILVER GYM,NA,713943,Centros de acondicionamiento físico del sector privado,0 a 5 personas,CALZADA,DEL VERGEL,CALLE,MANUEL GONZALEZ,CALLE,JOSE QUIRIOS,CALLE,JOSE QUIRIOS,NA,MZ 17,NA,NA,NA,NA,COLONIA,LA ERA,NA,NA,NA,09720,09,Ciudad de México,007,Iztapalapa,0001,Iztapalapa,2884,016,NA,NA,NA,Fijo,19.33694015,-99.05340517,2010-07
9426362,09013713943001893001000000U0,SILVER SOCCER,SILVER SOCCER,713943,Centros de acondicionamiento físico del sector privado,0 a 5 personas,CALLE,ACUEDUCTO,CALLE,DINTELES,CALLE,ALDABONES,CALLE,PERGOLAS,223,NA,NA,NA,NA,NA,COLONIA,HUICHAPAN,NA,NA,NA,16050,09,Ciudad de México,013,Xochimilco,0001,Xochimilco,0315,005,NA,NA,NA,Fijo,19.25690276,-99.12057455,2023-11
6807748,09012713943001671002000000U2,SILVERBACK,CRIS VELASQUEZ,713943,Centros de acondicionamiento físico del sector privado,0 a 5 personas,CERRADA,CLUB DEPORTIVO IRAPUATO,CALZADA,ACOXPA,OTRO(ESPECIFIQUE),NINGUNO,CERRADA,CLUB DEPORTIVO IRAPUATO,29,NA,NA,NA,NA,NA,MANZANA,VILLA LÁZARO CÁRDENAS,NA,NA,NA,14370,09,Ciudad de México,012,Tlalpan,0001,Tlalpan,0464,017,5567195519,KRISV.S@HOTMAIL.COM,NA,Fijo,19.29687939,-99.1372176,2017-11
7804961,09010713943001811000000000U8,SISTERS WORK OUT,NA,713943,Centros de acondicionamiento físico del sector privado,0 a 5 personas,AVENIDA,SANTA LUCIA,CALLE,SEGUNDO ANDADOR SANTA LUCIA,CALLE,PREGONEROS,AVENIDA,SANTA LUCIA,928,NA,NA,NA,NA,NA,COLONIA,COLINA DEL SUR,NA,NA,NA,01430,09,Ciudad de México,010,Álvaro Obregón,0001,Álvaro Obregón,0686,016,NA,SISTERSWORKOUTGYM@GMAIL.COM,NA,Fijo,19.36877822,-99.22505866,2019-11
8603485,09012713943001801000000000U5,SKAN FITNES,NA,713943,Centros de acondicionamiento físico del sector privado,0 a 5 personas,AVENIDA,INSURGENTES SUR,CALLE,SAN MARCOS,CALZADA,CALZADA DE TLALPAN,CALZADA,CALZADA DE TLALPAN,4342,NA,NA,NA,3,NA,COLONIA,TLALPAN CENTRO,NA,NA,NA,14000,09,Ciudad de México,012,Tlalpan,0001,Tlalpan,1015,006,NA,NA,NA,Fijo,19.28045607,-99.1701118,2019-11
861655,09012713943000582000000000U2,SKY FITNESS,NA,713943,Centros de acondicionamiento físico del sector privado,6 a 10 personas,AVENIDA,DIVISION DEL NORTE,CALLE,DIVISION DEL NORTE,CALLE,HACIENDA LA AMAZCALA,CALZADA,CALZADA DEL HUESO,4134,NA,NA,NA,NA,NA,COLONIA,FLORESTA COYOACÁN,NA,NA,NA,14310,09,Ciudad de México,012,Tlalpan,0001,Tlalpan,020A,019,5522054498,MAYANLIFEAMAZCALA@GMAIL.COM,WWW.MAYANLIFE.COM.MX,Fijo,19.30533971,-99.13196982,2010-07
7769090,09005713943004001000000000U3,SKY FITNESS GYM,NA,713943,Centros de acondicionamiento físico del sector privado,0 a 5 personas,CALLE,EMILIO TUERO,CALLE,JUVENTINO ROSAS,CALLE,JOSE MOJICA,CALLE,FANNY SCHILLER,10,NA,NA,NA,NA,NA,COLONIA,FORESTAL,NA,NA,NA,07140,09,Ciudad de México,005,Gustavo A. Madero,0001,Gustavo A. Madero,2733,013,5515012372,NA,NA,Fijo,19.56186166,-99.13225429,2019-11
11239895,09010713943002571000000000U7,SMART BEAT,NA,713943,Centros de acondicionamiento físico del sector privado,0 a 5 personas,AVENIDA,INSURGENTES SUR,CALLE,FERNANDO M VILLALPANDO,CALLE,RIO SAN ANGEL,AVENIDA,REVOLUCION,1971,NA,NA,19,6,NA,COLONIA,GUADALUPE INN,CENTRO Y PLAZA COMERCIAL,PLAZA INN,SN,01020,09,Ciudad de México,010,Álvaro Obregón,0001,Álvaro Obregón,1059,011,NA,SMARTBEATPLAZAINN@GMAIL.COM,WWW.SMARTBEAT.COM.MX,Fijo,19.35185512,-99.18619883,2024-11
6729596,09008713943000462001000000U5,SMART FIT,LATAMGYM,713943,Centros de acondicionamiento físico del sector privado,0 a 5 personas,AVENIDA,SAN JERONIMO,CERRADA,SAN ANTONIO,CERRADA,EUCALIPTOS,CALLE,RIO CHICO,819,NA,NA,NA,7,NA,COLONIA,SAN JERONIMO LIDICE,NA,NA,NA,10200,09,Ciudad de México,008,La Magdalena Contreras,0001,La Magdalena Contreras,0086,007,NA,NA,WWW.SMARTFIT.COM.MX,Fijo,19.32943634,-99.21600339,2016-01
9414832,09015713943002621001038494M9,SMART FIT,LATAM GYM,713943,Centros de acondicionamiento físico del sector privado,101 a 250 personas,AVENIDA,PASEO DE LA REFORMA,CALLE,GENOVA,CALLE,BELGRADO,CALLE,ESTRASBURGO,296,NA,NA,32,NA,NA,COLONIA,JUÁREZ,EDIFICIO COMERCIAL Y DE SERVICIOS,TORRE REFORMA LATINO,16,06600,09,Ciudad de México,015,Cuauhtémoc,0001,Cuauhtémoc,0945,018,NA,SAC@SMARTFIT.COM,NA,Fijo,19.42747973,-99.16552987,2023-11
6716984,09010713943001203000000000U8,SMART FIT,LATA,713943,Centros de acondicionamiento físico del sector privado,11 a 30 personas,AVENIDA,INSURGENTES SUR,CALLE,GUSTAVO E CAMPA,AVENIDA,BARRANCA DEL MUERTO,CALLE,MANUEL M PONCE,1685,NA,NA,NA,1,NA,COLONIA,GUADALUPE INN,NA,NA,NA,01020,09,Ciudad de México,010,Álvaro Obregón,0001,Álvaro Obregón,0987,021,NA,JOSE.LEDESMA@SMARTFIL.COM,NA,Fijo,19.36120591,-99.18321248,2016-01
9454266,09017713943001601001038494S8,SMART FIT AEROPUERTO,LATAM GYM,713943,Centros de acondicionamiento físico del sector privado,6 a 10 personas,CALZADA,GENERAL IGNACIO ZARAGOZA,CIRCUITO,INTERIOR (BOULEVARD PUERTO AÉREO),CALLE,23,CALLE,NORTE 3,270,NA,NA,NA,NA,NA,COLONIA,SANTA CRUZ AVIACIÓN,AEROPUERTO,AEROPUERTO,SN,15540,09,Ciudad de México,017,Venustiano Carranza,0001,Venustiano Carranza,1007,006,NA,SAC@SMARTFIT.COM.MX,WWW.SMARTFIT.COM.MX,Fijo,19.42076212,-99.09717444,2023-11
9398891,09006713943001261001038494S4,SMART FIT AGRICOLA ORIENTAL,LATAM GYM,713943,Centros de acondicionamiento físico del sector privado,11 a 30 personas,CALZADA,GENERAL IGNACIO ZARAGOZA,CALLE,ORIENTE 233,EJE VIAL,4 ORIENTE (RÍO CHURUBUSCO),CALLE,SUR 2,803,NA,NA,NA,NA,NA,COLONIA,AGRÍCOLA ORIENTAL,EDIFICIO COMERCIAL Y DE SERVICIOS,PLAZA SAMANO,SN,8500,09,Ciudad de México,006,Iztacalco,0001,Iztacalco,0185,016,NA,SAC@SMARTFIT.COM,WWW.SMARTFIT.COM.MX,Fijo,19.40794709,-99.07637421,2023-11
9438864,09012713943002651001038494S3,SMART FIT AJUSCO,LATAM GYM,713943,Centros de acondicionamiento físico del sector privado,6 a 10 personas,BOULEVARD,PICACHO AJUSCO,PERIFERICO,BOULEVARD ADOLFO RUÍZ CORTINES,CALLE,NINGUNO,CALLE,BOULEVARD PICACHO AJUSCO,175,NA,NA,NA,36,B,COLONIA,AMPLIACIÓN FUENTES DEL PEDREGAL,NA,NA,NA,14200,09,Ciudad de México,012,Tlalpan,0001,Tlalpan,2070,031,NA,SAC@SMARTFIT.COM,WWW.SMARTFIT.COM.MX,Fijo,19.29855896,-99.21166724,2026-04
9414848,09010713943002261001038494S5,SMART FIT ALEPH,LATAM GYM,713943,Centros de acondicionamiento físico del sector privado,11 a 30 personas,AVENIDA,INSURGENTES SUR,EJE VIAL,10 SUR (RÍO MAGDALENA),CALLE,LORETO,AVENIDA,REVOLUCIÓN,2794,NA,NA,32,20,NA,COLONIA,LORETO,EDIFICIO COMERCIAL Y DE SERVICIOS,TORRE ALEPH NISSAN,SN,1090,09,Ciudad de México,010,Álvaro Obregón,0001,Álvaro Obregón,1203,011,NA,SAC@SMARTFIT.COM,WWW.SMARTFIT.COM.MX,Fijo,19.33954387,-99.19060765,2023-11
9415654,09010713943002231001038494S8,SMART FIT ALTAVISTA,LATAM GYM,713943,Centros de acondicionamiento físico del sector privado,6 a 10 personas,AVENIDA,DESIERTO DE LOS LEONES,AVENIDA,INSURGENTES SUR,AVENIDA,REVOLUCIÓN,CALLE,CRACOVIA,52,NA,NA,NA,NA,NA,COLONIA,SAN ÁNGEL,NA,NA,NA,1000,09,Ciudad de México,010,Álvaro Obregón,0001,Álvaro Obregón,1129,011,NA,SAC@SMARTFIT.COM,WWW.SMARTFIT.COM.MX,Fijo,19.34899509,-99.19003591,2023-11
7308055,09014713943001403001038494S6,SMART FIT AMORES,LATAM GYM,713943,Centros de acondicionamiento físico del sector privado,6 a 10 personas,CALLE,AMORES,EJE VIAL,7 SUR (FÉLIX CUEVAS),CALLE,SAN LORENZO,CALLE,JOSÉ MARTÍN MENDALDE,1431,NA,NA,NA,NA,NA,COLONIA,DEL VALLE SUR,CENTRO Y PLAZA COMERCIAL,CENTRO Y PLAZA COMERCIAL,SN,3100,09,Ciudad de México,014,Benito Juárez,0001,Benito Juárez,0740,004,NA,SAC@SMARTFIT.COM,WWW.SMARTFIT.COM.MX,Fijo,19.37185548,-99.16942643,2019-11
8939934,09017713943001591000038494S1,SMART FIT ANFORA,LATAM GYM,713943,Centros de acondicionamiento físico del sector privado,6 a 10 personas,CALLE,ANFORA,EJE VIAL,1 NORTE (ALBAÑILES),CALLE,CHICLERA,CALLE,CERILLERA,71,SUB ANCLA 1,NA,NA,NA,NA,COLONIA,PROGRESISTA,CENTRO Y PLAZA COMERCIAL,CHEDRAUI ANFORA,SN,15270,09,Ciudad de México,017,Venustiano Carranza,0001,Venustiano Carranza,0418,015,NA,SAC@SMARTFIT.COM,WWW.SMARTFIT.COM.MX,Fijo,19.4362786,-99.11060588,2019-11
9415016,09013713943001931001038494S8,SMART FIT ARENAL,LATAM GYM,713943,Centros de acondicionamiento físico del sector privado,6 a 10 personas,CALLE,ARENAL,PRIVADA,COROPA,CALLE,CUAUHTÉMOC,CERRADA,TERCERA CUAUHTÉMOC,1621,NA,NA,NA,NA,NA,PUEBLO,SANTA MARÍA TEPEPAN,NA,NA,NA,16020,09,Ciudad de México,013,Xochimilco,0001,Xochimilco,0014,014,NA,SAC@SMARTFIT.COM,WWW.SMARTFIT.COM.MX,Fijo,19.27999863,-99.13732081,2026-04
9442033,09015713943002611001038494S0,SMART FIT BOTURINI,LATAM GYM,713943,Centros de acondicionamiento físico del sector privado,6 a 10 personas,CALLE,LORENZO BOTURINI,CALLE,XOCONGO,CALLE,FRANCISCO J. CLAVIJERO,CALLEJON,AGUSTÍN DELGADO,258,NA,NA,NA,NA,NA,COLONIA,TRÁNSITO,NA,NA,NA,6820,09,Ciudad de México,015,Cuauhtémoc,0001,Cuauhtémoc,106A,003,NA,SAC@SMARTFIT.COM,WWW.SMARTFIT.COM.MX,Fijo,19.41782348,-99.13135882,2023-11
11829793,09003713943002872000038494S4,SMART FIT CHEDRAUI COAPA,LATAM GYM,713943,Centros de acondicionamiento físico del sector privado,6 a 10 personas,CALZADA,CALZADA DEL HUESO,CALLE,Rancho del Arenal,CALLE,Rancho Vista Hermosa,CALLE,Ninguno,670,NA,NA,NA,NA,NA,COLONIA,LOS SAUCES,CENTRO Y PLAZA COMERCIAL,PLAZA CHEDRAUI,SMT1,04940,09,Ciudad de México,003,Coyoacán,0001,Coyoacán,1444,025,NA,SAC@SMARFIT.COM,WWW.SMARFIT.COM.MX,Fijo,19.30209986,-99.11897292,2025-04
9422185,09007713943006531001038494S3,SMART FIT CHURUBUSCO,LATAM GYM,713943,Centros de acondicionamiento físico del sector privado,6 a 10 personas,AVENIDA,RIO CHURUBUSCO,AVENIDA,APATLACO,EJE VIAL,5 SUR (PURÍSIMA),CALLE,PICOS VI B ANDADOR 1,1072,NA,NA,NA,NA,NA,COLONIA,LOS PICOS,CENTRO Y PLAZA COMERCIAL,PLAZA ZENTRALIA CHURUBUSCO,SN,9420,09,Ciudad de México,007,Iztapalapa,0001,Iztapalapa,0375,022,NA,SAC@SMARTFIT.COM,WWW.SMARTFIT.COM.MX,Fijo,19.380007290000002,-99.10162175,2023-11
9436386,09003713943002331001038494S1,SMART FIT CIRCUITO AZTECA,LATAM GYM,713943,Centros de acondicionamiento físico del sector privado,6 a 10 personas,BOULEVARD,ADOLFO RUIZ CORTINES,CALLE,XIXIMES,CALLE,BUTACARIS (SEXTA DEL IMÁN),CALLE,BUTACARIS,5580,NA,NA,NA,NA,NA,COLONIA,EL CARACOL,EDIFICIO COMERCIAL Y DE SERVICIOS,EDIFICIO COMERCIAL Y DE SERVICIOS,SN,4789,09,Ciudad de México,003,Coyoacán,0001,Coyoacán,1660,022,NA,SAC@SMARTFIT.COM,WWW.SMARTFIT.COM.MX,Fijo,19.30163448,-99.16307194,2023-11
9415709,09014713943001911001038494S8,SMART FIT CITY INSURGENTES,LATAM GYM,713943,Centros de acondicionamiento físico del sector privado,11 a 30 personas,AVENIDA,INSURGENTES SUR,CALLE,VERMONT,CALLE,OHIO,CALLE,COLORADO,601,NA,NA,NA,301,NA,COLONIA,NÁPOLES,NA,NA,NA,3810,09,Ciudad de México,014,Benito Juárez,0001,Benito Juárez,0219,022,NA,SAC@SMARTFIT.COM,WWW.SMARTFIT.COM.MX,Fijo,19.39731607,-99.17144678,2023-11
9393070,09002713943001171001038494S4,SMART FIT CLAVERIA,LATAM GYM,713943,Centros de acondicionamiento físico del sector privado,11 a 30 personas,CALLE,EGIPTO,CALLE,PALESTINA,CALLE,IRAPUATO,AVENIDA,CLAVERÍA,142,NA,PLAZA COMERCIAL SIN NOMBRE,32,NA,NA,COLONIA,CLAVERÍA,CENTRO Y PLAZA COMERCIAL,PATIO CLAVERIA,SN,2080,09,Ciudad de México,002,Azcapotzalco,0001,Azcapotzalco,0805,023,NA,SAC@SMARTFIT.COM,WWW.SMARTFIT.COM.MX,Fijo,19.46354403,-99.18205489,2023-11
6766314,09003713943001582002038494S0,SMART FIT COAPA,LATAM GYM,713943,Centros de acondicionamiento físico del sector privado,6 a 10 personas,CALLE,BENITO JUÁREZ,AVENIDA,DIVISIÓN DEL NORTE,CALLE,MANZANA O EDIFICACIÓN CONTIGUA,CALLE,NINGUNO,117,NA,NA,NA,NA,NA,COLONIA,ESPARTACO,NA,NA,NA,4850,09,Ciudad de México,003,Coyoacán,0001,Coyoacán,1410,036,NA,SAC@SMARTFIT.COM,WWW.SMARTFIT.COM.MX,Fijo,19.31349885,-99.13533402,2016-10
9393122,09015713943002651001038494S6,SMART FIT CONDESA,LATAM GYM,713943,Centros de acondicionamiento físico del sector privado,6 a 10 personas,CALLE,ALFONSO REYES,CIRCUITO,INTERIOR (JOSÉ VASCONCELOS),CALLE,CARLOS B  ZETINA,CALLE,CHICONTEPEC,5,NA,NA,NA,NA,NA,COLONIA,HIPÓDROMO CONDESA,NA,NA,NA,6160,09,Ciudad de México,015,Cuauhtémoc,0001,Cuauhtémoc,1411,026,NA,SAC@SMARTFIT.COM,WWW.SMARTFIT.COM.MX,Fijo,19.41115149,-99.18198458,2023-11
9422190,09003713943002341001038494S0,SMART FIT COPILCO,LATAM GYM,713943,Centros de acondicionamiento físico del sector privado,11 a 30 personas,EJE VIAL,10 SUR (AVENIDA PEDRO ENRÍQUEZ UREÑA),CALLEJON,LAS FLORES,CALLE,PROFESORA AURORA REZA,CALLE,LAS FLORES,20,NA,NA,NA,NA,NA,COLONIA,DE LOS REYES,NA,NA,NA,4330,09,Ciudad de México,003,Coyoacán,0001,Coyoacán,0446,001,NA,SAC@SMARTFIT.COM,WWW.SMARTFIT.COM.MX,Fijo,19.33489272,-99.15496845,2023-11
9438868,09015713943002591001038494S4,SMART FIT CUAHUTEMOC,LATAM GYM,713943,Centros de acondicionamiento físico del sector privado,6 a 10 personas,CALLE,ANTONIO M ANZA,EJE VIAL,1 PONIENTE (AVENIDA CUAUHTÉMOC),CALLE,TOLUCA,CALLE,HUATABAMPO,20,NA,NA,NA,NA,NA,COLONIA,ROMA SUR,NA,NA,NA,6700,09,Ciudad de México,015,Cuauhtémoc,0001,Cuauhtémoc,138A,002,NA,SAC@SMARTFIT.COM,WWW.SMARTFIT.COM.MX,Fijo,19.41169006,-99.15583193,2023-11
9393119,09004713943000801001038494S3,SMART FIT CUAJIMALPA,LATAM GYM,713943,Centros de acondicionamiento físico del sector privado,6 a 10 personas,AVENIDA,JOSÉ MARÍA CASTORENA,CALLE,JESÚS DEL MONTE,PRIVADA,JOSÉ MARÍA CASTORENA,PRIVADA,JESÚS DEL MONTE,316,NA,NA,NA,NA,NA,CONDOMINIO,JESÚS DEL MONTE,NA,NA,NA,5000,09,Ciudad de México,004,Cuajimalpa de Morelos,0001,Cuajimalpa de Morelos,0354,009,NA,SAC@SMARTFIT.COM,WWW.SMARTFIT.COM.MX,Fijo,19.35978244,-99.29302433,2023-11
9398831,09012713943002631001038494S5,SMART FIT CUEMANCO,LATAM GYM,713943,Centros de acondicionamiento físico del sector privado,11 a 30 personas,CALLE,CAÑAVERALES,CALLE,FRESALES,AVENIDA,SAUZALES,CALLE,MANZANA O EDIFICACIÓN CONTIGUA,222,NA,NA,NA,5,A4,COLONIA,GRANJAS COAPA,NA,NA,NA,14330,09,Ciudad de México,012,Tlalpan,0001,Tlalpan,1975,001,NA,SAC@SMARTFIT.COM,WWW.SMARTFIT.COM.MX,Fijo,19.29423662,-99.10999835,2023-11
8386720,09012713943002453000000000U4,SMART FIT CUICUILCO,LATAMGYM,713943,Centros de acondicionamiento físico del sector privado,0 a 5 personas,AVENIDA,INSURGENTES SUR,OTRO(ESPECIFIQUE),MANZANA O EDIFICACION CONTIGUA,AVENIDA,SAN FERNANDO,CALLE,ZAPOTE,3500,NA,NA,1,NA,NA,COLONIA,PEÑA POBRE,CENTRO Y PLAZA COMERCIAL,PLAZA INBURSA CUICUILCO,NA,14060,09,Ciudad de México,012,Tlalpan,0001,Tlalpan,1890,001,56661330,MARIA.LORENZO@SMARTFIT.COM.MX,WWW.SMARTFIT.COM.MX,Fijo,19.29591205,-99.18479874,2019-11
9461827,09012713943002641001038494S4,SMART FIT CUICUILCO,LATAM GYM,713943,Centros de acondicionamiento físico del sector privado,6 a 10 personas,AVENIDA,SAN FERNANDO,AVENIDA,INSURGENTES SUR,CALLE,ZAPOTE,CALLE,MANZANA O EDIFICACIÓN CONTIGUA,765,NA,NA,NA,60,NA,COLONIA,PEÑA POBRE,CENTRO Y PLAZA COMERCIAL,PLAZA CUICUILCO,60,14060,09,Ciudad de México,012,Tlalpan,0001,Tlalpan,1890,001,NA,SAC@SMARTFIT.COM,WWW.SMARTFIT.COM.MX,Fijo,19.29559887,-99.18359881,2023-11
9438881,09002713943001181001038494S3,SMART FIT DIAGONAL CUITLAHUCAC,LATAM GYM,713943,Centros de acondicionamiento físico del sector privado,11 a 30 personas,AVENIDA,CUITLÁHUAC,CALLE,ITACA,CALLE,PONIENTE 44,CALLE,NORTE 75,2309,NA,NA,NA,NA,ANCLA2,COLONIA,SAN SALVADOR XOCHIMANCA,NA,NA,NA,2870,09,Ciudad de México,002,Azcapotzalco,0001,Azcapotzalco,0824,017,NA,SAC@SMARTFIT.COM,WWW.SMARTFIT.COM.MX,Fijo,19.459729,-99.17818136,2023-11
9465957,09015713943002561001038494S7,SMART FIT DOCTORES,LATAM GYM,713943,Centros de acondicionamiento físico del sector privado,11 a 30 personas,CALLE,DOCTOR C LICEAGA,EJE VIAL,CENTRAL (LÁZARO CÁRDENAS),CALLE,DOCTOR BARRAGÁN,CALLE,DOCTOR PASCUA,7,NA,NA,NA,107,NA,COLONIA,DOCTORES,NA,NA,NA,6720,09,Ciudad de México,015,Cuauhtémoc,0001,Cuauhtémoc,1036,010,NA,SAC@SMARTFIT.COM,WWW.SMARTFIT.COM.MX,Fijo,19.42157316,-99.14346771,2023-11
9398871,09016713943001601001038494S0,SMART FIT DOS PATIOS,LATAM GYM,713943,Centros de acondicionamiento físico del sector privado,6 a 10 personas,AVENIDA,EJÉRCITO NACIONAL MEXICANO,CALLE,LOPE DE VEGA,CALLE,SCHILLER,AVENIDA,HOMERO,350,NA,NA,NA,NA,PB,COLONIA,POLANCO V SECCIÓN,EDIFICIO COMERCIAL Y DE SERVICIOS,DOS PATIOS,SN,11520,09,Ciudad de México,016,Miguel Hidalgo,0001,Miguel Hidalgo,0660,014,NA,SAC@SMARTFIT.COM.MX,WWW.SMARTFIT.COM.MX,Fijo,19.4375164,-99.18650293,2023-11
9438862,09005713943004311001038494S6,SMART FIT EDUARDO MOLINA,LATAM GYM,713943,Centros de acondicionamiento físico del sector privado,6 a 10 personas,EJE VIAL,3 ORIENTE (AVENIDA INGENIERO EDUARDO MOLINA),AVENIDA,5 DE MAYO,CALLE,FRAY FRANCISCO DE FREJES,CALLE,FRAY TORIBIO DE BENAVENTE,165,NA,NA,NA,NA,NA,COLONIA,VASCO DE QUIROGA,NA,NA,NA,7440,09,Ciudad de México,005,Gustavo A. Madero,0001,Gustavo A. Madero,3178,033,NA,SAC@SMARTFIT.COM,WWW.SMARTFIT.COM.MX,Fijo,19.49736239,-99.09048008,2023-11
9454267,09007713943006501001038494S6,SMART FIT ERMITA,LATAM GYM,713943,Centros de acondicionamiento físico del sector privado,11 a 30 personas,EJE VIAL,8 SUR (CALZADA ERMITA IZTAPALAPA),CALLE,NINGUNO,CALLE,TRIGO,CALLE,MAÍZ,3417,NA,NA,NA,NA,NA,COLONIA,XALPA,NA,NA,NA,9460,09,Ciudad de México,007,Iztapalapa,0001,Iztapalapa,2691,004,NA,SAC@SMARTFIT.COM,WWW.SMARTFIT.COM.MX,Fijo,19.34760785,-99.01881028,2026-04
9462677,09010713943002281001038494S3,SMART FIT ESCENARIA,LATAM GYM,713943,Centros de acondicionamiento físico del sector privado,6 a 10 personas,EJE VIAL,10 SUR (AVENIDA SAN JERÓNIMO),CALLE,IGLESIA,AVENIDA,REVOLUCIÓN,CALLE,LA OTRA BANDA,263,NA,NA,NA,NA,NA,COLONIA,LA OTRA BANDA,NA,NA,NA,1090,09,Ciudad de México,010,Álvaro Obregón,0001,Álvaro Obregón,1241,014,NA,SAC@SMARTFIT.COM,WWW.SMARTFIT.COM.MX,Fijo,19.33543917,-99.19819294,2023-11
9454493,09014713943001931001038494S6,SMART FIT FELIX CUEVAS,LATAM GYM,713943,Centros de acondicionamiento físico del sector privado,11 a 30 personas,EJE VIAL,7 SUR (FÉLIX CUEVAS),CALLE,OSO,CALLE,TEJOCOTES,CALLE,PARROQUIA,101,NA,NA,NA,NA,NA,COLONIA,DEL VALLE SUR,NA,NA,NA,3104,09,Ciudad de México,014,Benito Juárez,0001,Benito Juárez,0717,002,NA,SAC@SMARTFIT.COM,WWW.SMARTFIT.COM.MX,Fijo,19.37344998,-99.17813922,2026-04
9450116,09002713943001191001038494S2,SMART FIT FERRERIA,LATAM GYM,713943,Centros de acondicionamiento físico del sector privado,6 a 10 personas,CALZADA,AZCAPOTZALCO LA VILLA,EJE VIAL,4 NORTE (ANTIGUA CALZADA DE GUADALUPE),CALLE,TRÉBOL,AVENIDA,22 DE FEBRERO,251,NA,NA,NA,NA,NA,COLONIA,SAN MARCOS,CENTRO Y PLAZA COMERCIAL,PASAJE FERRERIA,SN,2020,09,Ciudad de México,002,Azcapotzalco,0001,Azcapotzalco,0326,004,NA,SAC@SMARTFIT.COM,WWW.SMARTFIT.COM.MX,Fijo,19.48967073,-99.17888418,2023-11
11776234,09014713943002432000038494S4,SMART FIT GALERIAS INSURGENTES,LATAM GYM,713943,Centros de acondicionamiento físico del sector privado,6 a 10 personas,CALLE,PARROQUIA,CALLE,Oso,CALLE,Recreo,CALLE,Tigre,51,NA,NA,NA,NA,NA,COLONIA,ACTIPAN,NA,NA,NA,03100,09,Ciudad de México,014,Benito Juárez,0001,Benito Juárez,0806,022,NA,SAC@SMARTFIT.COM,NA,Fijo,19.37130743,-99.17846251,2025-04
9393140,09010713943002241001038494S7,SMART FIT GARDEN SANTA FE,LATAM GYM,713943,Centros de acondicionamiento físico del sector privado,6 a 10 personas,CIRCUITO,GUILLERMO GONZÁLEZ CAMARENA,CALLE,ERNESTO DOMÍNGUEZ A,AUTOPISTA,MÉXICO-TOLUCA (PROLONGACIÓN PASEO DE LA REFORMA),AVENIDA,VASCO DE QUIROGA,1205,NA,NA,NA,NA,GAL00M01,COLONIA,SANTA FE CENTRO CIUDAD,NA,NA,NA,1376,09,Ciudad de México,010,Álvaro Obregón,0001,Álvaro Obregón,1542,049,NA,SAC@SMARTFIT.COM,WWW.SMARTFIT.COM.MX,Fijo,19.36561701,-99.26372503,2023-11
11744897,09003713943002882000038494S3,SMART FIT GENERAL ANAYA,LATAM GYM,713943,Centros de acondicionamiento físico del sector privado,6 a 10 personas,CALZADA,CALZADA DE TLALPAN,CALLE,20 de Agosto,CALLEJON,General Anaya,CALZADA,Avenida del Convento,1779,NA,NA,NA,NA,NA,COLONIA,SAN DIEGO CHURUBUSCO,NA,NA,NA,04120,09,Ciudad de México,003,Coyoacán,0001,Coyoacán,0060,002,NA,SAC@SMARFIT.COM,WWW.SMARFIT.COM.MX,Fijo,19.3527852,-99.14542162,2025-04
9454270,09015713943002601001038494S1,SMART FIT GENOVA,LATAM GYM,713943,Centros de acondicionamiento físico del sector privado,6 a 10 personas,CALLE,GÉNOVA,CALLE,LONDRES,CALLE,HAMBURGO,CALLE,AMBERES,59,NA,NA,NA,NA,NA,COLONIA,JUÁREZ,NA,NA,NA,6600,09,Ciudad de México,015,Cuauhtémoc,0001,Cuauhtémoc,095A,008,NA,SAC@SMARTFIT.COM,WWW.SMARTFIT.COM.MX,Fijo,19.42612821,-99.16403498,2026-04
11804066,09005713943005432000038494S9,SMART FIT GRAN CANAL,LATAM GYM,713943,Centros de acondicionamiento físico del sector privado,6 a 10 personas,CALLE,PUERTO DE CADIZ,CALZADA,5 Norte (Calzada San Juan de Aragón),CALLE,Río Guadalupe,AVENIDA,Gran Canal del Desagüe,42,NA,NA,NA,NA,NA,COLONIA,HÉROES DE CHAPULTEPEC,NA,NA,NA,07939,09,Ciudad de México,005,Gustavo A. Madero,0001,Gustavo A. Madero,3055,037,NA,SAC@SMARTFIT.COM,NA,Fijo,19.47585616,-99.09033428,2025-04
9414975,09012713943002621001038494S6,SMART FIT GRAN TERRAZA COAPA,LATAM GYM,713943,Centros de acondicionamiento físico del sector privado,11 a 30 personas,CALZADA,CAÑAVERALES,AVENIDA,DIVISIÓN DEL NORTE,EJE VIAL,2 ORIENTE (AVENIDA CANAL DE MIRAMONTES),CALZADA,CALZADA LAS BRUJAS,222,NA,NA,NA,0,SN,COLONIA,GRANJAS COAPA,PASAJE Y ANDADOR COMERCIAL,PABELLON CUEMANCO,SN,14390,09,Ciudad de México,012,Tlalpan,0001,Tlalpan,1975,001,NA,SAC@SMARTFIT.COM,WWW.SMARTFIT.COM.MX,Fijo,19.2938468,-99.1079444,2023-11
9592046,09010713943002482000000000U7,SMART FIT GYM,START FIT,713943,Centros de acondicionamiento físico del sector privado,6 a 10 personas,CALLE,PARALELA 6,AVENIDA,SUR 122,AVENIDA,CAMINO REAL A TOLUCA,CALLE,PARALELA 7,4,A,NA,NA,NA,NA,COLONIA,JOSÉ MARÍA PINO SUAREZ,NA,NA,NA,01140,09,Ciudad de México,010,Álvaro Obregón,0001,Álvaro Obregón,1805,010,5551883316,NA,NA,Fijo,19.39147014,-99.20085657,2024-11
9461283,09005713943004291001038494S0,SMART FIT HENRY FORD,LATAM GYM,713943,Centros de acondicionamiento físico del sector privado,11 a 30 personas,CALLE,HENRY FORD,CALLE,NORTE 70,EJE VIAL,2 ORIENTE (HONORABLE CONGRESO DE LA UNIÓN),CALLE,ENRIQUETA,120,NA,NA,NA,NA,SA1,COLONIA,BONDOJITO,CENTRO Y PLAZA COMERCIAL,CHEDRAUI HENRY FORD,SN,7820,09,Ciudad de México,005,Gustavo A. Madero,0001,Gustavo A. Madero,1805,007,NA,SAC@SMARTFIT.COM,WWW.SMARTFIT.COM.MX,Fijo,19.46732298,-99.1105517,2023-11
9452023,09015713943002671001038494S4,SMART FIT INDEPENDENCIA,LATAM GYM,713943,Centros de acondicionamiento físico del sector privado,6 a 10 personas,CALLE,INDEPENDENCIA,CALLE,LUIS MOYA,CALLE,MARROQUÍ,CALLE,ARTÍCULO 123,40,NA,NA,NA,NA,NA,COLONIA,CENTRO,NA,NA,NA,6050,09,Ciudad de México,015,Cuauhtémoc,0001,Cuauhtémoc,0748,001,NA,SAC@SMARTFIT.COM,WWW.SMARTFIT.COM.MX,Fijo,19.43327654,-99.14466999,2023-11
9456029,09002713943001211001038494S8,SMART FIT LA RAZA,LATAM GYM,713943,Centros de acondicionamiento físico del sector privado,6 a 10 personas,EJE VIAL,1 PONIENTE (CALZADA VALLEJO),AVENIDA,ANTONIO VALERIANO,CALLE,CUAUHTÉMOC,CALLE,32,296,NA,NA,NA,NA,NA,COLONIA,SAN FRANCISCO XOCOTITLA,NA,NA,NA,2960,09,Ciudad de México,002,Azcapotzalco,0001,Azcapotzalco,0580,018,NA,SAC@SMARTFIT.COM,WWW.SMARTFIT.COM.MX,Fijo,19.46809397,-99.14421287,2026-04
9398890,09007713943006471001038494S2,SMART FIT LA VIGA,LATAM GYM,713943,Centros de acondicionamiento físico del sector privado,11 a 30 personas,EJE VIAL,2 ORIENTE (CALZADA DE LA VIGA),EJE VIAL,6 SUR (CARDIÓLOGOS),EJE VIAL,5 SUR (PURÍSIMA),CALLE,GEÓLOGOS,1174,NA,NA,NA,NA,L1,COLONIA,EL TRIUNFO,EDIFICIO COMERCIAL Y DE SERVICIOS,TORRE REFORMA DE LA VIGA,SN,9430,09,Ciudad de México,007,Iztapalapa,0001,Iztapalapa,0322,009,NA,SAC@SMARTFIT.COM,WWW.SMARTFIT.COM.MX,Fijo,19.37999605,-99.12244309,2023-11
9457952,09016713943001591001038494S3,SMART FIT LAGO ALBERTO,LATAM GYM,713943,Centros de acondicionamiento físico del sector privado,6 a 10 personas,CALLE,LAGO ALBERTO,AVENIDA,GENERAL MARIANO ESCOBEDO,CALLE,LAGO XOCHIMILCO,AVENIDA,EJÉRCITO NACIONAL MEXICANO,369,NA,NA,NA,NA,NA,COLONIA,ANÁHUAC I SECCIÓN,CENTRO Y PLAZA COMERCIAL,LAGO ALBERTO,369,11320,09,Ciudad de México,016,Miguel Hidalgo,0001,Miguel Hidalgo,0586,001,NA,SAC@SMARTFIT.COM,WWW.SMARTFIT.COM.MX,Fijo,19.43897539,-99.18089255,2023-11
9458035,09007713943006461001038494S3,SMART FIT LAS ANTENAS,LATAM GYM,713943,Centros de acondicionamiento físico del sector privado,11 a 30 personas,CALZADA,CANAL DE GARAY,CALLE,Acción Social,CALLE,Ninguno,CALLE,Ninguno,3278,NA,NA,NA,NA,NA,COLONIA,LA ESPERANZA,EDIFICIO COMERCIAL Y DE SERVICIOS,PARQUE LAS ANTENAS,L276,09910,09,Ciudad de México,007,Iztapalapa,0001,Iztapalapa,390A,004,NA,SAC@SMARTFIT.COM,WWW.SMARTFIT.COM.MX,Fijo,19.31556874,-99.07713905,2023-11
9393120,09002713943001201001038494S9,SMART FIT LAS ARMAS,LATAM GYM,713943,Centros de acondicionamiento físico del sector privado,6 a 10 personas,AVENIDA,CALZADA DE LAS ARMAS,CALLE,MACARIO GAXIOLA,EJE VIAL,3 NORTE (CALZADA SAN ISIDRO),PRIVADA,FRANCISCO VILLA,315,NA,NA,NA,NA,NA,COLONIA,SAN PEDRO XALPA,NA,NA,NA,2710,09,Ciudad de México,002,Azcapotzalco,0001,Azcapotzalco,1080,001,NA,SAC@SMARTFIT.COM,WWW.SMARTFIT.COM.MX,Fijo,19.48552564,-99.21776151,2023-11
8228365,09016713943001322000038494S3,SMART FIT LEGARIA,LATAM GYM,713943,Centros de acondicionamiento físico del sector privado,6 a 10 personas,CALZADA,LEGARIA (AÑO DE JUAREZ),CALLE,LAGO ATITLÁN,CALLE,LAGO XIMILPA,CALLE,LAGO SAN PEDRO,314,NA,NA,NA,NA,NA,COLONIA,DEPORTIVA PENSIL,NA,NA,NA,11470,09,Ciudad de México,016,Miguel Hidalgo,0001,Miguel Hidalgo,0251,015,NA,SAC@SMARTFIT.COM,WWW.SMARTFIT.COM.MX,Fijo,19.45212472,-99.20023254,2019-11
7801870,09005713943003063001038494S4,SMART FIT LINDAVISTA,LATAM GYM,713943,Centros de acondicionamiento físico del sector privado,6 a 10 personas,AVENIDA,MIGUEL OTHON DE MENDIZABAL ORIENTE,AVENIDA,JUAN DE DIOS BATIZ,CALLE,MARÍA LUISA ESTAMPA ORTIGOZA,CALLE,NINGUNO,343,NA,NA,17,NA,NA,COLONIA,NUEVA INDUSTRIAL VALLEJO,CENTRO Y PLAZA COMERCIAL,TORRES LINDAVISTA,SN,7700,09,Ciudad de México,005,Gustavo A. Madero,0001,Gustavo A. Madero,0525,005,NA,SAC@SMARTFIT.COM,WWW.SMARTFIT.COM.MX,Fijo,19.50744044,-99.14423105,2019-11
9462471,09007713943006491001038494S0,SMART FIT LOMAS ESTRELLA,LATAM GYM,713943,Centros de acondicionamiento físico del sector privado,11 a 30 personas,AVENIDA,TLÁHUAC,CALLE,SIRACUSA,CALLE,TIBERIADES,CERRADA,MORELOS,4409,NA,NA,NA,NA,NA,COLONIA,LOMAS ESTRELLA,CENTRO Y PLAZA COMERCIAL,SIN NOMBRE,SN,9890,09,Ciudad de México,007,Iztapalapa,0001,Iztapalapa,4429,001,NA,SAC@SMARTFIT.COM,WWW.SMARTFIT.COM.MX,Fijo,19.32196475,-99.09537265,2026-04
11833459,09016713943002002000038494S0,SMART FIT MASARYK 169,LATAM GYM,713943,Centros de acondicionamiento físico del sector privado,6 a 10 personas,AVENIDA,PRESIDENTE MASARYK,CALLE,Hegel,CALLE,Lamartine,AVENIDA,Horacio,169,NA,NA,NA,NA,NA,COLONIA,POLANCO V SECCIÓN,EDIFICIO COMERCIAL Y DE SERVICIOS,MASARYK 169 CORPORATIVO,primer piso,11560,09,Ciudad de México,016,Miguel Hidalgo,0001,Miguel Hidalgo,0675,012,NA,SAC@SMARFIT.COM,WWW.SMARFIT.COM.MX,Fijo,19.4314939,-99.18848254,2025-04
9398863,09003713943002351001038494S9,SMART FIT MIRAMONTES,LATAM GYM,713943,Centros de acondicionamiento físico del sector privado,6 a 10 personas,EJE VIAL,2 ORIENTE (AVENIDA CANAL DE MIRAMONTES),CALZADA,CALZADA DE LAS BOMBAS,CALLE,RANCHO MANTE,CALLE,RANCHO SAN LORENZO,2053,NA,NA,NA,NA,NA,COLONIA,LOS GIRASOLES,NA,NA,NA,4920,09,Ciudad de México,003,Coyoacán,0001,Coyoacán,168A,020,NA,SAC@SMARTFIT.COM,WWW.SMARTFIT.COM.MX,Fijo,19.30977998,-99.12426769,2023-11
9398864,09005713943004321001038494S5,SMART FIT MISTERIOS,LATAM GYM,713943,Centros de acondicionamiento físico del sector privado,6 a 10 personas,AVENIDA,RIO CONSULADO,CALLE,CALLEJÓN DEL TRANCAZO,CIRCUITO,INTERIOR (AVENIDA RÍO CONSULADO),CALZADA,CALZADA DE GUADALUPE,1688,NA,NA,NA,NA,NA,COLONIA,VALLEJO,CENTRO Y PLAZA COMERCIAL,PLAZA MISTERIOS,SN,7870,09,Ciudad de México,005,Gustavo A. Madero,0001,Gustavo A. Madero,1773,009,NA,SAC@SMARTFIT.COM,WWW.SMARTFIT.COM.MX,Fijo,19.4615419,-99.12693375,2023-11
9398887,09016713943001571001038494S5,SMART FIT MIYANA,LATAM GYM,713943,Centros de acondicionamiento físico del sector privado,11 a 30 personas,AVENIDA,EJÉRCITO NACIONAL MEXICANO,CALLE,FERROCARRIL DE CUERNAVACA,PROLONGACION,MOLIERE,AVENIDA,MIGUEL DE CERVANTES SAAVEDRA,769,NA,NA,NA,NA,NA,COLONIA,GRANADA,NA,NA,NA,11520,09,Ciudad de México,016,Miguel Hidalgo,0001,Miguel Hidalgo,0444,013,NA,SAC@SMARTFIT.COM,WWW.SMARTFIT.COM.MX,Fijo,19.43854747,-99.20202044,2023-11
11812572,09010713943002832000038494S3,SMART FIT OLIVAR DE LOS PADRES,LATAM GYM,713943,Centros de acondicionamiento físico del sector privado,6 a 10 personas,AVENIDA,GLACIAR,CALLE,Doctor Nabor Carrillo,OTRO(ESPECIFIQUE),Ángel María Garibay Kintana,CALLE,Ninguno,446,NA,NA,NA,NA,NA,COLONIA,OLIVAR DE LOS PADRES,NA,NA,NA,01770,09,Ciudad de México,010,Álvaro Obregón,0001,Álvaro Obregón,1858,003,NA,SAC@SMARTFIT.COM,NA,Fijo,19.33571377,-99.22999932,2025-04
11743710,09010713943002842000038494S2,SMART FIT PABELLON ALTAVISTA,LATAM GYM,713943,Centros de acondicionamiento físico del sector privado,6 a 10 personas,AVENIDA,CAMINO AL DESIERTO DE LOS LEONES,AVENIDA,Revolución,AVENIDA,Insurgentes Sur,CALLE,Cracovia,52,NA,NA,NA,NA,NA,COLONIA,SAN ÁNGEL,NA,NA,NA,01000,09,Ciudad de México,010,Álvaro Obregón,0001,Álvaro Obregón,1129,011,NA,SAC@SMARTFIT.COM,NA,Fijo,19.34919377,-99.18954897,2025-04
9436385,09015713943002581001038494S5,SMART FIT PARQUE DELTA,LATAM GYM,713943,Centros de acondicionamiento físico del sector privado,11 a 30 personas,EJE VIAL,1 PONIENTE (AVENIDA CUAUHTÉMOC),VIADUCTO,PRESIDENTE MIGUEL ALEMÁN,CALLE,OBRERO MUNDIAL,CALLE,XOCHICALCO,462,NA,NA,NA,NA,NA,COLONIA,PIEDAD NARVARTE,NA,NA,NA,3020,09,Ciudad de México,014,Benito Juárez,0001,Benito Juárez,0026,021,NA,SAC@SMARTFIT.COM,WWW.SMARTFIT.COM.MX,Fijo,19.40307503,-99.15539452,2023-11
11826973,09005713943005443000038494S6,SMART FIT PARQUE TEPEYAC,LATAM GYM,713943,Centros de acondicionamiento físico del sector privado,11 a 30 personas,AVENIDA,3 ORIENTE (AVENIDA INGENIERO EDUARDO MOLINA),CALZADA,Pelícano,CALLE,5 Norte (Calzada San Juan de Aragón),CALLE,San Juan,6730,NA,NA,NA,NA,NA,COLONIA,GRANJAS MODERNAS,NA,NA,NA,06730,09,Ciudad de México,005,Gustavo A. Madero,0001,Gustavo A. Madero,1646,007,NA,SAC@SMARTFIT.COM,NA,Fijo,19.47633356,-99.09931589,2025-04
11839816,09010713943002852000038494S1,SMART FIT PATIO REVOLUCION,LATAM GYM,713943,Centros de acondicionamiento físico del sector privado,6 a 10 personas,AVENIDA,LORETO,CALLE,Arteaga,CALLE,Ninguno,CALLE,Primera Altamirano,1817,NA,NA,NA,NA,NA,COLONIA,LORETO,NA,NA,NA,01000,09,Ciudad de México,010,Álvaro Obregón,0001,Álvaro Obregón,1241,023,NA,SAC@SMARTFIT.COM,NA,Fijo,19.34135456,-99.19211667,2025-04
9393118,09016713943001611001038494S9,SMART FIT PERICENTRO,LATAM GYM,713943,Centros de acondicionamiento físico del sector privado,6 a 10 personas,BOULEVARD,MANUEL ÁVILA CAMACHO,CALLE,ANTONIO VELÁZQUEZ MARTÍNEZ,AVENIDA,PARQUE DE CHAPULTEPEC,CALLE,GAZA MILITAR,681,NA,NA,NA,NA,NA,COLONIA,PERIODISTA,EDIFICIO COMERCIAL Y DE SERVICIOS,CENTRO COMERCIAL PERICENTRO,SN,11220,09,Ciudad de México,016,Miguel Hidalgo,0001,Miguel Hidalgo,0302,003,NA,SAC@SMARTFIT.COM,WWW.SMARTFIT.COM.MX,Fijo,19.45256011,-99.21973756,2023-11
928253,09010713943000593001038494S3,SMART FIT PERIFERICO TERRAZAS,LATAM GYM,713943,Centros de acondicionamiento físico del sector privado,6 a 10 personas,BOULEVARD,ADOLFO RUÍZ CORTINES,PRIVADA,MANANTIAL,CALLE,MANZANA O EDIFICACIÓN CONTIGUA,AVENIDA,AVENIDA DE LA LUZ,4132,NA,NA,NA,NA,NA,COLONIA,JARDINES DEL PEDREGAL,CENTRO Y PLAZA COMERCIAL,TERRAZA PEDREGAL,15 AL 18,1900,09,Ciudad de México,010,Álvaro Obregón,0001,Álvaro Obregón,1307,024,NA,SAC@SMARTFIT.COM.MX,WWW.SMARTFIT.COM.MX,Fijo,19.30658263,-99.20953831,2014-12
9414833,09016713943001621001038494S8,SMART FIT PLAZA GALERIAS,LATAM GYM,713943,Centros de acondicionamiento físico del sector privado,6 a 10 personas,AVENIDA,MARINA NACIONAL,CALLE,NINGUNO,CIRCUITO,INTERIOR (CALZADA MELCHOR OCAMPO),CALLE,BAHÍA LA ASCENSIÓN,193,NA,NA,NA,NA,NA,COLONIA,VERÓNICA ANZURES,NA,NA,NA,11300,09,Ciudad de México,016,Miguel Hidalgo,0001,Miguel Hidalgo,0603,021,NA,SAC@SMARTFIT.COM,WWW.SMARTFIT.COM.MX,Fijo,19.43743135,-99.17189288,2023-11
11827803,09016713943001992000038494S3,SMART FIT PLAZA LEGARIA,LATAM GYM,713943,Centros de acondicionamiento físico del sector privado,6 a 10 personas,CALZADA,LEGARIA,CALLE,Lago Gran Oso,CALLE,Felipe Carrillo Puerto,PROLONGACION,Cerrada Lago Ness,252,NA,NA,NA,NA,NA,COLONIA,VENTURA PÉREZ DE ALBA,NA,NA,NA,11430,09,Ciudad de México,016,Miguel Hidalgo,0001,Miguel Hidalgo,0251,006,NA,SAC@SMARTFIT.COM,NA,Fijo,19.45346954,-99.19825921,2025-04
9454279,09010713943002251001038494S6,SMART FIT PORTAL CENTENARIO,LATAM GYM,713943,Centros de acondicionamiento físico del sector privado,11 a 30 personas,CALLE,PROLONGACIÓN 5 DE MAYO,CALLE,PROLONGACIÓN 5 DE MAYO,AVENIDA,CENTENARIO,CALLE,COLINA DE CUAMO,3121,NA,NA,NA,NA,C101,COLONIA,EX-HACIENDA DE TARANGO,CENTRO Y PLAZA COMERCIAL,PLAZA TENARIA,C101,1620,09,Ciudad de México,010,Álvaro Obregón,0001,Álvaro Obregón,2292,034,NA,SAC@SMARTFIT.COM,WWW.SMARTFIT.COM.MX,Fijo,19.36104527,-99.22223271,2023-11
9463093,09005713943004281001038494S1,SMART FIT PUERTA ARAGON,LATAM GYM,713943,Centros de acondicionamiento físico del sector privado,11 a 30 personas,AVENIDA,CONSTITUCIÓN DE LA REPÚBLICA,CALLE,VOLCÁN TRONADOR,CALLE,LEÓN,AVENIDA,VOLCÁN IZTACCÍHUATL,221,NA,NA,NA,NA,NA,COLONIA,LA PRADERA,CENTRO Y PLAZA COMERCIAL,CENTRO Y PLAZA COMERCIAL,SN,7500,09,Ciudad de México,005,Gustavo A. Madero,0001,Gustavo A. Madero,1716,006,NA,SAC@SMARTFIT.COM,WWW.SMARTFIT.COM.MX,Fijo,19.48016647,-99.06512262,2023-11
9415708,09015713943002631001038494S8,SMART FIT REFORMA,LATAM GYM,713943,Centros de acondicionamiento físico del sector privado,6 a 10 personas,AVENIDA,PASEO DE LA REFORMA,CALLE,JOSÉ MARÍA LAFRAGUA,CALLE,CALLE DE LA REPÚBLICA,CALLE,AVENIDA DE LA REPÚBLICA,27,NA,NA,NA,NA,NA,COLONIA,TABACALERA,NA,NA,NA,6030,09,Ciudad de México,015,Cuauhtémoc,0001,Cuauhtémoc,0729,006,NA,SAC@SMARTFIT.COM,WWW.SAMRTFIT.COM.MX,Fijo,19.43462152,-99.15190243,2023-11
11761464,09015713943003252000038494S2,SMART FIT REFORMA 222,LATAM GYM,713943,Centros de acondicionamiento físico del sector privado,6 a 10 personas,AVENIDA,HAVRE,CALLE,Hamburgo,CALLE,Paseo de la Reforma,CALLE,Nápoles,222,NA,NA,NA,NA,NA,COLONIA,JUÁREZ,NA,NA,NA,06600,09,Ciudad de México,015,Cuauhtémoc,0001,Cuauhtémoc,0803,008,NA,SAC@SMARTFIT.COM,NA,Fijo,19.42879782,-99.16229435,2025-04
9454280,09015713943002571001038494S6,SMART FIT REFORMA 26,LATAM GYM,713943,Centros de acondicionamiento físico del sector privado,6 a 10 personas,AVENIDA,PASEO DE LA REFORMA,CALLE,DONATO GUERRA,EJE VIAL,1 PONIENTE (AVENIDA BUCARELI),CALLE,NINGUNO,26,NA,NA,NA,NA,NA,COLONIA,JUÁREZ,NA,NA,NA,6600,09,Ciudad de México,015,Cuauhtémoc,0001,Cuauhtémoc,0803,014,NA,SAC@SMARTFIT.COM,WWW.SAMRTFIT.COM.MX,Fijo,19.43422848,-99.15163582,2023-11
9442790,09015713943002551001038494S8,SMART FIT REFORMA 99,LATAM GYM,713943,Centros de acondicionamiento físico del sector privado,6 a 10 personas,AVENIDA,PASEO DE LA REFORMA,CALLE,PARÍS,CALLE,MAESTRO ANTONIO CASO,CALLE,MADRID,99,NA,NA,NA,NA,NA,COLONIA,TABACALERA,NA,NA,NA,6030,09,Ciudad de México,015,Cuauhtémoc,0001,Cuauhtémoc,0729,003,NA,SAC@SMARTFIT.COM,WWW.SMARTFIT.COM.MX,Fijo,19.43277239,-99.15587024,2023-11
9393121,09015713943002641001038494S7,SMART FIT ROMA NORTE,LATAM GYM,713943,Centros de acondicionamiento físico del sector privado,6 a 10 personas,CALLE,PUEBLA,CALLE,COZUMEL,EJE VIAL,3 PONIENTE (SALAMANCA),CALLE,SINALOA,326,NA,NA,NA,NA,NA,COLONIA,ROMA NORTE,NA,NA,NA,6700,09,Ciudad de México,015,Cuauhtémoc,0001,Cuauhtémoc,0998,017,NA,SAC@SMARTFIT.COM,WWW.SMARTFIT.COM.MX,Fijo,19.42068025,-99.17100433,2023-11
9415711,09008713943000751001038494S1,SMART FIT SAN JERONIMO,LATAM GYM,713943,Centros de acondicionamiento físico del sector privado,6 a 10 personas,AVENIDA,SAN JERÓNIMO,CERRADA,EUCALIPTOS,CERRADA,SAN ANTONIO,CALLE,RÍO CHICO,819,NA,NA,NA,NA,NA,COLONIA,SAN JERÓNIMO LÍDICE,NA,NA,NA,10200,09,Ciudad de México,008,La Magdalena Contreras,0001,La Magdalena Contreras,0086,007,NA,SAC@SMARTFIT.COM,WWW.SMARTFIT.COM.MX,Fijo,19.32958474,-99.21565472,2023-11
9398862,09004713943000813001038494S8,SMART FIT SANTA FE,LATAM GYM,713943,Centros de acondicionamiento físico del sector privado,6 a 10 personas,AVENIDA,JUAN SALVADOR AGRAZ,CALLE,VIALIDAD VASCO DE QUIROGA SEGUNDA ETAPA,CALLE,AVENIDA CARLOS GRAFF FERNÁNDEZ,CALLE,NINGUNO,61,NA,NA,NA,NA,NA,COLONIA,SANTA FE CUAJIMALPA,NA,NA,NA,5348,09,Ciudad de México,004,Cuajimalpa de Morelos,0001,Cuajimalpa de Morelos,0369,004,NA,SAC@SMARTFIT.COM,WWW.SMARTFIT.COM.MX,Fijo,19.35974823,-99.27935514,2023-11
9398892,09005713943004301001038494S7,SMART FIT TENAYUCA,LATAM GYM,713943,Centros de acondicionamiento físico del sector privado,6 a 10 personas,AVENIDA,LUIS ESPINOZA,CALLE,Ferrocarril de Veracruz,CALLE,Río San Javier,CALLE,Cárdenas,100,NA,NA,NA,3,NA,COLONIA,ACUEDUCTO DE GUADALUPE,EDIFICIO COMERCIAL Y DE SERVICIOS,CHEDRAUI TENAYUCA,SN,07268,09,Ciudad de México,005,Gustavo A. Madero,0001,Gustavo A. Madero,0277,040,NA,SAC@SMARTFIT.COM,WWW.SMARTFIT.COM.MX,Fijo,19.52969916,-99.155362,2026-04
9415015,09007713943006511001038494S5,SMART FIT TEZONTLE,LATAM GYM,713943,Centros de acondicionamiento físico del sector privado,6 a 10 personas,AVENIDA,CANAL DE TEZONTLE,EJE VIAL,5 ORIENTE (AVENIDA JAVIER ROJO GÓMEZ),AVENIDA,RÍO DE LA ANTIGUA,AVENIDA,RÍO SOTO LA MARINA,1520,NA,NA,NA,NA,LS8 A LS15,COLONIA,DOCTOR ALFONSO ORTIZ TIRADO,EDIFICIO COMERCIAL Y DE SERVICIOS,PARQUE TEZONTLE,LS8 A LS15C,9020,09,Ciudad de México,007,Iztapalapa,0001,Iztapalapa,2390,011,NA,SAC@SMARTFIT.COM,WWW.SMARTFIT.COM.MX,Fijo,19.3820579,-99.08281949,2023-11
9393141,09011713943002021001038494S1,SMART FIT TLAHUAC,LATAM GYM,713943,Centros de acondicionamiento físico del sector privado,11 a 30 personas,AVENIDA,TLÁHUAC,ANDADOR,MANUEL M. FLORES,CALLE,JUAN DE DIOS PEZA,CALLE,MANUEL M. FLORES,5856,NA,NA,NA,NA,NA,BARRIO,SANTA ANA,NA,NA,NA,13300,09,Ciudad de México,011,Tláhuac,0001,Tláhuac,1342,021,NA,SAC@SMARTFIT.COM,WWW.SMARTFIT.COM.MX,Fijo,19.2996267,-99.0420162,2023-11
7988800,09015713943002481001038494S8,SMART FIT TLATELOLCO,LATAM GYM,713943,Centros de acondicionamiento físico del sector privado,11 a 30 personas,AVENIDA,RICARDO FLORES MAGÓN,CALLE,GENERAL RÉGULES,CALLE,LERDO,CALLE,MERCADO,210,NA,CENTRO Y PLAZA COMERCIAL,18,NA,NA,COLONIA,GUERRERO,CENTRO Y PLAZA COMERCIAL,SIN NOMBRE,SN,6300,09,Ciudad de México,015,Cuauhtémoc,0001,Cuauhtémoc,0521,013,NA,SAC@SMARTFIT.COM,WWW.SMARTFIT.COM.MX,Fijo,19.45067706,-99.14035433,2019-11
9398872,09010713943002271001038494S4,SMART FIT TORRE DIAMANTE,LATAM GYM,713943,Centros de acondicionamiento físico del sector privado,6 a 10 personas,AVENIDA,INSURGENTES SUR,CALLE,GUSTAVO E  CAMPA,AVENIDA,BARRANCA DEL MUERTO,CALLE,MANUEL M  PONCE,1685,NA,NA,NA,NA,NA,COLONIA,GUADALUPE INN,NA,NA,NA,1020,09,Ciudad de México,010,Álvaro Obregón,0001,Álvaro Obregón,0987,021,NA,SA@SMARTFIT.COM,WWW.SMARTFIT.COM.MX,Fijo,19.36112947,-99.18323803,2023-11
9415710,09015713943002661001038494S5,SMART FIT TORRE DIANA,LATAM GYM,713943,Centros de acondicionamiento físico del sector privado,6 a 10 personas,CALLE,RÍO LERMA,CALLE,RÍO NILO,EJE VIAL,3 PONIENTE (RÍO MISSISSIPI),AVENIDA,PASEO DE LA REFORMA,232,NA,NA,NA,NA,NA,COLONIA,CUAUHTÉMOC,NA,NA,NA,6500,09,Ciudad de México,015,Cuauhtémoc,0001,Cuauhtémoc,0930,005,NA,SAC@SMARTFIT.COM,WWW.SMARTFIT.COM.MX,Fijo,19.42698198,-99.17183973,2023-11
9402121,09007713943006481001038494S1,SMART FIT UAM I,LATAM GYM,713943,Centros de acondicionamiento físico del sector privado,6 a 10 personas,CALZADA,ERMITA IZTAPALAPA,EJE VIAL,8 SUR (CALZADA ERMITA IZTAPALAPA),CALLE,RODODENDRO,CALLE,CAMPÁNULA,1863,NA,NA,NA,NA,NA,COLONIA,LOS ÁNGELES,NA,NA,NA,9830,09,Ciudad de México,007,Iztapalapa,0001,Iztapalapa,141A,017,NA,SAC@SMARTFIT.COM,WWW.SMARTFIT.COM.MX,Fijo,19.35048879,-99.07407045,2026-04
9393123,09014713943001921001038494S7,SMART FIT UNIVERSIDAD,LATAM GYM,713943,Centros de acondicionamiento físico del sector privado,6 a 10 personas,AVENIDA,UNIVERSIDAD,CALLE,NINGUNO,CALLE,MATÍAS ROMERO,CALLE,PITÁGORAS,645,NA,NA,NA,NA,NA,COLONIA,DEL VALLE CENTRO,NA,NA,NA,3100,09,Ciudad de México,014,Benito Juárez,0001,Benito Juárez,0613,010,NA,SAC@SMARTFIT.COM,WWW.SMARTFIT.COM.MX,Fijo,19.37732754,-99.16070774,2026-04
9409489,09006713943001251001038494S5,SMART FIT VIA 515,LATAM GYM,713943,Centros de acondicionamiento físico del sector privado,11 a 30 personas,VIADUCTO,RÍO DE LA PIEDAD,CALLE,MANZANA O EDIFICACIÓN CONTIGUA,PRIVADA,NINGUNO,PRIVADA,NINGUNO,515,NA,NA,NA,NA,L105,COLONIA,JARDÍN BALBUENA,NA,NA,NA,8400,09,Ciudad de México,017,Venustiano Carranza,0001,Venustiano Carranza,144A,041,NA,SAC@SMARTFIT.COM,NA,Fijo,19.40673765,-99.11057927,2023-11
9438863,09007713943006521001038494S4,SMART FIT VICENTE GUERRERO,LATAM GYM,713943,Centros de acondicionamiento físico del sector privado,11 a 30 personas,AVENIDA,DÍAZ SOTO Y GAMA,CALLE,PLUTARCO ELÍAS CALLES,CALLE,UNIVERSIDAD,CALLE,LA CELESTINA,21,1,NA,32,NA,NA,COLONIA,PROGRESISTA,EDIFICIO COMERCIAL Y DE SERVICIOS,TORRE REFORMA LATINO,SN,9240,09,Ciudad de México,007,Iztapalapa,0001,Iztapalapa,5111,001,NA,SAC@SMARTFIT.COM,NA,Fijo,19.36020182,-99.06310945,2023-11
9465594,09013713943001921001038494S9,SMART FIT XOCHIMILCO,LATAM GYM,713943,Centros de acondicionamiento físico del sector privado,6 a 10 personas,AVENIDA,GUADALUPE I RAMÍREZ,CALLE,NORIA,CALLE,NINGUNO,AVENIDA,20 DE NOVIEMBRE,610,NA,NA,NA,NA,NA,COLONIA,TIERRA NUEVA,NA,NA,NA,16050,09,Ciudad de México,013,Xochimilco,0001,Xochimilco,0160,010,NA,SAC@SMARTFIT.COM,NA,Fijo,19.26784876,-99.12418649,2026-04
9393069,09004713943000791001038494S6,SMART FIT ZENTRIKA SANTA FE,LATAM GYM,713943,Centros de acondicionamiento físico del sector privado,6 a 10 personas,AUTOPISTA,MÉXICO A TOLUCA,CALLE,MARIO PANI,CALLE,NINGUNO,PROLONGACION,VASCO DE QUIROGA,1235,NA,NA,NA,NA,NA,COLONIA,SANTA FE CUAJIMALPA,CENTRO Y PLAZA COMERCIAL,ZENTRIKA SANTA FE,SN,5348,09,Ciudad de México,004,Cuajimalpa de Morelos,0001,Cuajimalpa de Morelos,0369,001,NA,SAC@SMARTFIT.COM,NA,Fijo,19.35908434,-99.27471538,2023-11
11721277,09003713943002891000000000U4,SMART SAN FRANCISCO GYM,ANGEL MARTINEZ,713943,Centros de acondicionamiento físico del sector privado,0 a 5 personas,CALZADA,TAXQUEÑA,CALLE,San Francisco,CALLEJON,Ninguno,CALLE,Ninguno,2168,NA,NA,NA,NA,NA,BARRIO,SAN FRANCISCO CULHUACÁN BARRIO DE SAN FRANCISCO,NA,NA,NA,04260,09,Ciudad de México,003,Coyoacán,0001,Coyoacán,0357,009,5545480299,NA,NA,Fijo,19.3387264,-99.11746292,2025-04
11797249,09007713943008142000038494S7,SMARTI FIT PABELLON IZTAPALAPA,LATAM GYM,713943,Centros de acondicionamiento físico del sector privado,6 a 10 personas,EJE VIAL,8 SUR (CALZADA ERMITA IZTAPALAPA),CALLE,Cerrada Ermita Iztapalapa,CALLEJON,Ignacio Manuel Altamirano,CALLE,5 de Mayo,540,NA,NA,NA,NA,NA,COLONIA,SANTA CRUZ MEYEHUALCO,NA,NA,NA,09290,09,Ciudad de México,007,Iztapalapa,0001,Iztapalapa,3863,022,NA,SAC@SMARTFIT.COM,NA,Fijo,19.34246545,-99.04654979,2025-04
8027078,09016713943001092000000000U2,SNAP FITNESS 24-7,OPERADORA DE NEGOCIOS,713943,Centros de acondicionamiento físico del sector privado,6 a 10 personas,CALLE,LAGO ALBERTO,CALLE,LAGO XOCHIMILCO,CALLE,BAHIA DE SAN HIPOLITO,CALLE,BAHIA ESPIRITU SANTO,416,A,NA,NA,15,NA,COLONIA,ANÁHUAC I SECCIÓN,NA,NA,NA,11320,09,Ciudad de México,016,Miguel Hidalgo,0001,Miguel Hidalgo,0482,012,NA,NA,WWW.SNAPFITNESSS.COM.MX,Fijo,19.43854487,-99.17882255,2019-11
7756193,09015713943002371001000000U1,SNAP TORRE LATINO,TORRE LATINO GYM,713943,Centros de acondicionamiento físico del sector privado,6 a 10 personas,CALLE,FRAY PEDRO DE GANTE,CALLE,FRANCISCO I MADERO,CALLE,16 DE SEPTIEMBRE,EJE VIAL,CENTRAL (LAZARO CARDENAS),9,NA,NA,NA,15,2,COLONIA,CENTRO,NA,NA,NA,06000,09,Ciudad de México,015,Cuauhtémoc,0001,Cuauhtémoc,0767,005,NA,NA,WWW.SNAPFITNESS.COM.MX,Fijo,19.43284316,-99.13958815,2019-11
841351,09007722219023411010000000U1,SOCIEDAD FITNESS,NA,713943,Centros de acondicionamiento físico del sector privado,0 a 5 personas,CALLE,JARDIN BUGAMBILIAS,AVENIDA,IGNACIO ALDAMA,AVENIDA,EMILIANO ZAPATA,CALLE,JARDIN CLAVELES,53,MZ11 LT,NA,NA,NA,NA,COLONIA,JARDINES DE SAN LORENZO TEZONCO,NA,NA,NA,09940,09,Ciudad de México,007,Iztapalapa,0001,Iztapalapa,351A,009,NA,NA,NA,Fijo,19.29749358,-99.07510825,2010-07
11676954,09010713943002562000000000U6,SONA STUDIO,VERONICA CAMPOS,713943,Centros de acondicionamiento físico del sector privado,6 a 10 personas,CALLE,CRATER,CALLE,AGUA,AVENIDA,AVENIDA DE LA LUZ,CALLE,CRATER,823,NA,NA,17,NA,NA,COLONIA,JARDINES DEL PEDREGAL,CENTRO Y PLAZA COMERCIAL,CRATER 823,2,01900,09,Ciudad de México,010,Álvaro Obregón,0001,Álvaro Obregón,128A,026,NA,NA,WWW.SONA.COM,Fijo,19.31585076,-99.21105977,2024-11
672949,09005713943002441002000000U3,SONBAE,NA,713943,Centros de acondicionamiento físico del sector privado,0 a 5 personas,CALLE,LA RIOJA,CALLE,PISAGUA,CALLE,SAN JUAN DE PUERTO RICO,CALLE,AVELLANEDA,353,NA,NA,NA,NA,NA,COLONIA,RESIDENCIAL ZACATENCO,NA,NA,NA,07360,09,Ciudad de México,005,Gustavo A. Madero,0001,Gustavo A. Madero,060A,018,5553562950,NA,NA,Fijo,19.50579101,-99.12776958,2014-12
964636,09014713943000191001000000U8,SOPORTE GYM,FABRIZIO MORENO,713943,Centros de acondicionamiento físico del sector privado,0 a 5 personas,CALLE,JUAN PALACIOS,EJE VIAL,8 SUR (CALZADA ERMITA IZTAPALAPA),CIRCUITO,INTERIOR (AVENIDA RIO CHURUBUSCO),CALLE,FRANCISCO ROJAS GONZALEZ,104,NA,NA,NA,NA,NA,COLONIA,ERMITA,NA,NA,NA,03590,09,Ciudad de México,014,Benito Juárez,0001,Benito Juárez,1024,016,NA,NA,NA,Fijo,19.35957115,-99.14105313,2010-07
10883281,09014713943002362000000000U3,SOUL DANCE STUDIO,NA,713943,Centros de acondicionamiento físico del sector privado,6 a 10 personas,EJE VIAL,4 SUR XOLA,CALLE,PETEN,CALLE,PALENQUE,CALLE,LA MORENA,1506,NA,NA,NA,NA,B,COLONIA,NARVARTE ORIENTE,NA,NA,NA,03023,09,Ciudad de México,014,Benito Juárez,0001,Benito Juárez,0083,002,5574867656,SOULDANCESTUDIOMX@GMAIL.COM,NA,Fijo,19.39563064,-99.15213534,2024-11
6752149,09010713943001232002000000U7,SOULCORE FITNESS,SOULCORE,713943,Centros de acondicionamiento físico del sector privado,6 a 10 personas,AVENIDA,ALTAVISTA,CALLE,REYNA,CALLE,ARTURO,CALLE,CALERO,131,NA,NA,1,NA,NA,COLONIA,SAN ÁNGEL INN,CENTRO Y PLAZA COMERCIAL,PLAZA SAN ANGEL,131,01060,09,Ciudad de México,010,Álvaro Obregón,0001,Álvaro Obregón,1114,003,5568434406,NA,WWW.SOULTCORE.COM.MX,Fijo,19.34896711,-99.19532418,2016-10
11748544,09016713943002051000000000U7,SOULCORE FITNESS LOMAS,NA,713943,Centros de acondicionamiento físico del sector privado,0 a 5 personas,CALLE,PEDREGAL,CALLE,VOSGOS,CALLE,TEAPA,CALLE,MONTES URALES,49,NA,NA,NA,NA,NA,COLONIA,LOMAS DE CHAPULTEPEC IV SECCIÓN,NA,NA,NA,11000,09,Ciudad de México,016,Miguel Hidalgo,0001,Miguel Hidalgo,0995,010,NA,NA,NA,Fijo,19.42409306,-99.20374104,2025-04
795919,09005713943000151000000000U0,SOUTH AFRICA GIM,NA,713943,Centros de acondicionamiento físico del sector privado,0 a 5 personas,CALLE,NORTE 94,CALLE,ORIENTE 85,CALLE,ORIENTE 83,CALLE,NORTE 92,4320,NA,NA,NA,NA,NA,COLONIA,NUEVA TENOCHTITLÁN,NA,NA,NA,07899,09,Ciudad de México,005,Gustavo A. Madero,0001,Gustavo A. Madero,2288,040,NA,NA,NA,Fijo,19.4526931,-99.10176733,2010-07
641325,09002531113000673000000000U0,SPARTA GIM,NA,713943,Centros de acondicionamiento físico del sector privado,0 a 5 personas,CALLE,GENERAL FRANCISCO SARABIA,CALLE,GLORIETA LOS AHUEHUETES,CALLE,BERNABE BARRERA,CALLE,GENERAL G. SANCHEZ,27,NA,NA,NA,NA,NA,COLONIA,SAN JUAN TLIHUACA,NA,NA,NA,02400,09,Ciudad de México,002,Azcapotzalco,0001,Azcapotzalco,0256,009,NA,SPARTAGIM@GMAIL.COM,NA,Fijo,19.48857703,-99.2018181,2010-07
8254264,09007713943004431100000000U8,SPARTAK GYM,NA,713943,Centros de acondicionamiento físico del sector privado,0 a 5 personas,CALLE,EUCALIPTOS,CALLE,MAGUEY,AVENIDA,MEXICO,CALLE,HENEQUEN,13,MZ215,NA,NA,NA,NA,COLONIA,IZTLAHUACAN,NA,NA,NA,09096,09,Ciudad de México,007,Iztapalapa,0001,Iztapalapa,2795,008,NA,NA,NA,Fijo,19.34488852,-98.99970631,2019-11
8402409,09013713943001531000000000U6,SPARTAN GYM,NA,713943,Centros de acondicionamiento físico del sector privado,0 a 5 personas,CALLE,EMILIANO ZAPATA,CALLE,NUEVA,AVENIDA,CARRETERA XOCHIMILCO-SAN PABLO-TOPILEJO,CALLE,RIO SANTIAGO,6,NA,NA,NA,NA,NA,PUEBLO,SANTIAGO TEPALCATLALPAN,NA,NA,NA,16200,09,Ciudad de México,013,Xochimilco,0001,Xochimilco,0387,002,5522428357,NA,NA,Fijo,19.24914382,-99.11921639,2019-11
10253091,09012713943003141000000000U4,SPARTAN RIPPED GYM,NA,713943,Centros de acondicionamiento físico del sector privado,0 a 5 personas,CALLE,MARIANO MATAMOROS,CALLE,PEDRO DE LA ALQUICIRA,CALLE,EMILIANO ZAPATA,CALLE,FRANCISCO JAVIER MINA,18,D,NA,17,NA,NA,PUEBLO,SANTO TOMÁS AJUSCO,CENTRO Y PLAZA COMERCIAL,SIN NOMBRE,SN,14700,09,Ciudad de México,012,Tlalpan,0026,San Miguel Ajusco,1528,016,NA,NA,NA,Fijo,19.22218282,-99.20411246,2024-11
8782074,09007713943004711000000000U3,SPARTANCROSSFIT,NA,713943,Centros de acondicionamiento físico del sector privado,0 a 5 personas,CALLE,69,CALLE,2,EJE VIAL,8 SUR (CALZADA ERMITA IZTAPALAPA),CALLE,67,13,NA,NA,NA,NA,NA,UNIDAD HABITACIONAL,SANTA CRUZ MEYEHUALCO,NA,NA,NA,09290,09,Ciudad de México,007,Iztapalapa,0001,Iztapalapa,166A,025,5520113838,SPARTANCROSSFIT@HOTMAIL.COM,NA,Fijo,19.3434925,-99.04698099,2019-11
6708039,09014713943001173002000000U5,SPIN CITY,NA,713943,Centros de acondicionamiento físico del sector privado,0 a 5 personas,CALLE,ISABEL LOZANO VIUDA DE BETTY,CALLE,BONAMPAK,AVENIDA,DOCTOR JOSE MARIA VERTIZ,CALLE,BARTOLOME R. SALIDO,146,NA,NA,NA,NA,NA,COLONIA,VÉRTIZ NARVARTE,NA,NA,NA,03600,09,Ciudad de México,014,Benito Juárez,0001,Benito Juárez,0454,007,NA,NA,NA,Fijo,19.38327025,-99.15237383,2016-01
842019,09007713943001431000000000U1,SPINING CLUB MENS AND WOMANS,NA,713943,Centros de acondicionamiento físico del sector privado,0 a 5 personas,AVENIDA,INSURGENTES,CALLE,EMILIANO ZAPATA,AVENIDA,INSURGENTES,CALLE,EMILIANO ZAPATA,3,LT 3,NA,NA,NA,NA,COLONIA,SANTA CRUZ MEYEHUALCO,NA,NA,NA,09700,09,Ciudad de México,007,Iztapalapa,0001,Iztapalapa,1763,023,NA,NA,NA,Fijo,19.33703014,-99.04030662,2010-07
10838332,09005713943005281000000000U0,SPINING SIN NOMBRE,BIBIANA CARRASCO,713943,Centros de acondicionamiento físico del sector privado,0 a 5 personas,CALLE,MAURICIO GOMEZ,OTRO(ESPECIFIQUE),ARROYO,CALLE,PEDRO NOLASCO,PRIVADA,PRIMERA PEDRO NOLASCO,66,NA,NA,1,NA,NA,COLONIA,CUAUTEPEC BARRIO ALTO,EDIFICIO COMERCIAL Y DE SERVICIOS,PLAZA GALERIAS,SN,07100,09,Ciudad de México,005,Gustavo A. Madero,0001,Gustavo A. Madero,0050,058,NA,NA,NA,Fijo,19.55562795,-99.13324355,2024-11
821357,09007713943002001000000000U1,SPINING SPORT LIVE,NA,713943,Centros de acondicionamiento físico del sector privado,0 a 5 personas,CALLE,NICARAGUA,CALLE,NARDOS,CALLE,GENARO VAZQUEZ,CALLE,CERRADA NARDOS,24,NA,NA,NA,NA,NA,COLONIA,SAN MIGUEL TEOTONGO SECCIÓN LA CRUZ,NA,NA,NA,09630,09,Ciudad de México,007,Iztapalapa,0001,Iztapalapa,294A,015,NA,NA,NA,Fijo,19.34259703,-98.99103231,2010-07
11453232,09014713943002041000000000U3,SPININGRAM,NA,713943,Centros de acondicionamiento físico del sector privado,0 a 5 personas,CALLE,JORGE WASHINGTON,CALLE,JOSE ENRIQUE RODO,CALLE,SANTIAGO RAMON Y CAJAL,CALLE,HORACIO NELSON,182,NA,NA,NA,NA,NA,COLONIA,MODERNA,NA,NA,NA,03510,09,Ciudad de México,014,Benito Juárez,0001,Benito Juárez,0172,007,5545389908,SPINNING23@GMAIL.COM,NA,Fijo,19.39239466,-99.13448828,2024-11
831320,09007722517002601010000000U9,SPINNING,NA,713943,Centros de acondicionamiento físico del sector privado,0 a 5 personas,CALLE,VERACRUZ,CALLE,CORDOBA,CALLE,CERRADA SAN LUIS POTOSI,PRIVADA,NINGUNO,NA,SN,NA,1,NA,NA,COLONIA,SAN MIGUEL TEOTONGO SECCIÓN GUADALUPE,MERCADO PUBLICO,GUADALUPE,110,09630,09,Ciudad de México,007,Iztapalapa,0001,Iztapalapa,3153,003,NA,NA,NA,Fijo,19.33960284,-98.98348075,2010-07
9930967,09007713943007761000000000U5,SPINNING,NA,713943,Centros de acondicionamiento físico del sector privado,0 a 5 personas,CALLE,TENOCHTITLAN,CALLE,TIZOC,CALLE,TETEPANQUETZALZIN,AVENIDA,5 DE MAYO,3,NA,NA,NA,NA,NA,COLONIA,AMPLIACIÓN LOS REYES,NA,NA,NA,09840,09,Ciudad de México,007,Iztapalapa,0001,Iztapalapa,3806,006,5560402669,NA,NA,Fijo,19.34290672,-99.10316996,2024-11
8725802,09007713943004131000000000U4,SPINNING,NA,713943,Centros de acondicionamiento físico del sector privado,0 a 5 personas,CALLE,BRETAÑA,CALLE,TARENTO,CALLE,CUARTA CERRADA EMILIO CARRANZA,AVENIDA,EMILIO CARRANZA,75,A,NA,NA,NA,NA,COLONIA,ZACAHUITZCO,NA,NA,NA,09440,09,Ciudad de México,007,Iztapalapa,0001,Iztapalapa,0498,006,NA,NA,NA,Fijo,19.37234595,-99.13409952,2019-11
9883030,09007713943007471000000000U1,SPINNING ELY FIT,ELIZABETH CARDONA,713943,Centros de acondicionamiento físico del sector privado,0 a 5 personas,CALLE,IGNACIO ZARAGOZA,AVENIDA,CIRCUNVALACION,CALLE,FRANCISCO JAVIER MINA,CALLE,FRANCISCO I. MADERO,1882,NA,NA,NA,NA,NA,COLONIA,AMPLIACIÓN SANTA MARÍA AZTAHUACAN,NA,NA,NA,09500,09,Ciudad de México,007,Iztapalapa,0001,Iztapalapa,1706,047,5588052628,NA,NA,Fijo,19.34741973,-99.03150566,2024-11
784192,09006713943000523002000000U8,SPINNING FISSIC CENTER CORUÑA,NA,713943,Centros de acondicionamiento físico del sector privado,6 a 10 personas,AVENIDA,CORUÑA,CALLE,ALBINO GARCIA,CALLE,JUAN JOSE EGUIARA Y EGUREN,VIADUCTO,RIO DE LA PIEDAD,276,C,NA,NA,NA,NA,COLONIA,VIADUCTO PIEDAD,NA,NA,NA,08840,09,Ciudad de México,006,Iztacalco,0001,Iztacalco,0221,013,5574436882,NA,NA,Fijo,19.40126607,-99.13268813,2010-07
10785077,09005713943004431000000000U2,SPINNING INFINITY BIKE,NA,713943,Centros de acondicionamiento físico del sector privado,0 a 5 personas,CALLE,LAZARO DE ALAMO,CALLE,MIGUEL INCLAN,CALLE,CARLOS ORELLANA,CALLE,CARLOS ORELLANA,52,LOTE 498,NA,NA,NA,NA,COLONIA,FORESTAL,NA,NA,NA,07140,09,Ciudad de México,005,Gustavo A. Madero,0001,Gustavo A. Madero,2729,008,NA,NA,NA,Fijo,19.56581637,-99.13271689,2024-11
843210,09007713943002401000000000U3,SPINNING MAGO,NA,713943,Centros de acondicionamiento físico del sector privado,0 a 5 personas,CALLE,GUACEPIL,CALLE,EJERCITO DEL SUR,CALLE,EMILIANO ZAPATA,CALLE,AARON PROAL,1,MANZANA 1,NA,NA,0,MZ2 LT3,MANZANA,ALLAPETLALLI,NA,NA,NA,09960,09,Ciudad de México,007,Iztapalapa,0001,Iztapalapa,440A,020,NA,NA,NA,Fijo,19.28865804,-99.06565484,2010-07
10021078,09007713943007631000000000U0,SPINNING PRINCESS,NA,713943,Centros de acondicionamiento físico del sector privado,0 a 5 personas,CALLE,INOCENCIO ARREOLA,CALLE,MANUEL GANDARA,CALLE,PEDRO ACEVES,CALLE,PEDRO ACEVES,16,BIS,NA,NA,NA,NA,COLONIA,SANTA MARTHA ACATITLA SUR,NA,NA,NA,09510,09,Ciudad de México,007,Iztapalapa,0001,Iztapalapa,0835,010,5564720751,NA,NA,Fijo,19.36334838,-99.02041967,2024-11
8704603,09010713943001981000000000U9,SPINNING TOTAL BODY,CLAUDIA ORDOÑEZ,713943,Centros de acondicionamiento físico del sector privado,0 a 5 personas,CALLE,GUSTAVO DIAZ ORDAZ,CALLE,LEONARDO BRAVO,CALLE,CUAUHTEMOC,CALLE,JALALPA,3,NA,NA,NA,NA,NA,COLONIA,JALALPA TEPITO,NA,NA,NA,01296,09,Ciudad de México,010,Álvaro Obregón,0001,Álvaro Obregón,0440,003,NA,NA,NA,Fijo,19.37809835,-99.23129442,2019-11
7136404,09017713943001131000000000U6,SPINNING TRON,NA,713943,Centros de acondicionamiento físico del sector privado,0 a 5 personas,CALLE,TIZAYUCA,CALLE,TALABARTEROS,CALLE,PLOMEROS,CALLE,MARAVILLAS,4,NA,NA,NA,NA,NA,COLONIA,AMPLIACIÓN MICHOACANA,NA,NA,NA,15250,09,Ciudad de México,017,Venustiano Carranza,0001,Venustiano Carranza,0174,010,NA,NA,NA,Fijo,19.4471586,-99.1123892,2019-11
964248,09014713943000021000000000U7,SPINNING VIP,NA,713943,Centros de acondicionamiento físico del sector privado,0 a 5 personas,CALLE,CUMBRES DE MALTRATA,CALLE,PETEN,CALLE,TAJIN,CALLE,LUZ SAVIÑON,311,NA,NA,1,NA,NA,COLONIA,NARVARTE ORIENTE,EDIFICIO COMERCIAL Y DE SERVICIOS,CUMBRES DE MALTRATA,SN,03020,09,Ciudad de México,014,Benito Juárez,0001,Benito Juárez,0261,009,5518469782,NA,NA,Fijo,19.39326125,-99.15291909,2010-07
11524001,09003713943002563000000000U9,SPOR CITY,SPORT CITY,713943,Centros de acondicionamiento físico del sector privado,11 a 30 personas,CALLE,CERRO DEL HOMBRE,AVENIDA,MIGUEL ANGEL DE QUEVEDO,CALLE,CERRO DOS CONEJOS,AVENIDA,MIGUEL ANGEL DE QUEVEDO,287,NA,NA,1,NA,NA,COLONIA,ROMERO DE TERREROS,CENTRO Y PLAZA COMERCIAL,PLZA CIELO ABIERTO,1,04310,09,Ciudad de México,003,Coyoacán,0001,Coyoacán,0249,001,NA,NA,WWW.SPORTCITY.COM,Fijo,19.34450099,-99.17705939,2024-11
725440,09007713943001951001000000U8,SPORT CENTER,NA,713943,Centros de acondicionamiento físico del sector privado,6 a 10 personas,AVENIDA,TLAHUAC,CALLE,CIRCUITO BAHAMAS,BOULEVARD,CAPRI,AVENIDA,TLAHUAC,4548,NA,NA,NA,NA,NA,COLONIA,LOMAS ESTRELLA,NA,NA,NA,09890,09,Ciudad de México,007,Iztapalapa,0001,Iztapalapa,4965,018,5556329209,NA,NA,Fijo,19.32170123,-99.09256897,2010-07
1024613,09009713943000041000000000U5,SPORT CENTER GYM,NA,713943,Centros de acondicionamiento físico del sector privado,0 a 5 personas,CALLE,ARROYO,AVENIDA,FABIAN FLORES,CALLE,CALLEJON FABIAN FLORES,CALLE,ARROYO,NA,SN,NA,NA,NA,NA,PUEBLO,SAN PABLO OZTOTEPEC,NA,NA,NA,12400,09,Ciudad de México,009,Milpa Alta,0024,San Pablo Oztotepec,0219,013,NA,NA,NA,Fijo,19.18453308,-99.07009206,2010-07
9421123,09012713943002591001004125M1,SPORT CITY,SPORT CITY,713943,Centros de acondicionamiento físico del sector privado,51 a 100 personas,PERIFERICO,BOULEVARD ADOLFO LÓPEZ MATEOS,CALLE,16,PROLONGACION,SAN ANTONIO,CALLE,F C  DE CUERNAVACA,1181,NA,NA,NA,NA,NA,COLONIA,SAN PEDRO DE LOS PINOS,NA,NA,NA,1180,09,Ciudad de México,010,Álvaro Obregón,0001,Álvaro Obregón,0135,024,NA,AMUNOZ@MARTI.COM.MX,WWW.SPORTCITY.COM,Fijo,19.38680691,-99.1904314,2023-11
6318711,09003713941000071013004125S9,SPORT CITY ENTRENNA GRAN SUR,SPORT CITY,713943,Centros de acondicionamiento físico del sector privado,31 a 50 personas,AVENIDA,AVENIDA DEL IMÁN,CALLE,GRAN SUR,OTRO(ESPECIFIQUE),MANZANA O EDIFICACIÓN CONTIGUA,OTRO(ESPECIFIQUE),BARDA,151,NA,NA,NA,NA,NA,COLONIA,PEDREGAL DE CARRASCO,NA,NA,NA,4700,09,Ciudad de México,003,Coyoacán,0001,Coyoacán,1641,036,NA,AMUNOZ@MARTI.COM.MX,WWW.SPORTCITY.COM,Fijo,19.30811464,-99.16403034,2010-07
6309677,09005713941000161010004125S3,SPORT CITY ENTRENNA LINDAVISTA,SPORT CITY,713943,Centros de acondicionamiento físico del sector privado,51 a 100 personas,CALLE,COLECTOR 13,CALLE,LIMA,CALLE,RIOBAMBA,EJE VIAL,4 NORTE (AVENIDA FORTUNA),280,NA,NA,NA,NA,NA,COLONIA,MAGDALENA DE LAS SALINAS,CENTRO Y PLAZA COMERCIAL,PARQUE LINDAVISTA,1,6770,09,Ciudad de México,005,Gustavo A. Madero,0001,Gustavo A. Madero,1256,012,NA,AMUNOZ@MARTI.COM.MX,WWW.SPORTCITY.COM.MX,Fijo,19.48711485,-99.1317381,2010-07
6318712,09003713941000061010004125S0,SPORT CITY FITNESS CLUB COYOACAN,SPORT CITY,713943,Centros de acondicionamiento físico del sector privado,51 a 100 personas,AVENIDA,MIGUEL ÁNGEL DE QUEVEDO,CALLE,CERRO DEL HOMBRE,AVENIDA,UNIVERSIDAD,CERRADA,CERRO XICO,279,NA,NA,NA,NA,NA,COLONIA,ROMERO DE TERREROS,NA,NA,NA,4310,09,Ciudad de México,003,Coyoacán,0001,Coyoacán,0249,001,NA,LUIS.ENRIQUE.PENA@MARTI.COM.MX,WWW.SPORTCITY.COM.MX,Fijo,19.34606518,-99.1773759,2010-07
6316269,09004713941000031011004125S1,SPORT CITY FITNESS CLUB SANTA FE,SPORT CITY,713943,Centros de acondicionamiento físico del sector privado,51 a 100 personas,PROLONGACION,VASCO DE QUIROGA,OTRO(ESPECIFIQUE),CONSTRUCCION,CALLE,MARIO PANI,PROLONGACION,PASEO DE LA REFORMA,3800,NA,NA,NA,NA,NA,COLONIA,SANTA FE CUAJIMALPA,NA,NA,NA,5109,09,Ciudad de México,004,Cuajimalpa de Morelos,0001,Cuajimalpa de Morelos,0369,001,NA,LUIS.ENRIQUE.PENA@MARTI.COM.MX,WWW.SPORTCITY.COM.MX,Fijo,19.36221195,-99.27565412,2010-07
6847477,09014713941000251012004125S4,SPORT CITY INSURGENTES,SPORT CITY,713943,Centros de acondicionamiento físico del sector privado,31 a 50 personas,AVENIDA,INSURGENTES SUR,CALLE,MERCADERES,CALLE,DAMAS,CERRADA,PERPETUA,1605,NA,NA,NA,NA,NA,COLONIA,SAN JOSÉ INSURGENTES,EDIFICIO COMERCIAL Y DE SERVICIOS,TORRE MURAL,8,3900,09,Ciudad de México,014,Benito Juárez,0001,Benito Juárez,0914,003,NA,AMUNOZ@MARTI.COM.MX,WWW.SPORTCITY.COM.MX,Fijo,19.36359079,-99.18239537,2018-03
6848146,09016713941000291011004125S5,SPORT CITY LOMAS PLAZA,SPORT CITY,713943,Centros de acondicionamiento físico del sector privado,31 a 50 personas,BOULEVARD,MANUEL AVILA CAMACHO,AVENIDA,DE LAS PALMAS,PRIVADA,DEL CASTILLO,AVENIDA,FERRROCARRILES DE CUERNAVACA,50,NA,NA,NA,NA,NA,COLONIA,LOMAS DE CHAPULTEPEC III SECCIÓN,EDIFICIO COMERCIAL Y DE SERVICIOS,EUREKA,A,11000,09,Ciudad de México,016,Miguel Hidalgo,0001,Miguel Hidalgo,0849,010,NA,AMUNOZ@MARTI.COM.MX,WWW.SPORTCITY.COM.MX,Fijo,19.42991656,-99.20584525,2018-03
9453332,09010713943002175000004125S7,SPORT CITY LORETO,SPORT CITY,713943,Centros de acondicionamiento físico del sector privado,51 a 100 personas,CALLE,ALTAMIRANO,CALLE,LORETO,CALLE,CAMPAMENTO,EJE VIAL,10 SUR (RÍO MAGDALENA),46,NA,NA,NA,7,NA,COLONIA,LORETO,CENTRO Y PLAZA COMERCIAL,PLAZA LORETO,SN,11090,09,Ciudad de México,010,Álvaro Obregón,0001,Álvaro Obregón,1241,012,NA,AMUNOZ@MARTI.COM.MX,WWW.SPORTCITU.COM,Fijo,19.33984076,-99.19291289,2023-11
6307402,09016713941000255010004125S0,SPORT CITY PLAZA CARSO,SPORT CITY,713943,Centros de acondicionamiento físico del sector privado,31 a 50 personas,CALLE,LAGO ZRICH,CALLE,PRESA DANXHO,BOULEVARD,MIGUEL DE CERVANTES SAAVEDRA,CALLE,PRESA FALCON,245,NA,NA,NA,NA,NA,COLONIA,AMPLIACIÓN GRANADA,CENTRO Y PLAZA COMERCIAL,CARSO,1,11529,09,Ciudad de México,016,Miguel Hidalgo,0001,Miguel Hidalgo,0444,001,NA,AMUNOZ@MARTI.COM.MX,WWW.SPORTCITY.COM.MX,Fijo,19.44195278,-99.20295814,2010-07
6305539,09016713941000011011004125S7,SPORT CITY POLANCO,SPORT CITY,713943,Centros de acondicionamiento físico del sector privado,51 a 100 personas,AVENIDA,MIGUEL DE CERVANTES SAAVEDRA,CALLE,PRESA FALCÓN,CALLE,PRESA LA ANGOSTURA,CALLE,DANXHO,397,NA,NA,NA,NA,NA,COLONIA,IRRIGACIÓN,CENTRO Y PLAZA COMERCIAL,PLAZA CHEDRAUI,1,11500,09,Ciudad de México,016,Miguel Hidalgo,0001,Miguel Hidalgo,0444,007,NA,LUIS.ENRIQUE.PENA@MARTI.COM.MX,WWW.SPORTCITY.COM.MX,Fijo,19.44030899,-99.20620367,2010-07
6781452,09015713943001783022004125S8,SPORT CITY REFORMA,SPORT CITY,713943,Centros de acondicionamiento físico del sector privado,31 a 50 personas,AVENIDA,PASEO DE LA REFORMA,CALLE,RÍO DE LA PLATA,CALLE,RÍO ELBA,CALLE,RÍO ATOYAC,483,NA,NA,NA,NA,NA,COLONIA,CUAUHTÉMOC,EDIFICIO COMERCIAL Y DE SERVICIOS,TORRE REFORMA,1,6500,09,Ciudad de México,015,Cuauhtémoc,0001,Cuauhtémoc,0930,012,NA,AMUNOZ@MARTI.COM.MX,WWW.SPORTCITY.COM.MX,Fijo,19.42448036,-99.17398975,2017-03
8241976,09002713941000171011004125S9,SPORT CITY TECNOPARQUE,SPORT CITY,713943,Centros de acondicionamiento físico del sector privado,31 a 50 personas,AVENIDA,AVENIDA DE LAS GRANJAS,EJE VIAL,PONIENTE 15,EJE VIAL,NORTE 5,AVENIDA,SAN PABLO XALPA,972,NA,NA,NA,NA,NA,COLONIA,SANTA BÁRBARA,CENTRO Y PLAZA COMERCIAL,TECNOPARQUE,SN,2230,09,Ciudad de México,002,Azcapotzalco,0001,Azcapotzalco,0932,016,NA,AMUNOZ@MARTI.COM.MX,WWW.SPORTCITY.COM.MX,Fijo,19.50437651,-99.17682928,2019-11
6848147,09014713941000261011004125S3,SPORT CITY UNIVERSIDAD,SPORT CITY,713943,Centros de acondicionamiento físico del sector privado,51 a 100 personas,AVENIDA,UNIVERSIDAD,CALLE,SAN LORENZO,EJE VIAL,7 SUR (MUNICIPIO LIBRE),CALLE,AVENIDA MÉXICO-COYOACÁN,790,NA,NA,NA,NA,NA,COLONIA,SANTA CRUZ ATOYAC,NA,PLAZA COMERCIAL ZAPATA,NA,3310,09,Ciudad de México,014,Benito Juárez,0001,Benito Juárez,0825,003,NA,LUIS.ENRIQUE.PENA@MARTI.COM.MX,WWW.SPORTCITY.COM.MX,Fijo,19.37087901,-99.16456782,2018-03
907705,09003713943001111000000000U8,SPORT CLUB FITNES GYM,NA,713943,Centros de acondicionamiento físico del sector privado,0 a 5 personas,EJE VIAL,8 SUR CALZADA ERMITA IZTAPALAPA,CALLE,ESCORPIO,EJE VIAL,1 ORIENTE (AVENIDA VIA LACTEA),CALLE,OSA MAYOR,4,NA,NA,1,NA,NA,COLONIA,PRADO CHURUBUSCO,EDIFICIO COMERCIAL Y DE SERVICIOS,SIN NOMBRE,5,04230,09,Ciudad de México,003,Coyoacán,0001,Coyoacán,0094,007,NA,NA,NA,Fijo,19.35834385,-99.12976451,2014-12
845272,09005713943000221002000000U1,SPORT CONNECTION,NA,713943,Centros de acondicionamiento físico del sector privado,11 a 30 personas,CALLE,VILLA QUETZALCOATL,CALLE,VILLA DEL BOSQUE,CALLE,VILLA MOTOLINIA,CALLE,VILLA CUAUHTEMOC,10000,NA,NA,NA,NA,NA,COLONIA,VILLA DE ARAGÓN,NA,NA,NA,07570,09,Ciudad de México,005,Gustavo A. Madero,0001,Gustavo A. Madero,2038,019,NA,CONTACTO@SPORTCONNECTION.COM.MX,WWW.SPORTCONNECTION.COM.MX,Fijo,19.46550952,-99.05820339,2010-07
724653,09007713943002331000000000U2,SPORT DANCE FITNESS,YOLANDA ESPARZA,713943,Centros de acondicionamiento físico del sector privado,0 a 5 personas,AVENIDA,SANTA CRUZ,CALLE,RIO CHURUBUSCO,CALLE,RIO NAZAS,CALLE,RIO PERITAS,NA,SN,NA,NA,NA,NA,COLONIA,PUENTE BLANCO,NA,NA,NA,09770,09,Ciudad de México,007,Iztapalapa,0001,Iztapalapa,1918,027,NA,NA,NA,Fijo,19.32928334,-99.06422934,2014-12
10292639,09017713943001772000000000U7,SPORT FIL,NA,713943,Centros de acondicionamiento físico del sector privado,6 a 10 personas,CALZADA,GENERAL IGNACIO ZARAGOZA,CALLE,C,CALLE,B,AVENIDA,4,313,NA,NA,NA,NA,NA,COLONIA,GENERAL IGNACIO ZARAGOZA,NA,NA,NA,15000,09,Ciudad de México,017,Venustiano Carranza,0001,Venustiano Carranza,1153,006,NA,NA,NA,Fijo,19.42023738,-99.09791056,2024-11
11437452,09005713943004561000000000U6,SPORT FIT,NA,713943,Centros de acondicionamiento físico del sector privado,0 a 5 personas,CALLE,APATZINGAN,CALLE,CALPULALPAN,AVENIDA,DOLORES HIDALGO,CALLE,IXCATEOPAN,98,NA,NA,NA,NA,NA,COLONIA,SAN FELIPE DE JESÚS,NA,NA,NA,07510,09,Ciudad de México,005,Gustavo A. Madero,0001,Gustavo A. Madero,1044,004,NA,NA,NA,Fijo,19.49339644,-99.07703823,2024-11
7748136,09006713943001101000000000U2,SPORT FITNESS,NA,713943,Centros de acondicionamiento físico del sector privado,0 a 5 personas,CALLE,SUR 12,CALLE,ORIENTE 243,CALLE,ORIENTE 241-A,CALLE,SUR 8-D,278,NA,NA,NA,NA,NA,COLONIA,AGRÍCOLA ORIENTAL,NA,NA,NA,08500,09,Ciudad de México,006,Iztacalco,0001,Iztacalco,033A,013,NA,NA,NA,Fijo,19.39715144,-99.07148552,2019-11
11366462,09012713943002841000000000U0,SPORT FITNESS STUDIO,NA,713943,Centros de acondicionamiento físico del sector privado,0 a 5 personas,CALLE,IZAMAL,CALLE,TENOSIQUE,CALLE,HOMUN,CALLE,AKIL,NA,SN,NA,NA,NA,NA,COLONIA,HÉROES DE PADIERNA,NA,NA,NA,14200,09,Ciudad de México,012,Tlalpan,0001,Tlalpan,0642,023,5539339215,NA,NA,Fijo,19.28614332,-99.22258829,2024-11
660792,09005713943000341002000000U7,SPORT GIM,NA,713943,Centros de acondicionamiento físico del sector privado,0 a 5 personas,CALLE,AÑO 1325,CALLE,30 DE JUNIO DE 1520,AVENIDA,ACUEDUCTO DE GUADALUPE,CALLE,AÑO 1779,537,NA,NA,NA,0,L,COLONIA,SANTA MARÍA TICOMÁN,NA,NA,NA,07330,09,Ciudad de México,005,Gustavo A. Madero,0001,Gustavo A. Madero,0563,018,5557521298,NA,NA,Fijo,19.51648814,-99.1280876,2010-07
808939,09006713943000351000000000U4,SPORT GYM,NA,713943,Centros de acondicionamiento físico del sector privado,0 a 5 personas,AVENIDA,NORTE,CALLE,1,CALLE,2,CALLE,2,127,NA,NA,NA,NA,NA,COLONIA,AGRÍCOLA PANTITLAN,NA,NA,NA,08100,09,Ciudad de México,006,Iztacalco,0001,Iztacalco,1179,022,NA,NA,NA,Fijo,19.41086084,-99.06861179,2010-07
785978,09005713943001462001000000U0,SPORT GYM,PLANEACION Y ADNMINISTRACION DE ESPACIOS DEPORTIVOS,713943,Centros de acondicionamiento físico del sector privado,11 a 30 personas,CALZADA,CALZADA DE GUADALUPE,CALLE,SCHUMANN,CALLE,EUZKADI,CALZADA,CALZADA DE GUADALUPE,290,NA,NA,NA,NA,NA,COLONIA,VALLEJO,NA,NA,NA,07870,09,Ciudad de México,005,Gustavo A. Madero,0001,Gustavo A. Madero,1773,006,5557591486,NUEVOSPORT_GYM@HOTMAIL.COM,NA,Fijo,19.46615362,-99.12468967,2010-07
710711,09006713943000721000000000U8,SPORT GYM,NA,713943,Centros de acondicionamiento físico del sector privado,0 a 5 personas,CALLE,SUR 16 A,CALLE,ORIENTE 259,PERIFERICO,CANAL DE SAN JUAN,CALLE,SUR 18-A,16,NA,NA,NA,NA,NA,COLONIA,AGRÍCOLA ORIENTAL,NA,NA,NA,08500,09,Ciudad de México,006,Iztacalco,0001,Iztacalco,0217,015,5632934068,NA,WWW.SPORTGYM.CLUB,Fijo,19.39191554,-99.0599099,2014-12
709798,09006713943000762001000000U2,SPORT LIFE GYM,NA,713943,Centros de acondicionamiento físico del sector privado,0 a 5 personas,OTRO(ESPECIFIQUE),MANZANA O EDIFICACION CONTIGUA,OTRO(ESPECIFIQUE),MANZANA O EDIFICACION CONTIGUA,OTRO(ESPECIFIQUE),MANZANA O EDIFICACION CONTIGUA,OTRO(ESPECIFIQUE),MANZANA O EDIFICACION CONTIGUA,243,NA,NA,NA,NA,NA,COLONIA,AGRÍCOLA ORIENTAL,NA,NA,NA,08500,09,Ciudad de México,006,Iztacalco,0001,Iztacalco,0999,001,5559711546,NA,NA,Fijo,19.38897919,-99.05999175,2014-12
6430342,09016713943000343001000000U0,SPORT MILENIO,CLUB DE EVENTOS Y REPRESENTACIONES MILENIO,713943,Centros de acondicionamiento físico del sector privado,0 a 5 personas,CALLE,GOBERNADOR MELCHOR MUZQUIZ,CALLE,GOBERNADOR IGNACIO ESTEVA,CALLE,GOBERNADOR LUIS G. CURIEL,AVENIDA,CONSTITUYENTES,38,NA,NA,NA,NA,NA,COLONIA,SAN MIGUEL CHAPULTEPEC I SECCIÓN,NA,NA,NA,11850,09,Ciudad de México,016,Miguel Hidalgo,0001,Miguel Hidalgo,1160,019,5528991265,SPORTMILENIO1@HOTMAIL.COM,NA,Fijo,19.41096009,-99.19048782,2010-07
761098,09005713943001962002000000U9,SPORT MOLINA,NA,713943,Centros de acondicionamiento físico del sector privado,6 a 10 personas,CALLE,FRAY SEBASTIAN DE APARICIO,CALLE,FRAY TORIBIO DE BENAVENTE,CALLE,FRAY DIEGO DE ALTAMIRANO,CALLE,VASCO DE QUIROGA,88,NA,NA,NA,NA,NA,COLONIA,VASCO DE QUIROGA,NA,NA,NA,07440,09,Ciudad de México,005,Gustavo A. Madero,0001,Gustavo A. Madero,1171,023,5557372460,NA,NA,Fijo,19.4933312,-99.0928622,2014-12
9464427,09010713941000345010000000U2,SPORT QUIMOC METEPEC,SPORT QUIMOC METEPEC,713943,Centros de acondicionamiento físico del sector privado,51 a 100 personas,AVENIDA,SAN JERONIMO,CALLE,CERRADA CANOA,CALLE,NINGUNO,EJE VIAL,10 SUR (CANOA),369,NA,TORRE,3,1,TA,COLONIA,LA OTRA BANDA,NA,NA,NA,01090,09,Ciudad de México,010,Álvaro Obregón,0001,Álvaro Obregón,1237,021,NA,GESTRADA@EVALUACIONYMANEJO.COM,NA,Fijo,19.33303674,-99.20364254,2023-11
8652621,09006713943001081000000000U6,SPORTCICLE 4.2,NA,713943,Centros de acondicionamiento físico del sector privado,0 a 5 personas,EJE VIAL,5 ORIENTE JAVIER ROJO GOMEZ,AVENIDA,SUR 8,CALLE,SUR 12,CALLE,ORIENTE 237,NA,SN,NA,1,NA,NA,COLONIA,AGRÍCOLA ORIENTAL,PARQUE RECREATIVO,CENTRO SOCIAL POPULAR Y DEPORTIVO LEANDRO VALLE,SN,08500,09,Ciudad de México,006,Iztacalco,0001,Iztacalco,0325,014,NA,NA,NA,Fijo,19.39861778,-99.07248961,2019-11
9912247,09005713943004833000000000U9,SPORTICA GYM,SPORTICA GYM,713943,Centros de acondicionamiento físico del sector privado,11 a 30 personas,CALLE,AVENIDA 605,CALLE,PRIMERA 605,CALLE,602,CALLE,AVENIDA 607,11,NA,NA,NA,NA,NA,COLONIA,SAN JUAN DE ARAGÓN III SECCIÓN,NA,NA,NA,07970,09,Ciudad de México,005,Gustavo A. Madero,0001,Gustavo A. Madero,2428,011,NA,NA,NA,Fijo,19.44786201,-99.06868619,2024-11
678849,09005713943002192001000000U2,SPORTICA GYM & FITNESS CENTER,NA,713943,Centros de acondicionamiento físico del sector privado,0 a 5 personas,EJE VIAL,5 NORTE AVENIDA 412,CALLE,1517,CALLE,1519,AVENIDA,412-A,292,NA,NA,NA,NA,NA,COLONIA,SAN JUAN DE ARAGÓN VI SECCIÓN,NA,NA,NA,07918,09,Ciudad de México,005,Gustavo A. Madero,0001,Gustavo A. Madero,2004,013,NA,NA,WWW.SPORTICA.MX,Fijo,19.46543956,-99.06824616,2014-12
8126720,09017713943001431001000000U0,SPORTICA GYM Y FITNES CENTER,NA,713943,Centros de acondicionamiento físico del sector privado,11 a 30 personas,CALLE,COMUNICACIONES Y OBRAS PUBLICAS,CALLE,CONGRESO,CALLE,TRABAJO Y PREVISION SOCIAL,CALLE,COMUNICACIONES Y OBRAS PUBLICAS,60,NA,NA,NA,NA,NA,COLONIA,FEDERAL,NA,NA,NA,15700,09,Ciudad de México,017,Venustiano Carranza,0001,Venustiano Carranza,1011,013,NA,NA,NA,Fijo,19.42230202,-99.08650662,2019-11
9421050,09012713943002613000003447S3,SPORTIUM COAPA,OPERADORA DE CLUBES SAN ANGEL,713943,Centros de acondicionamiento físico del sector privado,11 a 30 personas,CALLE,CALZADA DE LOS TENORIOS,CALZADA,DEL HUESO,CALZADA,DE LOS TENORIOS,CALLE,ALGODONALES,36,NA,NA,NA,NA,NA,FRACCIONAMIENTO,TENORIOS,NA,NA,NA,14330,09,Ciudad de México,012,Tlalpan,0001,Tlalpan,1918,013,NA,NA,WWW.SPORTIUM.COM.MX,Fijo,19.30204945,-99.12149483,2023-11
9440776,09003713943002313000000000U9,SPORTIUM COYOACAN,SPORTIUM COYOACAN,713943,Centros de acondicionamiento físico del sector privado,11 a 30 personas,CALLE,CLAVEL,CALLE,LOS COLORINES,CALLE,21 DE MARZO,OTRO(ESPECIFIQUE),NA,70,NA,NA,NA,NA,NA,COLONIA,NUEVA DIAZ ORDAZ,NA,NA,NA,04390,09,Ciudad de México,003,Coyoacán,0001,Coyoacán,0677,013,NA,INFO@SPORTIUM.COM.MX,WWW.SPORTIUM.COM.MX,Fijo,19.3276028,-99.14700795,2026-04
6697694,09014713942000023023003447S5,SPORTIUM DEL VALLE,OPERADORA DE CLUBES SAN ANGEL,713943,Centros de acondicionamiento físico del sector privado,11 a 30 personas,AVENIDA,UNIVERSIDAD,CALLE,MIGUEL LAURENT,CALLE,SAN LORENZO,CALLE,HERIBERTO FRÍAS,767,NA,NA,NA,NA,NA,COLONIA,DEL VALLE SUR,CENTRO Y PLAZA COMERCIAL,GARDEN DEL VALLE,SN,3100,09,Ciudad de México,014,Benito Juárez,0001,Benito Juárez,0755,010,NA,NA,WWW.SPORTIUM.COM.MX,Fijo,19.37390949,-99.16291564,2016-01
6317577,09010713943000546002003447S1,SPORTIUM DESIERTO DE LOS LEONES,OPERADORA DE CLUBES SAN ANGEL,713943,Centros de acondicionamiento físico del sector privado,11 a 30 personas,AVENIDA,DESIERTO DE LOS LEONES,CALLE,BALCÓN DEL DIABLO,CALLE,SAN AGUSTÍN,CERRADA,BALCÓN,4855,NA,NA,NA,NA,NA,COLONIA,TETELPAN,NA,NA,NA,1700,09,Ciudad de México,010,Álvaro Obregón,0001,Álvaro Obregón,1843,022,NA,NA,WWW.SPORTIUM.COM.MX,Fijo,19.34276219,-99.22411272,2012-06
9432740,09005713943004277001003447S9,SPORTIUM LINDAVISTA,OPERADORA DE CLUBES SAN ANGEL,713943,Centros de acondicionamiento físico del sector privado,11 a 30 personas,AVENIDA,MIGUEL BERNARD,AVENIDA,MIGUEL BERNARD,AVENIDA,RÍO DE LOS REMEDIOS,OTRO(ESPECIFIQUE),MANZANA O EDIFICACIÓN CONTIGUA (EDIFICACION),1191,NA,NA,NA,NA,NA,COLONIA,LA PURÍSIMA TICOMÁN,CENTRO Y PLAZA COMERCIAL,ATANA LINDAVISTA,SN,7320,09,Ciudad de México,005,Gustavo A. Madero,0001,Gustavo A. Madero,2856,023,NA,NA,WWW.SPORTIUM.COM.MX,Fijo,19.51763,-99.1429995,2023-11
6309070,09010713941000256112003447M1,SPORTIUM SAN ANGEL,OPERADORA DE CLUBES SAN ANGEL,713943,Centros de acondicionamiento físico del sector privado,11 a 30 personas,CALLE,INSURGENTES SUR,CALLE,JOSEFINA PRIOR,CALLE,FRESNO,CALLE,CALLE DEL CARMEN,2140,NA,NA,NA,NA,NA,COLONIA,CHIMALISTAC,NA,NA,NA,1070,09,Ciudad de México,010,Álvaro Obregón,0001,Álvaro Obregón,1203,018,5541964198,ATOVAR@SPORTIUM.COM.MX,WWW.SPORTIUM.COM.MX,Fijo,19.34545708,-99.18804865,2012-06
10232475,09005713943005022000000000U8,SPORTIUM SERVICIOS DE GESTIONES,SPORTIUM SERVICIOS DE GESTIONES,713943,Centros de acondicionamiento físico del sector privado,6 a 10 personas,AVENIDA,FERROCARRIL HIDALGO,AVENIDA,FERROCARRIL HIDALGO,AVENIDA,FERROCARRIL HIDALGO,AVENIDA,FERROCARRIL HIDALGO,0,SN,NA,1,NA,NA,COLONIA,15 DE AGOSTO,CENTRO Y PLAZA COMERCIAL,PATIO MARTIN CARRERA,SN,07070,09,Ciudad de México,005,Gustavo A. Madero,0001,Gustavo A. Madero,1294,027,NA,NA,SPORTIUM.COM.MX,Fijo,19.48304037,-99.10666942,2024-11
707858,09006713943000631000000000U9,SPORTS CENTRE,MANTENIMIENTO FISICO,713943,Centros de acondicionamiento físico del sector privado,0 a 5 personas,CALLE,CENTENO,CALLE,VAINILLA,CALLE,RESINA,CALLE,VAINILLA,823,101,NA,NA,NA,NA,COLONIA,GRANJAS MÉXICO,NA,NA,NA,08400,09,Ciudad de México,006,Iztacalco,0001,Iztacalco,1094,001,5556492700,NA,I.GOFCENTRE,Fijo,19.39936723,-99.0951978,2014-12
9032585,09015713943001883001000000U6,SPORTS INC,SPORTS INC,713943,Centros de acondicionamiento físico del sector privado,6 a 10 personas,CALLE,MAPLE,CALLE,TILOS,CIRCUITO,INTERIOR (PASEO DE LAS JACARANDAS),CALLE,POPLE,81,NA,NA,NA,NA,NA,COLONIA,SANTA MARÍA INSURGENTES,NA,NA,NA,06430,09,Ciudad de México,015,Cuauhtémoc,0001,Cuauhtémoc,0061,008,NA,NA,WWW.SPORTSINC.MX,Fijo,19.46311904,-99.14719696,2019-11
11797632,09013713943002341000000000U9,SPORTS PRINCE CLUB,NA,713943,Centros de acondicionamiento físico del sector privado,0 a 5 personas,CALLE,XOCHITÉPETL,PRIVADA,Xochitépetl,CALLE,Camino Real a Tezozómoc,CERRADA,Tetlalli,50,A,NA,NA,NA,NA,BARRIO,SAN JOSÉ,NA,NA,NA,16610,09,Ciudad de México,013,Xochimilco,0001,Xochimilco,0692,006,NA,NA,NA,Fijo,19.25292422,-99.03356606,2025-04
11419695,09016713943001893000000000U3,SPORTS WORLD,SPORTS WORLD,713943,Centros de acondicionamiento físico del sector privado,11 a 30 personas,AVENIDA,MIGUEL DE CERVANTES SAAVEDRA,CALLE,FERROCARRIL DE CUERNAVACA,PROLONGACION,MOLIERE,AVENIDA,EJERCITO NACIONAL MEXICANO,250,NA,NA,18,NA,NA,COLONIA,GRANADA,EDIFICIO COMERCIAL Y DE SERVICIOS,CORPORATIVO ANTARA I,2,11520,09,Ciudad de México,016,Miguel Hidalgo,0001,Miguel Hidalgo,0444,013,5638109139,JACOBO.RIO@SPORTSWORLD.COM.MX,NA,Fijo,19.44001514,-99.20229316,2024-11
6318666,09014713941000165013003227S6,SPORTS WORLD DEL VALLE,OPERADORA Y ADMINISTRADORA SW,713943,Centros de acondicionamiento físico del sector privado,31 a 50 personas,AVENIDA,INSURGENTES SUR,CALLE,ALGECIRAS,CALLE,ACTIPAN,CALLE,CÁDIZ,1391,NA,NA,18,201,NA,COLONIA,INSURGENTES MIXCOAC,CENTRO Y PLAZA COMERCIAL,CENTRO ARMAND,SN,3920,09,Ciudad de México,014,Benito Juárez,0001,Benito Juárez,0793,021,NA,SERVICIOALCLIENTE@SPORTSWORLD.COM.MX,WWW.SPORTSWORLD.COM.MX,Fijo,19.37104199,-99.18002322,2010-07
10088314,09012713943002911000000000U1,SPORTZUMBA,RICARDO VICTORIA,713943,Centros de acondicionamiento físico del sector privado,0 a 5 personas,CALLE,CHICOASEN,CALLE,ACANCEH,CALLE,TIZIMIN,CALLE,SEYE,NA,SN,NA,NA,NA,NA,COLONIA,LOMAS DE PADIERNA,NA,NA,NA,14200,09,Ciudad de México,012,Tlalpan,0001,Tlalpan,0623,021,5543897678,NA,NA,Fijo,19.28948122,-99.22969504,2024-11
757506,09016713941000081000000000U0,SQUASH,NA,713943,Centros de acondicionamiento físico del sector privado,0 a 5 personas,AVENIDA,MARINA NACIONAL,CALLE,MAR TIRRENO,CALLE,FELIPE CARRILLO PUERTO,CALLE,FELIPE CARRILLO PUERTO,82,NA,NA,NA,NA,NA,COLONIA,ANÁHUAC I SECCIÓN,NA,NA,NA,11320,09,Ciudad de México,016,Miguel Hidalgo,0001,Miguel Hidalgo,0177,023,NA,MARAIEZMEDELLIZBETH@GMAIL.COM,NA,Fijo,19.45104104,-99.18441852,2010-07
698131,09017713943000951000000000U8,SQUASH,NA,713943,Centros de acondicionamiento físico del sector privado,0 a 5 personas,AVENIDA,4,CALLE,83,CALLE,81,CALZADA,GENERAL IGNACIO ZARAGOZA,482,NA,NA,NA,NA,NA,COLONIA,PUEBLA,NA,NA,NA,15020,09,Ciudad de México,017,Venustiano Carranza,0001,Venustiano Carranza,1308,009,5557569179,ASOCIACIONSQUASHDF70@HOTMAIL.COM,NA,Fijo,19.40857312,-99.0794595,2014-12
785007,09006713941000011010000000U8,SQUASH CARMELITA,NA,713943,Centros de acondicionamiento físico del sector privado,0 a 5 personas,CALZADA,SANTA ANITA,CALLE,SUR 77,CALZADA,CALZADA DE LA VIGA,CALLE,ALVARO OBREGON,330,NA,NA,NA,NA,NA,COLONIA,NUEVA SANTA ANITA,NA,NA,NA,08210,09,Ciudad de México,006,Iztacalco,0001,Iztacalco,0240,009,NA,NA,NA,Fijo,19.39874017,-99.12566559,2010-07
877125,09015713941000021001000000U8,SQUASH CIPRES,NA,713943,Centros de acondicionamiento físico del sector privado,6 a 10 personas,CALLE,SANTA MARIA LA RIBERA,CALLE,SOR JUANA INES DE LA CRUZ,EJE VIAL,1 NORTE (JOSE ANTONIO ALZATE),CALLE,JAIME TORRES BODET,80,C,NA,NA,NA,NA,COLONIA,SANTA MARÍA LA RIBERA,NA,NA,NA,06400,09,Ciudad de México,015,Cuauhtémoc,0001,Cuauhtémoc,0485,021,NA,NA,NA,Fijo,19.44532735,-99.15770229,2010-07
741639,09005713943001362000000000U2,SQUASH CUAUHTEMOC,NA,713943,Centros de acondicionamiento físico del sector privado,0 a 5 personas,CALLE,CATAMARCA,CALLE,PARANAGUA,CALLE,SAN JUAN DE PUERTO RICO,CALZADA,TICOMAN,156,NA,NA,NA,NA,NA,COLONIA,RESIDENCIAL ZACATENCO,NA,NA,NA,06379,09,Ciudad de México,005,Gustavo A. Madero,0001,Gustavo A. Madero,0633,019,NA,NA,NA,Fijo,19.5037221,-99.1273532,2010-07
956662,09014531115000042011000000U8,SQUASH DELTA,NA,713943,Centros de acondicionamiento físico del sector privado,0 a 5 personas,CALLE,PITAGORAS,CALZADA,OBRERO MUNDIAL,VIADUCTO,PRESIDENTE MIGUEL ALEMAN,CALLE,PESTALOZZI,35,NA,NA,NA,NA,NA,COLONIA,PIEDAD NARVARTE,NA,NA,NA,03000,09,Ciudad de México,014,Benito Juárez,0001,Benito Juárez,0011,006,5556390807,SQUASH_DELTA@HOTMAIL.COM,WWW.CLUBSQUASHDELTA.COM,Fijo,19.40221131,-99.15718872,2010-07
788225,09005713941000121000000000U7,SQUASH ESTRELLA,NA,713943,Centros de acondicionamiento físico del sector privado,0 a 5 personas,CALLE,TESORO,CALLE,JADE,CALLE,GRANATE,AVENIDA,LA VICTORIA,77,A,NA,NA,NA,NA,COLONIA,ESTRELLA,NA,NA,NA,07810,09,Ciudad de México,005,Gustavo A. Madero,0001,Gustavo A. Madero,1792,016,5555175822,SQUASHESTRELLA@HOTMAIL.COM,WWW.SQUASHESTRELLA.COM,Fijo,19.47363399,-99.1175745,2010-07
767071,09005713941000071000000000U4,SQUASH FRONTON HERNANDEZ,MIGUEL HERNANDEZ,713943,Centros de acondicionamiento físico del sector privado,0 a 5 personas,CALLE,321,CALLE,312,CALLE,314,CALLE,323,623,NA,NA,NA,NA,NA,COLONIA,NUEVA ATZACOALCO,NA,NA,NA,07420,09,Ciudad de México,005,Gustavo A. Madero,0001,Gustavo A. Madero,0845,012,5557159660,NA,NA,Fijo,19.49903168,-99.08395239,2010-07
720219,09007713943004011000000000U8,SQUASH GARZA,NA,713943,Centros de acondicionamiento físico del sector privado,0 a 5 personas,AVENIDA,CANAL DE TEZONTLE,AVENIDA,GUERRA DE REFORMA,CALLE,4 DE DICIEMBRE DE 1860,CALLE,BATALLA DE CALPULALPAN,134,NA,NA,NA,NA,NA,COLONIA,LEYES DE REFORMA TERCERA SECCIÓN,NA,NA,NA,09310,09,Ciudad de México,007,Iztapalapa,0001,Iztapalapa,4908,007,NA,NA,NA,Fijo,19.38369272,-99.06834646,2014-12
841222,09007467111013661010000000U1,SQUASH GENESIS,NA,713943,Centros de acondicionamiento físico del sector privado,0 a 5 personas,CALLE,RIO NILO,CALLE,RIO USUMACINTA,CALLE,RIO CANDELARIA,CALLE,CASAS GRANDES,13,MANZANA 53,NA,NA,NA,NA,COLONIA,VALLE DE SAN LORENZO,NA,NA,NA,09970,09,Ciudad de México,007,Iztapalapa,0001,Iztapalapa,3505,017,NA,NA,NA,Fijo,19.3012718,-99.07948851,2010-07
7905019,09007713943004571000000000U1,SQUASH GERARDS,NA,713943,Centros de acondicionamiento físico del sector privado,0 a 5 personas,CALLE,SUR 25,CALLE,4,CALLE,2,CALLE,SUR 23,67,NA,NA,NA,NA,NA,COLONIA,LEYES DE REFORMA PRIMERA SECCIÓN,NA,NA,NA,09310,09,Ciudad de México,007,Iztapalapa,0001,Iztapalapa,1000,004,NA,NA,WWW.RSCSPORTSCARS.COM,Fijo,19.35689813,-99.07011092,2019-11
790452,09006713943000131001000000U0,SQUASH INN CLUB,MENDEZ SQUASH INN CLUB,713943,Centros de acondicionamiento físico del sector privado,0 a 5 personas,CALLE,PLAYA REGATAS,AVENIDA,PROLONGACION PLAYA ERIZO,CALLE,PLAYA ROQUETA,EJE VIAL,1 ORIENTE (AVENIDA ANDRES MOLINA ENRIQUEZ),353,NA,NA,NA,NA,NA,COLONIA,REFORMA IZTACCIHUATL NORTE,NA,NA,NA,08810,09,Ciudad de México,006,Iztacalco,0001,Iztacalco,0880,001,NA,NA,NA,Fijo,19.38524899,-99.12895456,2010-07
8596451,09016713943001233000000000U2,SQUASH METROPOLITANO SA,DANIEL HERNANDEZ,713943,Centros de acondicionamiento físico del sector privado,11 a 30 personas,CALLE,LAGUNA DE TERMINOS,CALLE,LAGO XOCHIMILCO,CALLE,LAGO MURITZ,CALLE,LAGUNA DE MAYRAN,341,NA,NA,NA,NA,NA,COLONIA,ANÁHUAC I SECCIÓN,NA,NA,NA,11320,09,Ciudad de México,016,Miguel Hidalgo,0001,Miguel Hidalgo,0482,002,NA,NA,NA,Fijo,19.44299352,-99.17926626,2019-11
945603,09011713943000901000000000U6,SQUASH RASPE,NA,713943,Centros de acondicionamiento físico del sector privado,0 a 5 personas,CALLE,LAS BODAS DE FIGARO,CALLE,ELIAS SALOMONIS,CALLE,JOSE TARTINI,CALLE,LAKME,9,MANZANA 134 LT 9,NA,NA,NA,NA,COLONIA,MIGUEL HIDALGO,NA,NA,NA,13200,09,Ciudad de México,011,Tláhuac,0001,Tláhuac,0217,006,5534816382,NA,NA,Fijo,19.28749319,-99.0436038,2014-12
994184,09013713941000011000000000U4,SQUASH SAN PEDRO,NA,713943,Centros de acondicionamiento físico del sector privado,0 a 5 personas,CALLE,JUSTO SIERRA,CALLE,MARGARITAS,CALLE,GLADIOLAS,CALLE,CUITLAHUAC,95,NA,NA,NA,NA,NA,BARRIO,SAN PEDRO,NA,NA,NA,16090,09,Ciudad de México,013,Xochimilco,0001,Xochimilco,0230,015,NA,NA,NA,Fijo,19.25894746,-99.10803676,2010-07
884253,09011713941000051000000000U4,SQUASH WILDCAT,NA,713943,Centros de acondicionamiento físico del sector privado,0 a 5 personas,CALLE,NORTE DEL COMERCIO,CALLE,LA BARRANCA,CERRADA,MONTE,CALLE,LA BARRANCA,417,NA,NA,NA,NA,NA,BARRIO,SAN AGUSTIN,NA,NA,NA,13508,09,Ciudad de México,011,Tláhuac,0001,Tláhuac,0984,005,NA,NA,NA,Fijo,19.24648417,-99.00234907,2010-07
995831,09013713941000101000000000U3,SQUASH XALTOCAN,NA,713943,Centros de acondicionamiento físico del sector privado,0 a 5 personas,CALLE,CAMINO A NATIVITAS,PRIVADA,PRIMERA FRANCISCO GOYTIA,CALLE,LIRIO ACUATICO,CALLE,GARDENIA,393,NA,NA,NA,NA,NA,BARRIO,XALTOCAN,NA,NA,NA,16090,09,Ciudad de México,013,Xochimilco,0001,Xochimilco,0334,011,NA,NA,NA,Fijo,19.25228709,-99.10080875,2010-07
9120754,09007713943006261100000000U7,STAR CARDIO ELI,NA,713943,Centros de acondicionamiento físico del sector privado,0 a 5 personas,AVENIDA,DE LAS FLORES,CALLE,JAMAICA,CALLE,LIRIO,CALLE,ALAMOS,NA,SN,NA,NA,NA,NA,COLONIA,CAMPESTRE POTRERO,NA,NA,NA,09637,09,Ciudad de México,007,Iztapalapa,0001,Iztapalapa,426A,005,5554626645,NA,NA,Fijo,19.33066925,-98.97728211,2019-11
668035,09005713943001862002000000U1,STAR FUTBOL,NA,713943,Centros de acondicionamiento físico del sector privado,6 a 10 personas,CALLE,PONIENTE 146,CALLE,NORTE 31-A,CALLE,NORTE 35,EJE VIAL,5 NORTE (MONTEVIDEO),NA,SN,NA,NA,NA,NA,COLONIA,NUEVA VALLEJO,NA,NA,NA,07750,09,Ciudad de México,005,Gustavo A. Madero,0001,Gustavo A. Madero,0883,004,5563596559,VALLEJO@STARFUTBOL.COM.MX,WWW.STARFUTBOL.COM.MX,Fijo,19.49798276,-99.15167144,2010-07
840878,09007713943001251000000000U3,STAR GYM,NA,713943,Centros de acondicionamiento físico del sector privado,0 a 5 personas,AVENIDA,INSURGENTES,CALLE,GUADALUPE VICTORIA,PRIVADA,INSURGENTES (SANTA CRUZ),CERRADA,SEGUNDA HIDALGO,49,MZ 68 LT 49,NA,NA,NA,NA,COLONIA,SANTA CRUZ MEYEHUALCO,NA,NA,NA,09700,09,Ciudad de México,007,Iztapalapa,0001,Iztapalapa,1759,020,NA,NA,NA,Fijo,19.33741324,-99.04340735,2010-07
805239,09005713943000101000000000U5,STAR GYM,NA,713943,Centros de acondicionamiento físico del sector privado,0 a 5 personas,AVENIDA,503,CALLE,AVENIDA 511,CALLE,AVENIDA 513,CALLE,PRIMERA 511,79,NA,NA,NA,NA,NA,COLONIA,SAN JUAN DE ARAGÓN I SECCIÓN,NA,NA,NA,07969,09,Ciudad de México,005,Gustavo A. Madero,0001,Gustavo A. Madero,2235,013,NA,LUDUSFITNESLUTRITION@GMAIL.COM,NA,Fijo,19.45411162,-99.09554252,2010-07
838419,09007713943003751000000000U0,START LIGHT,NA,713943,Centros de acondicionamiento físico del sector privado,0 a 5 personas,CALLE,BALTAZAR ECHAVE RIOJA,CALLE,CANDELABRO,CALLE,LA MORA,CALLE,FRANCISCO X. SALAZAR,5,NA,NA,NA,0,A,BARRIO,GUADALUPE,NA,NA,NA,09900,09,Ciudad de México,007,Iztapalapa,0001,Iztapalapa,209A,024,5539395837,NA,NA,Fijo,19.31116983,-99.07215453,2014-12
11169210,09010713943002651000000000U7,STEEL FYT MEXICO,NA,713943,Centros de acondicionamiento físico del sector privado,0 a 5 personas,RETORNO,NINGUNO,AVENIDA,CENTRAL,CALLE,4,CALLE,FERROCARRIL DE CUERNAVACA,51,NA,NA,NA,NA,NA,COLONIA,SAN PEDRO DE LOS PINOS,NA,NA,NA,01180,09,Ciudad de México,010,Álvaro Obregón,0001,Álvaro Obregón,0135,006,NA,NA,NA,Fijo,19.3912354,-99.19182731,2024-11
9521166,09016713943001691000000000U1,STRESS FREE ZONE VISOSTUDIO,NA,713943,Centros de acondicionamiento físico del sector privado,0 a 5 personas,CALLE,AGRICULTURA,CALLE,JOSE MARTI,CALLE,AVENIDA PROGRESO,CALLE,MINERIA,49,NA,NA,NA,NA,NA,COLONIA,ESCANDÓN II SECCIÓN,NA,NA,NA,11800,09,Ciudad de México,016,Miguel Hidalgo,0001,Miguel Hidalgo,118A,009,NA,ARANTZA.PEREZ0205@GMAIL.COM,NA,Fijo,19.40294293,-99.17693354,2024-11
8528443,09010713943001353001000000U1,STRONG & HEALTHY FUNCIONAL GYM BOUTIQUE,NA,713943,Centros de acondicionamiento físico del sector privado,6 a 10 personas,CERRADA,TOLTECAS,CALLE,NINGUNO,CALLE,TOLTECAS,PROLONGACION,SAN ANTONIO,166,NA,NA,1,NA,NA,COLONIA,CAROLA,CENTRO Y PLAZA COMERCIAL,PLAZA PARQUE SAN ANTONIO,SA 02,01180,09,Ciudad de México,010,Álvaro Obregón,0001,Álvaro Obregón,0135,010,NA,NA,NA,Fijo,19.38700992,-99.19331804,2019-11
11200417,09005713943005172000000000U1,STUDIO ANGY,NA,713943,Centros de acondicionamiento físico del sector privado,6 a 10 personas,CALLE,MIGUEL LERDO DE TEJADA,CALLE,J. S. GARRIDO,CERRADA,MIGUEL LERDO DE TEJADA,CALLE,PRIVADA J. S. GARRIDO,25,MZ 1,NA,NA,NA,NA,COLONIA,EL TEPETATAL,NA,NA,NA,07130,09,Ciudad de México,005,Gustavo A. Madero,0001,Gustavo A. Madero,3252,026,NA,NA,NA,Fijo,19.56191485,-99.1365537,2024-11
10386978,09007713943007611000000000U2,STUDIO DAMOR,DIANA GARCIA,713943,Centros de acondicionamiento físico del sector privado,0 a 5 personas,AVENIDA,DE LAS MINAS,CALLE,CONSEJO URBANO,PRIVADA,MINA DE SEVILLA,CALLE,BUENA VISTA,NA,SN,NA,NA,NA,NA,COLONIA,TENORIOS,NA,NA,NA,09680,09,Ciudad de México,007,Iztapalapa,0001,Iztapalapa,5075,018,5542752081,NA,NA,Fijo,19.32827964,-99.02463808,2024-11
10039483,09005713943005221000000000U6,STUDIO DANCE,NA,713943,Centros de acondicionamiento físico del sector privado,0 a 5 personas,CALLE,JOSE MARIA MATA,CALLE,MATEO ECHAIZ,CALLE,ATZACOALCO,CALLE,ESPIRIDION MORENO,19,NA,NA,NA,NA,NA,COLONIA,CONSTITUCIÓN DE LA REPÚBLICA,NA,NA,NA,07469,09,Ciudad de México,005,Gustavo A. Madero,0001,Gustavo A. Madero,1472,009,NA,NA,NA,Fijo,19.48372762,-99.10202484,2024-11
10848455,09005713943004741000000000U4,STUDIO DE YOGA BALANCE,NA,713943,Centros de acondicionamiento físico del sector privado,0 a 5 personas,CALLE,LIMA,CALLE,SIERRAVISTA,CALLE,LINDAVISTA,CALLE,CHICLAYO,880,A,NA,NA,3,NA,COLONIA,LINDAVISTA NORTE,NA,NA,NA,07300,09,Ciudad de México,005,Gustavo A. Madero,0001,Gustavo A. Madero,0737,004,5562219519,YOGA_BALANCE_LINDAVISTA@GMAIL.COM,NA,Fijo,19.49439674,-99.12595445,2024-11
667847,09002713943000241000000000U6,STUDIO FITNESS GYM,NA,713943,Centros de acondicionamiento físico del sector privado,0 a 5 personas,AVENIDA,AZCAPOTZALCO,CALLE,AQUILES ELORDUY,CERRADA,CALLEJON JOSE MARIA PINO SUAREZ,AVENIDA,CENTENARIO,478,NA,NA,NA,NA,NA,COLONIA,NEXTENGO,NA,NA,NA,02070,09,Ciudad de México,002,Azcapotzalco,0001,Azcapotzalco,0472,003,NA,NA,NA,Fijo,19.47594773,-99.18720566,2010-07
10027378,09014713943002321000000000U9,STUDIO FLOW PILATES,STUDIO FLOW PILATES,713943,Centros de acondicionamiento físico del sector privado,0 a 5 personas,CALLE,NEBRASKA,CALLE,LUISIANA,CALLE,ALABAMA,CALLE,IDAHO,74,B,NA,NA,NA,NA,COLONIA,NÁPOLES,NA,NA,NA,03810,09,Ciudad de México,014,Benito Juárez,0001,Benito Juárez,0384,010,5520069550,STUDIOFLOWPILATESMX@GMAIL.COM,FLOWPILATES-STUDIOREFORMER.COM,Fijo,19.39190198,-99.1756646,2024-11
11658602,09005713943005301000000000U6,STUDIO PILATES LINDAVISTA,NA,713943,Centros de acondicionamiento físico del sector privado,0 a 5 personas,CALLE,RIOBAMBA,CALLE,BUENAVISTA,EJE VIAL,5 NORTE (MONTEVIDEO),CALLE,PERNAMBUCO,737,NA,NA,17,NA,NA,COLONIA,LINDAVISTA SUR,CENTRO Y PLAZA COMERCIAL,PLACITA RIOBAMBA,3,07300,09,Ciudad de México,005,Gustavo A. Madero,0001,Gustavo A. Madero,0968,013,5525067860,NA,NA,Fijo,19.48958722,-99.12789372,2024-11
11794308,09014713943002451000000000U4,STUDIO PILATES TRANSFORMER,NA,713943,Centros de acondicionamiento físico del sector privado,0 a 5 personas,AVENIDA,UNIVERSIDAD,CALLE,Tajín,CALLE,Concepción Beistegui,CALLE,Ninguno,352,NA,NA,NA,NA,NA,COLONIA,NARVARTE ORIENTE,NA,NA,NA,03023,09,Ciudad de México,014,Benito Juárez,0001,Benito Juárez,0435,018,5559043363,NA,NA,Fijo,19.38709474,-99.15411737,2025-04
669077,09005713943002391000000000U0,STUDIO SANDY,NA,713943,Centros de acondicionamiento físico del sector privado,0 a 5 personas,CALLE,SAN MIGUEL,CERRADA,DUODECIMA SAN MIGUEL,CALLE,MIGUEL INCLAN,CALLE,MIGUEL INCLAN,3,MZ 52 LOTE 3,NA,NA,NA,NA,COLONIA,LOMAS DE CUAUTEPEC,NA,NA,NA,07110,09,Ciudad de México,005,Gustavo A. Madero,0001,Gustavo A. Madero,2729,022,5523042833,NA,NA,Fijo,19.5679221,-99.13295861,2014-12
832710,09007713943001732000000000U2,SUPER GYM,NA,713943,Centros de acondicionamiento físico del sector privado,0 a 5 personas,AVENIDA,JOSE LOPEZ PORTILLO,CALLE,MARTIRES DE TLATELOLCO,CALLE,GIGANTE,CALLE,TACUBAYA,10,NA,NA,NA,NA,NA,COLONIA,CONSEJO AGRARISTA MEXICANO,NA,NA,NA,09760,09,Ciudad de México,007,Iztapalapa,0001,Iztapalapa,5060,002,5566173941,NA,NA,Fijo,19.32628021,-99.05429954,2010-07
10362990,09002713943001401000000000U5,SUPREME CROSS FITNESS CENTER,SUPREME CFC S,713943,Centros de acondicionamiento físico del sector privado,0 a 5 personas,AVENIDA,CUITLAHUAC,CALLE,PONIENTE 44,CALLE,ITACA,CALLE,NORTE 81,2314,NA,NA,NA,NA,NA,COLONIA,CLAVERÍA,NA,NA,NA,02080,09,Ciudad de México,002,Azcapotzalco,0001,Azcapotzalco,0805,017,5524928446,NA,NA,Fijo,19.4598607,-99.17844658,2024-11
6318665,09010713941000185010003227M2,SWADM SPORTS WORLD CORPORATIVO,OPERADORA Y ADMINISTRADORA SW,713943,Centros de acondicionamiento físico del sector privado,101 a 250 personas,PROLONGACION,VASCO DE QUIROGA,CALLE,MARIO PANI,CALLE,NINGUNO,AUTOPISTA,MÉXICO-TOLUCA,3880,NA,EDIFICIO VQ,18,NA,NA,COLONIA,SANTA FE CUAJIMALPA,EDIFICIO COMERCIAL Y DE SERVICIOS,SIN NOMBRE,SN,01219,09,Ciudad de México,004,Cuajimalpa de Morelos,0001,Cuajimalpa de Morelos,0369,001,NA,VERONICA.CHINAS@SPORTSWORLD.COM.MX,WWW.SPORTSWORLD.COM.MX,Fijo,19.36165628,-99.2776807,2010-07
6322942,09010713941000151011003227S4,SWALT SPORTS WORLD ALTAVISTA,OPERADORA Y ADMINISTRADORA SW,713943,Centros de acondicionamiento físico del sector privado,31 a 50 personas,AVENIDA,SANTA CATARINA,CALLE,HERMENEGILDO GALEANA,CALLE,CERRADA DE LA CERCA,CALLE,MARISCAL,380,NA,NA,NA,NA,NA,COLONIA,ALTAVISTA,NA,NA,NA,1060,09,Ciudad de México,010,Álvaro Obregón,0001,Álvaro Obregón,110A,009,NA,SERVICIOACLIENTE@SPORTSWORLD.COM.MX,WWW.SPORTSWORLD.COM.MX,Fijo,19.34717604,-99.20166752,2012-06
6322947,09014713941000204012003227S3,SWAMO SPORTS WORLD AMORES,OPERADORA Y ADMINISTRADORA SW,713943,Centros de acondicionamiento físico del sector privado,31 a 50 personas,AVENIDA,COYOACAN,EJE VIAL,8 SUR (JOSÉ MARÍA RICO),CALLE,RODRÍGUEZ SARO,CALLE,AMORES,1622,NA,CAMPUS CORPORATIVO COYOACAN,1,NA,PB,COLONIA,DEL VALLE SUR,NA,NA,NA,03100,09,Ciudad de México,014,Benito Juárez,0001,Benito Juárez,0810,010,NA,SERVICIOALCLIENTE@SPORTSWORLD.COM.MX,WWW.SPORTSWORLD.COM.MX,Fijo,19.36555288,-99.17242191,2014-12
6322951,09016713941000234010003227S5,SWANT SPORTS WORLD ANTARA,OPERADORA Y ADMINISTRADORA SW,713943,Centros de acondicionamiento físico del sector privado,31 a 50 personas,AVENIDA,EJÉRCITO NACIONAL MEXICANO,PROLONGACION,MOLIERE,CALLE,FERROCARRIL DE CUERNAVACA,AVENIDA,MIGUEL DE CERVANTES SAAVEDRA,843,B,NA,NA,2,NA,COLONIA,GRANADA,CENTRO Y PLAZA COMERCIAL,PLAZA ANTARA,SN,11520,09,Ciudad de México,016,Miguel Hidalgo,0001,Miguel Hidalgo,0444,013,NA,SERVICIOALCLIENTE@SPORTSWORLD.COM,WWW.SPORTSWORLD.COM.MX,Fijo,19.43859716,-99.20309352,2010-07
6322949,09016713941000194012003227S1,SWANZ SPORTS WORLD ANZURES,OPERADORA Y ADMINISTRADORA SW,713943,Centros de acondicionamiento físico del sector privado,31 a 50 personas,CALLE,LEIBNITZ,CALLE,EMMANUEL KANT,CALLE,DARWIN,CALLE,SHAKESPEARE,117,NA,NA,1,NA,NA,COLONIA,ANZURES,EDIFICIO COMERCIAL Y DE SERVICIOS,PWC,SN,11590,09,Ciudad de México,016,Miguel Hidalgo,0001,Miguel Hidalgo,0711,030,NA,SERVICIOALCLIENTE@SPORTSWORLD.COM.MX,WWW.SPORTSWORLD.COM.MX,Fijo,19.42930452,-99.17838916,2014-12
6846348,09010713941000293011003227S4,SWBAR SPORTS WORLD BARRANCA,OPERADORA Y ADMINISTRADORA SW,713943,Centros de acondicionamiento físico del sector privado,51 a 100 personas,AVENIDA,REVOLUCION,CALLE,ALFONSO CASO,CALLE,CÓNDOR,PERIFERICO,BOULEVARD ADOLFO LÓPEZ MATEOS,0,NA,NA,NA,NA,NA,COLONIA,LOS ALPES,CENTRO Y PLAZA COMERCIAL,PORTAL SAN ANGEL,-,01010,09,Ciudad de México,010,Álvaro Obregón,0001,Álvaro Obregón,0987,016,NA,SERVICIOALCLIENTE@SPORTSWORLD.COM.MX,WWW.SPORTSWORLD.COM.MX,Fijo,19.36111116,-99.18953374,2018-03
9393668,09004713943000783000003227S3,SWBOS SPORTS WORLD PABELLON BOSQUES,OPERADORA Y ADMINISTRADORA SW,713943,Centros de acondicionamiento físico del sector privado,11 a 30 personas,AVENIDA,LOMA DEL RECUERDO,CALLE,LOMA DEL RECUERDO,PRIVADA,PASEO DE LAS BUGAMBILIAS,CALLE,LOMA DE VISTA HERMOSA,1813,NA,NA,NA,NA,NA,COLONIA,LOMAS DE VISTA HERMOSA,CENTRO Y PLAZA COMERCIAL,PABELLON BOSQUES,SN,5100,09,Ciudad de México,004,Cuajimalpa de Morelos,0001,Cuajimalpa de Morelos,0176,003,NA,SERVICIOALCLIENTE@SPORTSWORLD.COM,WWW.SPORTSWORLD.COM.MX,Fijo,19.38251851,-99.26741,2023-11
6322940,09015713941000111012003227S7,SWCON SPORTS WORLD CONDESA,OPERADORA Y ADMINISTRADORA SW,713943,Centros de acondicionamiento físico del sector privado,31 a 50 personas,AVENIDA,SONORA,AVENIDA,AMSTERDAM,AVENIDA,MÉXICO,CALLE,CELAYA,180,C,NA,NA,NA,NA,COLONIA,HIPÓDROMO,NA,NA,NA,06100,09,Ciudad de México,015,Cuauhtémoc,0001,Cuauhtémoc,120A,004,NA,SERVICIOALCLIENTE@SPORTSWORLD.COM.MX,WWW.SPORTSWORLD.COM.MX,Fijo,19.41314235,-99.16759296,2012-06
6716780,09014713941000221011003227S7,SWFEL SPORTS WORLD FELIX CUEVAS,OPERADORA Y ADMINISTRADORA SW,713943,Centros de acondicionamiento físico del sector privado,51 a 100 personas,EJE VIAL,7 SUR FELIX CUEVAS,CERRADA,JOSÉ IGNACIO BARTOLACHE,CALLE,ADOLFO PRIETO,CALLE,SAN LORENZO,374,NA,NA,NA,NA,NA,COLONIA,TLACOQUEMECATL,CENTRO Y PLAZA COMERCIAL,CITY SHOPS DEL VALLE,SN,03400,09,Ciudad de México,014,Benito Juárez,0001,Benito Juárez,0736,004,NA,SERVICIOALCLIENTE@SPORTSWORLD.COM,WWW.SPORTSWORLD.COM.MX,Fijo,19.37261495,-99.17326799,2016-01
6322944,09008713941000114010003227S6,SWJER SPORTS WORLD SAN JERONIMO,OPERADORA Y ADMINISTRADORA SW,713943,Centros de acondicionamiento físico del sector privado,31 a 50 personas,BOULEVARD,ADOLFO RUÍZ CORTINES,AVENIDA,LUIS CABRERA,CERRADA,REDENCIÓN INDÍGENA,AVENIDA,MÉXICO-CONTRERAS,3307,NA,NA,NA,NA,NA,COLONIA,SAN JERÓNIMO LÍDICE,NA,NA,NA,10200,09,Ciudad de México,008,La Magdalena Contreras,0001,La Magdalena Contreras,0086,010,NA,SERVICIOALCLIENTE@SPORTSWORLD.COM,WWW.SPORTSWORLD.COM.MX,Fijo,19.32315443,-99.21790872,2014-12
8611728,09005713941000284001003227S3,SWLIN SPORTS WORLD LINDAVISTA,OPERADORA Y ADMINISTRADORA SW,713943,Centros de acondicionamiento físico del sector privado,51 a 100 personas,EJE VIAL,4 NORTE AVENIDA FORTUNA,CALLE,RIOBAMBA,AVENIDA,INSTITUTO POLITÉCNICO NACIONAL,CALLE,LICENCIADO JOSÉ URBANO FONSECA,334,NA,NA,NA,NA,NA,COLONIA,MAGDALENA DE LAS SALINAS,CENTRO Y PLAZA COMERCIAL,ENCUENTRO FORTUNA,SN,7760,09,Ciudad de México,005,Gustavo A. Madero,0001,Gustavo A. Madero,1256,010,NA,SERVICIOALCLIENTE@SPORTSWORLD.COM,WWW.SPOPRTSWORLD.COM.MX,Fijo,19.48456142,-99.13355899,2019-11
6847207,09014713941000243011003227S1,SWMAN SPORTS WORLD MANACAR,OPERADORA Y ADMINISTRADORA SW,713943,Centros de acondicionamiento físico del sector privado,51 a 100 personas,AVENIDA,INSURGENTES SUR,CIRCUITO,INTERIOR (AVENIDA RÍO MIXCOAC),CALLE,ASTURIAS,CALLE,MURCIA,1457,NA,NA,NA,0,SN,COLONIA,INSURGENTES MIXCOAC,CENTRO Y PLAZA COMERCIAL,TORRE MANACAR,SN,03920,09,Ciudad de México,014,Benito Juárez,0001,Benito Juárez,0793,023,NA,SERVICIOACLIENTE@SPORTSWORLD.COM.MX,WWW.SPOSRTSWORLD.COM.MX,Fijo,19.36853594,-99.18082789,2018-03
9419267,09003713943002324001003227S6,SWMAQ SPORTS WORLD SAN ANDRES,OPERADORA Y ADMINISTRADORA SW,713943,Centros de acondicionamiento físico del sector privado,51 a 100 personas,AVENIDA,MIGUEL ANGEL DE QUEVEDO,CALLE,VIRGINIA,CALLE,SEGUNDA CERRADA MIGUEL ÁNGEL DE QUEVEDO,CALLE,NINGUNO,1144,NA,NA,NA,NA,NA,COLONIA,PARQUE SAN ANDRÉS,CENTRO Y PLAZA COMERCIAL,PUNTO MAQ,SN,4040,09,Ciudad de México,003,Coyoacán,0001,Coyoacán,0164,005,NA,SERVICIOALCLIENTE@SPORTSWORLD.COM,WWW.SPORTSWORLD.COM.MX,Fijo,19.34249652,-99.14669809,2023-11
6762079,09003713943001573002003227S9,SWMIG SPORTS WORLD MIGUEL ANGEL DE QUEVEDO,OPERADORA Y ADMINISTRADORA SW,713943,Centros de acondicionamiento físico del sector privado,31 a 50 personas,AVENIDA,MIGUEL ANGEL DE QUEVEDO,AVENIDA,UNIVERSIDAD,CALLE,CERRO DEL HOMBRE,CERRADA,CERRO XICO,1773,NA,NA,NA,1,A,COLONIA,ROMERO DE TERREROS,CENTRO Y PLAZA COMERCIAL,PLAZA OASIS,1-A,04310,09,Ciudad de México,003,Coyoacán,0001,Coyoacán,0249,001,NA,SERVICIOALCLIENTE@SPORTSWORLD.COM,WWW.SPORTSWORLD.COM.MX,Fijo,19.34606463,-99.17737071,2016-10
6783754,09014713941000234011003227S0,SWOBR SPORTS WORLD OBRERO MUNDIAL,OPERADORA Y ADMINISTRADORA SW,713943,Centros de acondicionamiento físico del sector privado,51 a 100 personas,CALLE,MONTERREY,VIADUCTO,PRESIDENTE MIGUEL ALEMAN VALDES,AVENIDA,OBRERO MUNDIAL,PROLONGACION,TONALA,196,NA,NA,NA,NA,NA,COLONIA,PIEDAD NARVARTE,NA,NA,NA,03000,09,Ciudad de México,014,Benito Juárez,0001,Benito Juárez,0011,005,NA,SERVICIOALCLIENTE@SPORTSWORLD.COM,WWW.SPORTSWORLD.COM.MX,Fijo,19.4016206,-99.15966957,2017-03
6878187,09010713943001295000003227S4,SWORA SPORTS WORLD CRATER,OPERADORA Y ADMINISTRADORA SW,713943,Centros de acondicionamiento físico del sector privado,51 a 100 personas,CALLE,CRÁTER,CALLE,AGUA,BOULEVARD,DE LA LUZ,AVENIDA,LAS FUENTES,811,NA,NA,NA,NA,NA,COLONIA,JARDINES DEL PEDREGAL,NA,NA,NA,01900,09,Ciudad de México,010,Álvaro Obregón,0001,Álvaro Obregón,128A,026,NA,SERVICIOALCLIENTE@SPORTSWORLD.COM,WWW.SPORTSWORLD.COM.MX,Fijo,19.31634392,-99.21068168,2019-04
6322941,09016713941000205011003227S5,SWPAL SPORTS WORLD PALMAS,OPERADORA Y ADMINISTRADORA SW,713943,Centros de acondicionamiento físico del sector privado,31 a 50 personas,AVENIDA,PASEO DE LAS PALMAS,CALLE,SIERRA GAMÓN,CALLE,MONTE GRAMPIANOS,CALLE,SIERRA MOJADA,525,NA,NA,NA,NA,NA,COLONIA,LOMAS DE CHAPULTEPEC III SECCIÓN,EDIFICIO COMERCIAL Y DE SERVICIOS,SIN NOMBRE,"PISO 1, 2 Y 3",11000,09,Ciudad de México,016,Miguel Hidalgo,0001,Miguel Hidalgo,0834,002,NA,SERVICIOALCLIENTE@SPORTSWORLD.COM,WWW.SPORTSWORLD.COM.MX,Fijo,19.42984375,-99.21272391,2012-06
6318668,09014713941000175012003227S5,SWPAT SPORTS WORLD PATRIOTISMO,OPERADORA Y ADMINISTRADORA SW,713943,Centros de acondicionamiento físico del sector privado,51 a 100 personas,CIRCUITO,INTERIOR (AVENIDA PATRIOTISMO),CALLE,11 DE ABRIL,CALLE,PUENTE DE LA MORENA,VIADUCTO,RÍO BECERRA,299,NA,NA,NA,NA,NA,COLONIA,SAN PEDRO DE LOS PINOS,NA,NA,NA,03800,09,Ciudad de México,014,Benito Juárez,0001,Benito Juárez,0187,026,NA,SERVICIOALCLIENTE@SPORTSWORLD.COM.MX,WWW.SPORTSWORLD.COM.MX,Fijo,19.39599957,-99.18103343,2010-07
6322946,09003713941000175010003227S8,SWPED SPORTS WORLD PEDREGAL,OPERADORA Y ADMINISTRADORA SW,713943,Centros de acondicionamiento físico del sector privado,51 a 100 personas,CALLE,LADERA,PERIFERICO,BOULEVARD ADOLFO RUÍZ CORTINES,CALLE,CAMINO A SANTA TERESA,CALLE,CIMA,16,NA,NA,NA,NA,NA,COLONIA,JARDINES DEL PEDREGAL DE SAN ÁNGEL,CENTRO Y PLAZA COMERCIAL,PLAZA ACORA PEDREGAL,G,4500,09,Ciudad de México,003,Coyoacán,0001,Coyoacán,1105,023,NA,SERVICIOALCLIENTE@SPORTSWORLD.COM,WWW.SPORTSWORLD.COM.MX,Fijo,19.30565823,-99.20200937,2014-12
895634,09015713943001013001003227S0,SWRIN SPORTS WORLD REFORMA RHIN,OPERADORA Y ADMINISTRADORA SW,713943,Centros de acondicionamiento físico del sector privado,31 a 50 personas,AVENIDA,PASEO DE LA REFORMA,CALLE,RÍO LERMA,AVENIDA,PASEO DE LA REFORMA,CALLE,RÍO AMAZONAS,243,NA,NA,NA,NA,NA,COLONIA,CUAUHTÉMOC,NA,TORRE MAPFRE,NA,6500,09,Ciudad de México,015,Cuauhtémoc,0001,Cuauhtémoc,0837,003,NA,SERVICIOALCLIENTE@SPORTSWORLD.COM,WWW.SPORTSWORLD.COM.MX,Fijo,19.42943509,-99.16372106,2014-12
6322955,09015713941000254012003227S5,SWROM SPORTS WORLD ROMA,OPERADORA Y ADMINISTRADORA SW,713943,Centros de acondicionamiento físico del sector privado,31 a 50 personas,EJE VIAL,2 PONIENTE (MONTERREY),CALLE,CHIHUAHUA,CALLE,GUANAJUATO,AVENIDA,INSURGENTES SUR,133,NA,NA,NA,NA,NA,COLONIA,ROMA NORTE,NA,NA,NA,6700,09,Ciudad de México,015,Cuauhtémoc,0001,Cuauhtémoc,1106,006,NA,SERVICIOALCLIENTE@SPORTSWORLD.COM,WWW.SPORTSWORLD.COM.MX,Fijo,19.41614874,-99.16388166,2011-03
6318667,09010713941000195013003227S1,SWSAN SPORTS WORLD SAN ANGEL,OPERADORA Y ADMINISTRADORA SW,713943,Centros de acondicionamiento físico del sector privado,31 a 50 personas,CALLE,INSURGENTES SUR,AVENIDA,INSURGENTES SUR,CALLE,MANUEL M  PONCE,CALLE,JAIME NUNÓ,1971,NA,NA,NA,NA,NA,COLONIA,GUADALUPE INN,CENTRO Y PLAZA COMERCIAL,PLAZA INN,SN,01020,09,Ciudad de México,010,Álvaro Obregón,0001,Álvaro Obregón,1059,011,NA,SERVICIOALCLIENTE@SPORTSWORLD.COM.MX,WWW.SPORTSWORLD.COM.MX,Fijo,19.35185512,-99.18619883,2010-07
8764736,09004713941000185000003227S5,SWSFE SPORTS WORLD SANTA FE,OPERADORA Y ADMINISTRADORA SW,713943,Centros de acondicionamiento físico del sector privado,51 a 100 personas,PROLONGACION,VASCO DE QUIROGA,CALLE,MARIO PANI,CALLE,NINGUNO,AUTOPISTA,MÉXICO A TOLUCA,3880,NA,VQ,19,NA,NA,COLONIA,SANTA FE CUAJIMALPA,EDIFICIO COMERCIAL Y DE SERVICIOS,EDIFICIO VQ,SN,01219,09,Ciudad de México,004,Cuajimalpa de Morelos,0001,Cuajimalpa de Morelos,0369,001,NA,SERVICIOALCLIENTE@SPORTSWORLD.COM,WWW.SPORTSWORLD.COM.MX,Fijo,19.36163872,-99.27773853,2019-11
9444567,09012713943002604001003227S2,SWTER SPORTS WORLD COAPA,OPERADORA Y ADMINISTRADORA SW,713943,Centros de acondicionamiento físico del sector privado,51 a 100 personas,CALZADA,ACOXPA,EJE VIAL,2 ORIENTE (AVENIDA CANAL DE MIRAMONTES),AVENIDA,DIVISIÓN DEL NORTE,CALZADA,CALZADA LAS BRUJAS,610,NA,NA,NA,NA,NA,COLONIA,VILLA COAPA,CENTRO Y PLAZA COMERCIAL,GRAN TERRAZA COAPA,SN,4500,09,Ciudad de México,012,Tlalpan,0001,Tlalpan,0479,001,NA,SERVICIOSALCLIENTE@SPORTSWORLD.COM,WWW.SPORTSWORLD.COM,Fijo,19.29458222,-99.12964774,2023-11
6882569,09012713943001684001003227S5,SWTLA SPORTS WORLD PATIO TLALPAN,OPERADORA Y ADMINISTRADORA SW,713943,Centros de acondicionamiento físico del sector privado,51 a 100 personas,AVENIDA,INSURGENTES SUR,CALLE,ARENAL,CALLE,SANTA ÚRSULA,CALLE,CUAUTLA,4087,NA,NA,NA,NA,J04,COLONIA,SANTA ÚRSULA XITLA,CENTRO Y PLAZA COMERCIAL,PATIO TLALPAN,J04,14420,09,Ciudad de México,012,Tlalpan,0001,Tlalpan,0939,002,NA,SERVICIOALCLIENTE@SPORTSWORLD.COM.MX,WWW.SPORTSWORLD.COM.MX,Fijo,19.28490434,-99.17582206,2019-04
6761972,09014713943001223001003227S8,SWUNI SPORTS WORLD UNIVERSIDAD,OPERADORA Y ADMINISTRADORA SW,713943,Centros de acondicionamiento físico del sector privado,51 a 100 personas,EJE VIAL,8 SUR (AVENIDA POPOCATÉPETL),CALLE,MAYORAZGO DE SOLÍS,AVENIDA,UNIVERSIDAD,CALLE,MAYORAZGO HIGUERA,540,NA,NA,NA,NA,NA,COLONIA,XOCO,CENTRO Y PLAZA COMERCIAL,PLAZA PATIO UNIVERSIDAD,SN,3330,09,Ciudad de México,014,Benito Juárez,0001,Benito Juárez,0952,005,NA,SERVICIOALCLIENTE@SPORTSWORLD.COM.MX,WWW.SPORTSWORLD.COM.MX,Fijo,19.36594331,-99.16671651,2016-10
6761864,09014713943001213001003227S9,SWXOL SPORTS WORLD XOLA,OPERADORA Y ADMINISTRADORA SW,713943,Centros de acondicionamiento físico del sector privado,51 a 100 personas,CALLE,ADOLFO PRIETO,EJE VIAL,4 SUR (XOLA),CALLE,PEDRO ROMERO DE TERREROS,CALLE,MIER Y PESADO,202,NA,NA,NA,NA,NA,COLONIA,DEL VALLE NORTE,NA,NA,NA,3100,09,Ciudad de México,014,Benito Juárez,0001,Benito Juárez,0242,005,NA,SERVICIOALCLIENTE@SPORTSWORLD.COM,WWW.SPORTSWORLD.COM.MX,Fijo,19.39697644,-99.16621083,2016-10
11138982,09002713943001231000000000U6,TACTICAL RESPONSE INSTITUTE,TACTICAL RESPONSE INSTITUTE,713943,Centros de acondicionamiento físico del sector privado,0 a 5 personas,PRIVADA,CEYLAN,CALLE,PONIENTE 128,CALLE,PONIENTE 134,CALLE,PONIENTE 128,821,1,NA,NA,NA,NA,COLONIA,INDUSTRIAL VALLEJO,NA,NA,NA,02300,09,Ciudad de México,002,Azcapotzalco,0001,Azcapotzalco,0877,016,NA,SCARLETCBATAZ@VMGGROUP.COM.MX,NA,Fijo,19.49401177,-99.16947285,2024-11
7769062,09005713111000041000000000U7,TALLER ARTISTICO Y DEPORTIVO,NA,713943,Centros de acondicionamiento físico del sector privado,0 a 5 personas,CALLE,JOAQUIN PARDAVE,CALLE,VIRGINIA FABREGAS,CALLE,AMANDA DEL LLANO,CALLE,RAMON NOVARRO,3,NA,NA,NA,NA,NA,COLONIA,JORGE NEGRETE,NA,NA,NA,07280,09,Ciudad de México,005,Gustavo A. Madero,0001,Gustavo A. Madero,0313,016,NA,NA,NA,Fijo,19.52678338,-99.1441211,2019-11
11729558,09014713943002461000000000U3,TAU GIMNASIO,TAU GIMNASIO,713943,Centros de acondicionamiento físico del sector privado,0 a 5 personas,CALLE,LUIS CARRACCI,CALLE,Vizcaya,CALLE,Cádiz,CALLE,Empresa,139,NA,NA,NA,NA,NA,COLONIA,EXTREMADURA INSURGENTES,NA,NA,NA,03740,09,Ciudad de México,014,Benito Juárez,0001,Benito Juárez,0702,018,NA,NA,NA,Fijo,19.37533947,-99.17985633,2025-04
9117951,09012713943002531000000000U7,TAURUS FITNESS CENTER,NA,713943,Centros de acondicionamiento físico del sector privado,0 a 5 personas,CALLE,TEZOQUIPA,CALLE,MARIANO MATAMOROS,CALLE,MAGISTERIO NACIONAL,CALLE,MARIANO MATAMOROS,67,NA,NA,NA,327,NA,COLONIA,TLALPAN CENTRO,NA,NA,NA,14000,09,Ciudad de México,012,Tlalpan,0001,Tlalpan,102A,004,5562801385,NA,NA,Fijo,19.2825377,-99.16614814,2019-11
757382,09016713943000151000000000U7,TAURUS GYM,NA,713943,Centros de acondicionamiento físico del sector privado,0 a 5 personas,CALLE,MAR TIRRENO,CALLE,MAR AZOF,CALLE,MAR CANTABRICO,CALLE,MAR IRLANDA,44,NA,NA,NA,NA,NA,COLONIA,POPOTLA,NA,NA,NA,11410,09,Ciudad de México,016,Miguel Hidalgo,0001,Miguel Hidalgo,0162,009,NA,VALENCIAMORALESG@YAHOO.COM,NA,Fijo,19.45387092,-99.1837561,2010-07
11345145,09005713943004651000000000U5,TEANCUM,NA,713943,Centros de acondicionamiento físico del sector privado,0 a 5 personas,CALLE,LA NACION,CALLE,ESCUADRON 201,CALLE,BANDERA,CALLE,CONSTITUCION DE 1810,286,NA,NA,NA,NA,NA,COLONIA,SANTA MARÍA TICOMÁN,NA,NA,NA,07340,09,Ciudad de México,005,Gustavo A. Madero,0001,Gustavo A. Madero,0559,011,NA,NA,NA,Fijo,19.51550192,-99.13294249,2024-11
9668145,09002713943001271000000000U2,TEKNO MAC,TEKNO MARTIAL ART CENTER,713943,Centros de acondicionamiento físico del sector privado,0 a 5 personas,EJE VIAL,4 NORTE AHUEHUETES,CALLE,TEJOCOTE,CALLE,CHABACANO,CALLE,JACARANDAS,37,NA,NA,NA,NA,NA,COLONIA,PASTEROS,NA,NA,NA,02150,09,Ciudad de México,002,Azcapotzalco,0001,Azcapotzalco,0190,004,NA,NA,NA,Fijo,19.49443011,-99.19449221,2024-11
11744352,09012713943003251000000000U1,TEMPLE GYM,NA,713943,Centros de acondicionamiento físico del sector privado,0 a 5 personas,CALLE,AVENIDA DEL PARAÍSO,CALLE,Río San Buenaventura,OTRO(ESPECIFIQUE),Ninguno,CALLE,Lázaro Cárdenas,52,NA,NA,NA,NA,NA,COLONIA,EJIDOS DE SAN PEDRO MÁRTIR,NA,NA,NA,14640,09,Ciudad de México,012,Tlalpan,0001,Tlalpan,2263,018,NA,NA,NA,Fijo,19.26913993,-99.15829056,2025-04
7299489,09010713943001611000000000U2,TERESA CHAVEZ,NA,713943,Centros de acondicionamiento físico del sector privado,0 a 5 personas,AVENIDA,SANTA LUCIA,CALLE,ERNESTO P. URUCHURTU,CALLE,JESUS ROCHA,AVENIDA,MIGUEL HIDALGO,349,NA,NA,NA,NA,NA,COLONIA,OLIVAR DEL CONDE SEGUNDA SECCIÓN,NA,NA,NA,01400,09,Ciudad de México,010,Álvaro Obregón,0001,Álvaro Obregón,2165,015,NA,NA,NA,Fijo,19.37152779,-99.21284028,2019-11
819497,09005713943001051000000000U1,TESTO GYM,NA,713943,Centros de acondicionamiento físico del sector privado,0 a 5 personas,AVENIDA,661,CALLE,AVENIDA 602-B,ANDADOR,PRIMERA CERRADA 661,CALLE,PRIMERA CERRADA 661,39,NA,NA,NA,NA,NA,COLONIA,CTM ARAGÓN,NA,NA,NA,07990,09,Ciudad de México,005,Gustavo A. Madero,0001,Gustavo A. Madero,2451,013,5551949216,NA,NA,Fijo,19.45159016,-99.05904388,2010-07
9741042,09010713943002372000000000U0,THA JAB,OPERADORA Y PROMOTORA DE DEPORTES JAB,713943,Centros de acondicionamiento físico del sector privado,6 a 10 personas,CERRADA,GRUTA,CALLE,CASCADA,CALLE,TEOLOLCO,CALLE,IGLESIA,19,NA,NA,17,4,NA,COLONIA,JARDINES DEL PEDREGAL,CENTRO Y PLAZA COMERCIAL,LA GRUTA,SN,01900,09,Ciudad de México,010,Álvaro Obregón,0001,Álvaro Obregón,1294,012,NA,NA,WWW.THAJABMBS.COM.MX,Fijo,19.32580981,-99.20002014,2024-11
11216619,09007713943007241000000000U8,THE BIKER GYM,NA,713943,Centros de acondicionamiento físico del sector privado,0 a 5 personas,CALLE,SHIRIAT,CERRADA,ALEJANDRIA,CALLE,ADOLFO LOPEZ MATEOS,CERRADA,PILETA,NA,SN,NA,NA,NA,NA,COLONIA,LOMAS DE LA ESTANCIA,NA,NA,NA,09640,09,Ciudad de México,007,Iztapalapa,0001,Iztapalapa,5342,038,5519165363,NA,NA,Fijo,19.33588545,-99.00904797,2024-11
729432,09007713943002111000000000U8,THE BLACK GORILA,NA,713943,Centros de acondicionamiento físico del sector privado,0 a 5 personas,CALLE,CUAUHTEMOC,CALLE,BATALLA DE OJITOS,CALLE,QUETZAL,CALLE,BATALLON LIGERO DE TOLUCA,4,MZA2,NA,NA,NA,NA,COLONIA,EL PARAÍSO,NA,NA,NA,09230,09,Ciudad de México,007,Iztapalapa,0001,Iztapalapa,0445,018,5555408833,NA,NA,Fijo,19.3770548,-99.03602397,2014-12
10746844,09013713943002261000000000U9,THE BRAWL GIMNASIO,NA,713943,Centros de acondicionamiento físico del sector privado,0 a 5 personas,AVENIDA,PROLONGACION DIVISION DEL NORTE,CALLE,AHUEJOTES,AVENIDA,GUADALUPE I. RAMIREZ,CALLE,TARAY,5340,NA,NA,NA,NA,NA,COLONIA,AMPLIACIÓN SAN MARCOS NORTE,NA,NA,NA,16050,09,Ciudad de México,013,Xochimilco,0001,Xochimilco,1050,038,5593007651,NA,NA,Semifijo,19.26624897,-99.11526262,2024-11
8652144,09017713943001391001000000U6,THE CITY FITNESS GYM,ORY DARIO MEZA,713943,Centros de acondicionamiento físico del sector privado,6 a 10 personas,CALLE,CENTRAL DE PLOMEROS,AVENIDA,CIRCUNVALACION,CALLE,CARPINTERIA,CALLE,TALABARTEROS,379,NA,NA,NA,NA,NA,COLONIA,EMILIO CARRANZA,NA,NA,NA,15230,09,Ciudad de México,017,Venustiano Carranza,0001,Venustiano Carranza,0155,005,5565345559,NA,NA,Fijo,19.44985999,-99.12262292,2019-11
10566131,09007713943006811000000000U9,THE CORDOBAS GYM,NA,713943,Centros de acondicionamiento físico del sector privado,0 a 5 personas,CALLE,REFORMA ECONOMICA PRIMERA DE FORD,EJE VIAL,8 SUR (CALZADA ERMITA IZTAPALAPA),PRIVADA,REFORMA TERRESTRE,EJE VIAL,8 SUR (CALZADA ERMITA IZTAPALAPA),NA,SN,NA,NA,NA,NA,COLONIA,REFORMA POLÍTICA,NA,NA,NA,09730,09,Ciudad de México,007,Iztapalapa,0001,Iztapalapa,4999,019,5591684050,NA,NA,Fijo,19.34365927,-99.03286436,2024-11
773209,09016713943000511002000000U2,THE DAILEY METHOD,NA,713943,Centros de acondicionamiento físico del sector privado,6 a 10 personas,CALLE,PASEO DE LAS LILAS,CALLE,BOSQUE DE PALMITO,CARRETERA,FEDERAL MEXICO-TOLUCA,CALLE,PASEO DE LAS LILAS,92,NA,NA,1,105,NA,COLONIA,BOSQUES DE LAS LOMAS,CENTRO Y PLAZA COMERCIAL,PLAZA LILAS,SN,11700,09,Ciudad de México,016,Miguel Hidalgo,0001,Miguel Hidalgo,1300,012,5581038142,FACTURASDAILEY@GMAIL.COM,NA,Fijo,19.38713956,-99.24784894,2010-07
9407818,09007713943006441001000000U5,THE FACTORY GYM,NA,713943,Centros de acondicionamiento físico del sector privado,6 a 10 personas,CALLE,CADAQUES,CALLE,MONZON (JUAREZ),AVENIDA,TLAHUAC,CALLE,GALICIA,77,NA,NA,NA,NA,NA,COLONIA,CERRO DE LA ESTRELLA,NA,NA,NA,09860,09,Ciudad de México,007,Iztapalapa,0001,Iztapalapa,1960,012,5549939512,NA,NA,Fijo,19.31938248,-99.07696965,2023-11
1040562,09013713943000171001000000U2,THE GOLD GYM,NA,713943,Centros de acondicionamiento físico del sector privado,0 a 5 personas,AVENIDA,DIVISION DEL NORTE,CALLE,HERMENEGILDO GALEANA (NIÑOS HEROES),CALLE,NICOLAS BRAVO,AVENIDA,DIVISION DEL NORTE,NA,SN,NA,NA,NA,NA,COLONIA,CALYEQUITA,NA,NA,NA,16750,09,Ciudad de México,013,Xochimilco,0001,Xochimilco,0565,022,NA,NA,NA,Fijo,19.25469117,-99.01053321,2010-07
9960674,09015713943003003000000000U9,THE GOOD STUDIO,NA,713943,Centros de acondicionamiento físico del sector privado,11 a 30 personas,CALLE,COLIMA,CALLE,JALAPA,CALLE,TONALA,CALLE,TABASCO,220,NA,NA,NA,NA,NA,COLONIA,ROMA NORTE,NA,NA,NA,16700,09,Ciudad de México,015,Cuauhtémoc,0001,Cuauhtémoc,1002,014,5592793442,NA,WWW.THEGOODSTUDIO.MX,Fijo,19.41917453,-99.16268519,2024-11
8260586,09005713943003281000000000U2,THE GYM,NA,713943,Centros de acondicionamiento físico del sector privado,0 a 5 personas,EJE VIAL,5 NORTE CALZADA SAN JUAN DE ARAGON,CALLE,PUERTO ANGEL,CALLE,PUERTO VERACRUZ,CALLE,PUERTO TAMPICO,668,NA,NA,NA,NA,NA,COLONIA,AMPLIACIÓN CASAS ALEMÁN,NA,NA,NA,07580,09,Ciudad de México,005,Gustavo A. Madero,0001,Gustavo A. Madero,1909,022,NA,GTHEGYM@GMAIL.COM,NA,Fijo,19.47576412,-99.08938599,2019-11
940642,09013713943000571002000000U3,THE GYM,IDEAS EXTREMAS,713943,Centros de acondicionamiento físico del sector privado,0 a 5 personas,CALLE,AVENIDA SAN BERNARDINO,CALLE,PROLONGACION PINO,CALLE,ROSELINA,CALLE,RUBELLON,3,NA,NA,NA,NA,NA,COLONIA,POTRERO SAN BERNARDINO,NA,NA,NA,16030,09,Ciudad de México,013,Xochimilco,0001,Xochimilco,0086,001,5556755577,NA,NA,Fijo,19.26925933,-99.12216901,2014-12
8126703,09016713943001221000000000U7,THE GYM SILVERS,NA,713943,Centros de acondicionamiento físico del sector privado,0 a 5 personas,CALLE,MAR MEDITERRANEO,CALLE,MAR DE JAVA,CALLE,MAR ARAFURA,CALZADA,MEXICO-TACUBA,207,A,NA,NA,NA,NA,COLONIA,NEXTITLA,NA,NA,NA,11420,09,Ciudad de México,016,Miguel Hidalgo,0001,Miguel Hidalgo,0069,015,NA,NA,NA,Fijo,19.45466835,-99.17584225,2019-11
961523,09014713943000392000000000U2,THE POWER GYM,NA,713943,Centros de acondicionamiento físico del sector privado,0 a 5 personas,CALLE,MITLA,CALLE,SERAFIN OLARTE,CALLE,SAN BORJA,CALLE,ZEMPOALA,54,B,NA,NA,NA,NA,COLONIA,INDEPENDENCIA,NA,NA,NA,03630,09,Ciudad de México,014,Benito Juárez,0001,Benito Juárez,0469,006,NA,NA,NA,Fijo,19.38117152,-99.15100365,2010-07
8782813,09007713943004792001000000U3,THE RING FITNESS CLUB,NA,713943,Centros de acondicionamiento físico del sector privado,0 a 5 personas,AVENIDA,LUIS MANUEL ROJAS,CALLE,RAMON ROSS,CALLE,GENERAL FRANCISCO J. MUGICA,CALLE,AMILCAR VIDAL,73,NA,NA,NA,NA,NA,COLONIA,CONSTITUCIÓN DE 1917,NA,NA,NA,09260,09,Ciudad de México,007,Iztapalapa,0001,Iztapalapa,1443,019,NA,NA,NA,Fijo,19.3508991,-99.06396016,2019-11
11168559,09016713943001731000000000U5,THE STRENGTH ROOM PILATES STUDIO,NA,713943,Centros de acondicionamiento físico del sector privado,0 a 5 personas,CALLE,LEIBNITZ,CALLE,EMMANUEL KANT,CALLE,VICTOR HUGO,AVENIDA,GENERAL MARIANO ESCOBEDO,100,NA,NA,NA,NA,NA,COLONIA,ANZURES,NA,NA,NA,11590,09,Ciudad de México,016,Miguel Hidalgo,0001,Miguel Hidalgo,068A,022,NA,CONTACTO.THESTRENGTHROOMQ@GMAIL.COM,NA,Fijo,19.42890755,-99.17832889,2024-11
8327038,09015713943002192001000000U1,THE WORK SHOP,HUMAN WELLNESS,713943,Centros de acondicionamiento físico del sector privado,0 a 5 personas,AVENIDA,INSURGENTES SUR,CALLE,CELAYA,CALLE,POPOCATEPETL,AVENIDA,AMSTERDAM,295,NA,NA,NA,NA,NA,COLONIA,HIPÓDROMO,NA,NA,NA,06400,09,Ciudad de México,015,Cuauhtémoc,0001,Cuauhtémoc,120A,002,NA,NA,NA,Fijo,19.41508424,-99.16569981,2019-11
11643944,09007713943006561000000000U0,THE YOUNGERS,NA,713943,Centros de acondicionamiento físico del sector privado,0 a 5 personas,AVENIDA,ESTRELLA,CALLE,XOCHIATL,CALLE,CIHUATL,CALLE,TLACOSITILUYAC,24,NA,NA,NA,NA,NA,COLONIA,RICARDO FLORES MAGÓN,NA,NA,NA,09820,09,Ciudad de México,007,Iztapalapa,0001,Iztapalapa,3740,009,5561230955,NA,NA,Fijo,19.35192994,-99.09780065,2024-11
11254793,09012713943002981000000000U4,TIENDA DE GOTCHA,NA,713943,Centros de acondicionamiento físico del sector privado,0 a 5 personas,CALLE,BOULEVARD PICACHO AJUSCO,CALLE,NOPAL,CERRADA,SAUCILLO,CALLE,BOULEVARD PICACHO AJUSCO,16,23,NA,NA,NA,NA,COLONIA,CRUZ DEL FAROL,NA,NA,NA,14248,09,Ciudad de México,012,Tlalpan,0001,Tlalpan,1462,034,NA,NA,NA,Fijo,19.26769877,-99.21027864,2024-11
7706086,09008713943000671100000000U1,TIGER DRAGON FITNESS,NA,713943,Centros de acondicionamiento físico del sector privado,0 a 5 personas,AVENIDA,SAN FRANCISCO,CALLE,HEROES,CALLE,ALVARO OBREGON,CALLE,HEROES,9,NA,NA,NA,NA,NA,COLONIA,BARRANCA SECA,NA,NA,NA,10580,09,Ciudad de México,008,La Magdalena Contreras,0001,La Magdalena Contreras,0315,005,NA,NA,NA,Fijo,19.30444392,-99.24386967,2019-11
11075295,09012713943003071000000000U3,TIGER RAM MUAY,ADOLFO TELLO,713943,Centros de acondicionamiento físico del sector privado,0 a 5 personas,CALLE,MELCHOR OCAMPO,CALLE,JOSE MARIA MORELOS,CALLE,CERRADA JOSE MARIA MORELOS,CALLE,MARIANO MATAMOROS,1,B,NA,NA,NA,NA,PUEBLO,SANTO TOMÁS AJUSCO,NA,NA,NA,14710,09,Ciudad de México,012,Tlalpan,0026,San Miguel Ajusco,1532,004,5638007771,TIGERRAMMUAY@GMAIL.COM,NA,Fijo,19.21799222,-99.20531944,2024-11
8725790,09006713943001002000000000U2,TIGERS GYM,NA,713943,Centros de acondicionamiento físico del sector privado,6 a 10 personas,CALLE,ORIENTE 237,CALLE,SUR 16,CALLE,SUR 12,CALLE,ORIENTE 235-C,269,NA,NA,NA,NA,NA,COLONIA,AGRÍCOLA ORIENTAL,NA,NA,NA,08500,09,Ciudad de México,006,Iztacalco,0001,Iztacalco,0310,031,NA,NA,NA,Fijo,19.39714538,-99.07549542,2019-11
748668,09017611621000471011000000U2,TIGRES GYM & FITNESS,NA,713943,Centros de acondicionamiento físico del sector privado,6 a 10 personas,AVENIDA,GENERAL FRANCISCO MORAZAN,CALLE,65,CALLE,67,AVENIDA,10,357,NA,NA,NA,NA,NA,COLONIA,PUEBLA,NA,NA,NA,15020,09,Ciudad de México,017,Venustiano Carranza,0001,Venustiano Carranza,1276,003,5540050978,CTIGRESTKD23@HOTMAIL.COM,NA,Fijo,19.40884457,-99.08415276,2010-07
7137739,09017713943001221000000000U5,TITAUM GYM,NA,713943,Centros de acondicionamiento físico del sector privado,0 a 5 personas,CALLE,EGIPTO,CALLE,CAIRO,CALLE,CANTON,CALLE,GUINEA,52,NA,NA,NA,NA,NA,COLONIA,ROMERO RUBIO,NA,NA,NA,15400,09,Ciudad de México,017,Venustiano Carranza,0001,Venustiano Carranza,0437,010,NA,NA,NA,Fijo,19.44030888,-99.10053983,2019-11
8027496,09016713943001101001000000U1,TOKA LA ESCALADA GIM,NA,713943,Centros de acondicionamiento físico del sector privado,6 a 10 personas,CALZADA,CALZADA DE LOS GALLOS,CIRCUITO,INTERIOR (INSTITUTO TECNICO INDUSTRIAL),AVENIDA,TLATILCO,CALLE,CRISANTEMA,1,NA,NA,NA,NA,NA,COLONIA,AGRICULTURA,NA,NA,NA,11360,09,Ciudad de México,016,Miguel Hidalgo,0001,Miguel Hidalgo,0073,009,NA,CONTACTO@TOKALAESCALADA.COM,WWW.TOKALAESCALADA.COM,Fijo,19.45600206,-99.16450326,2019-11
11589619,09005713943004592000000000U1,TORRES GYM,TORRES GYM,713943,Centros de acondicionamiento físico del sector privado,6 a 10 personas,CALLE,PARRAL,AVENIDA,VILLA DE AYALA,AVENIDA,DOLORES HIDALGO,CALLE,SIERRA DE PINOS,12,MZ31,NA,NA,NA,NA,COLONIA,SAN FELIPE DE JESÚS,NA,NA,NA,07510,09,Ciudad de México,005,Gustavo A. Madero,0001,Gustavo A. Madero,1218,003,NA,NA,NA,Fijo,19.49101093,-99.07270356,2024-11
1012836,09012713943000221001000000U7,TOTAL GYM GIMANASIO,NA,713943,Centros de acondicionamiento físico del sector privado,6 a 10 personas,CALLE,OJO DE AGUA,CALLE,TEPOZAN,CALLE,AGAPANDO,CALLE,TEPOZAN,219,NA,NA,NA,NA,NA,COLONIA,EJIDOS DE SAN PEDRO MÁRTIR,NA,NA,NA,14640,09,Ciudad de México,012,Tlalpan,0001,Tlalpan,2136,033,NA,NA,NA,Fijo,19.26704326,-99.15681841,2010-07
757289,09017713943000031000000000U9,TOWER SPORT GYM,NA,713943,Centros de acondicionamiento físico del sector privado,0 a 5 personas,CALLE,NICOLAS LEON,EJE VIAL,2 SUR (AVENIDA DEL TALLER),CALLE,RETORNO 3 DE FERNANDO IGLESIAS CALDERON,CALLE,RETORNO 12 DE AVENIDA DEL TALLER,178,NA,NA,NA,NA,NA,COLONIA,JARDÍN BALBUENA,NA,NA,NA,15900,09,Ciudad de México,017,Venustiano Carranza,0001,Venustiano Carranza,1083,020,NA,NA,NA,Fijo,19.41431943,-99.11096365,2010-07
11159782,09012713943002871000000000U7,TOXICO FITNESS GYM,NA,713943,Centros de acondicionamiento físico del sector privado,0 a 5 personas,CALLE,12 ORIENTE,CALLE,PRIMERA NORTE,PERIFERICO,BOULEVARD ADOLFO RUIZ CORTINES,CALLE,11 ORIENTE,27,NUMERO,NA,NA,NA,NA,COLONIA,ISIDRO FABELA,NA,NA,NA,14030,09,Ciudad de México,012,Tlalpan,0001,Tlalpan,0163,007,5521242765,NA,NA,Fijo,19.30098114,-99.16730473,2024-11
10726565,09010713943002382000000000U9,TRAINING 45,TRAINING 45,713943,Centros de acondicionamiento físico del sector privado,6 a 10 personas,AVENIDA,TOLUCA OLIVAR DE LOS PADRES,CALLE,MIMOSA,CALLE,OLIVARITO,CALLE,MIMOSA,1036,NA,NA,18,NA,NA,COLONIA,OLIVAR DE LOS PADRES,CENTRO Y PLAZA COMERCIAL,LA VERA,5,01780,09,Ciudad de México,010,Álvaro Obregón,0001,Álvaro Obregón,1858,005,NA,NA,NA,Fijo,19.33716172,-99.23546638,2024-11
7760295,09007713943005911000000000U8,TRAINING FITNES CENTER,NA,713943,Centros de acondicionamiento físico del sector privado,0 a 5 personas,CALLE,RODOLFO USIGLI,CALLE,GENERAL RADAMES GAXIOLA ANDRADE,CALLE,PABLO L. RIVAS MARTINEZ,AVENIDA,AGUSTIN YAÑEZ,505,NA,NA,NA,NA,NA,COLONIA,ESCUADRÓN 201,NA,NA,NA,09060,09,Ciudad de México,007,Iztapalapa,0001,Iztapalapa,0708,016,NA,SUPER-YORDY@HOTMAIL.COM,NA,Fijo,19.363283,-99.11351577,2019-11
9934363,09004713943000952000000000U4,TREINO CENTRO DE ACONDICIONAMIENTO FISICO,TREINO CENTRO DE ACONDICIONAMIENTO FISICO,713943,Centros de acondicionamiento físico del sector privado,6 a 10 personas,CALLE,ANTONIO ANCONA,CERRADA,NINGUNO,AVENIDA,JOSE MARIA CASTORENA,CARRETERA,FEDERAL MEXICO TOLUCA (PROLONGACION PASEO DE LA REFORMA),19,NA,NA,NA,NA,NA,COLONIA,CUAJIMALPA,NA,NA,NA,05000,09,Ciudad de México,004,Cuajimalpa de Morelos,0001,Cuajimalpa de Morelos,0104,005,NA,NA,NA,Fijo,19.36009749,-99.29057994,2024-11
10858449,09007713943006981000000000U0,TRIFORCE CROSSFIT,NA,713943,Centros de acondicionamiento físico del sector privado,0 a 5 personas,CALLE,PIPILA,AVENIDA,AVENIDA DE LAS TORRES,CALLE,FLOR DE DURAZNO,CALLE,15 DE SEPTIEMBRE,4,MZ106,NA,NA,NA,NA,COLONIA,LOMAS DE ZARAGOZA,NA,NA,NA,09620,09,Ciudad de México,007,Iztapalapa,0001,Iztapalapa,262A,014,5564062707,NA,NA,Fijo,19.34846174,-98.99534334,2024-11
9596658,09014713943002062000000000U9,TROPA,VITALYTYZ,713943,Centros de acondicionamiento físico del sector privado,6 a 10 personas,AVENIDA,REVOLUCION,CALLE,JOSE MARIA VELASCO,CALLE,MERCADERES,CALLE,SAGREDO,1136,C,NA,NA,NA,B,COLONIA,SAN JOSÉ INSURGENTES,NA,NA,NA,03900,09,Ciudad de México,014,Benito Juárez,0001,Benito Juárez,090A,012,NA,ADMINISTRACION@TROPABOXINGCDMX.COM.MX,WWW.TROPABOXING.FITCOLATAM.COM,Fijo,19.36533169,-99.18871582,2024-11
10710951,09015713943003131000000000U8,TROPICAL TRINING GYM,NA,713943,Centros de acondicionamiento físico del sector privado,0 a 5 personas,CALLE,RAMON FABIE,CALLE,JUAN A MATEOS,EJE VIAL,3 SUR (CALZADA DE CHABACANO),CALLE,JOSE MARIA CORREA,59,NA,NA,NA,NA,NA,COLONIA,VISTA ALEGRE,NA,NA,NA,06860,09,Ciudad de México,015,Cuauhtémoc,0001,Cuauhtémoc,1286,011,NA,NA,NA,Fijo,19.40897853,-99.13217802,2024-11
8210221,09005713943003351000000000U3,TRUE BALANCE PILATES,NA,713943,Centros de acondicionamiento físico del sector privado,0 a 5 personas,AVENIDA,MIGUEL OTHON DE MENDIZABAL ORIENTE,CALLE,JOVELLANOS,CALZADA,SANTA ANA SUR,AVENIDA,MIGUEL OTHON DE MENDIZABAL ORIENTE,410,NA,NA,NA,NA,NA,FRACCIONAMIENTO,TORRES LINDAVISTA,NA,NA,NA,07708,09,Ciudad de México,005,Gustavo A. Madero,0001,Gustavo A. Madero,0525,018,NA,NA,NA,Fijo,19.50842133,-99.14321788,2019-11
11343421,09003713943002502000000000U7,TRYTON GYM,NA,713943,Centros de acondicionamiento físico del sector privado,6 a 10 personas,CALLE,PASCLE,CALLE,COYAMEL,AVENIDA,ESCUINAPA,CALLE,AHUEJOTE,120,NA,NA,NA,NA,NA,COLONIA,PEDREGAL DE SANTO DOMINGO,NA,NA,NA,04369,09,Ciudad de México,003,Coyoacán,0001,Coyoacán,1162,006,5628217177,NA,NA,Fijo,19.33118273,-99.16459073,2024-11
10214518,09015713943002901000000000U5,TYSON ACADEMY,NA,713943,Centros de acondicionamiento físico del sector privado,0 a 5 personas,AVENIDA,INSURGENTES NORTE,CALLE,GERANIO,EJE VIAL,2 NORTE (EULALIA GUZMAN),CALLE,GERANIO,476,NA,NA,NA,NA,NA,COLONIA,ATLAMPA,NA,NA,NA,06450,09,Ciudad de México,015,Cuauhtémoc,0001,Cuauhtémoc,0184,002,NA,NA,NA,Fijo,19.45590834,-99.15087151,2024-11
9994118,09016713943001913000000000U9,UC UNDER COVER,UC UNDER COVER,713943,Centros de acondicionamiento físico del sector privado,11 a 30 personas,AVENIDA,MIGUEL DE CERVANTES SAAVEDRA,CALLE,LAGO FILT,CALLE,LAGO VICTORIA,CALLE,LAGUNA DE LA MANCHA,NA,SN,NA,NA,47,NA,COLONIA,GRANADA,NA,NA,NA,11520,09,Ciudad de México,016,Miguel Hidalgo,0001,Miguel Hidalgo,0459,024,NA,NA,NA,Fijo,19.44087607,-99.19410788,2024-11
763713,09016713943000354000000000U7,UFC GYM POLANCO,UGFO MEXICO,713943,Centros de acondicionamiento físico del sector privado,31 a 50 personas,AVENIDA,HOMERO,CALLE,EMERSON,CALLE,HEGEL,CALLE,ISAAC NEWTON,440,NA,NA,NA,3,NA,COLONIA,POLANCO V SECCIÓN,NA,NA,NA,11560,09,Ciudad de México,016,Miguel Hidalgo,0001,Miguel Hidalgo,0660,002,NA,INFO@UFCGYM.MX,WWW.UFCGYM.MX,Fijo,19.43538823,-99.18873833,2010-07
11697042,09013713943002132000000000U2,ULTIMATE GYM XOCHIMILCO,NA,713943,Centros de acondicionamiento físico del sector privado,6 a 10 personas,AVENIDA,GUADALUPE I RAMIREZ,CALLE,NARDO SUR,CALLE,EL SAUZ,CALLE,LA PALMA,NA,SN,NA,NA,NA,NA,COLONIA,TIERRA NUEVA,NA,NA,NA,16050,09,Ciudad de México,013,Xochimilco,0001,Xochimilco,0160,006,5540886701,NA,NA,Fijo,19.2673995,-99.12213917,2024-11
712210,09007722513002441010000000U9,ULTIMO GUERRERO GYM,NA,713943,Centros de acondicionamiento físico del sector privado,0 a 5 personas,CALLE,XOLOTL,CALLE,FRANCISCO VILLA,CALLE,IGNACIO ZARAGOZA,EJE VIAL,5 SUR (SANTA MARIA LA PURISIMA),20,NA,NA,NA,NA,NA,COLONIA,APATLACO,NA,NA,NA,09410,09,Ciudad de México,007,Iztapalapa,0001,Iztapalapa,0356,029,NA,NA,NA,Fijo,19.37817318,-99.11279896,2014-12
8458130,09014713943001551000000000U2,UNBROKEN,NA,713943,Centros de acondicionamiento físico del sector privado,0 a 5 personas,CALZADA,SANTA ANITA,CALLE,ANTONIO MAURA,CALZADA,CALZADA DE TLALPAN,CALLE,VICTOR HUGO,15,NA,NA,NA,NA,NA,COLONIA,MODERNA,NA,NA,NA,03510,09,Ciudad de México,014,Benito Juárez,0001,Benito Juárez,0149,007,NA,UNBROKEN@GMAIL.COM,NA,Fijo,19.39890811,-99.13677777,2019-11
682373,09002713944000044000000000U2,UNIDAD DEPORTIVA BENITO JUAREZ XALPA,INSTITUTO MEXICANO DEL SEGURO SOCIAL,713944,Centros de acondicionamiento físico del sector público,31 a 50 personas,AVENIDA,CAMPO GRIJALVA,CALLE,MANUEL BOUCHE,CALZADA,SANTIAGO AHUIZOTLA,CALLE,ELPIDIO CORTEZ,125,NA,NA,NA,NA,NA,COLONIA,SANTIAGO AHUIZOTLA,NA,NA,NA,02719,09,Ciudad de México,002,Azcapotzalco,0001,Azcapotzalco,0631,024,NA,NA,NA,Fijo,19.48150553,-99.20990993,2014-12
728403,09007713944000113001000000U4,UNIDAD DEPORTIVA LA CASCADA,ALCALDIA IZTAPALAPA,713944,Centros de acondicionamiento físico del sector público,31 a 50 personas,CALLE,ENNA,CALZADA,GENERAL IGNACIO ZARAGOZA,AVENIDA,TEXCOCO,AVENIDA,TEXCOCO,2300,NA,NA,NA,NA,NA,COLONIA,SANTA MARTHA ACATITLA NORTE,NA,NA,NA,09510,09,Ciudad de México,007,Iztapalapa,0001,Iztapalapa,0318,001,5524247050,NA,NA,Fijo,19.38220305,-99.02528884,2014-12
10759806,09005713944000265000000000U6,UNIDAD DEPORTIVA MORELOS,INSTITUTO MEXICANO DEL SEGURO SOCIAL,713944,Centros de acondicionamiento físico del sector público,51 a 100 personas,EJE VIAL,5 NORTE CALZADA SAN JUAN DE ARAGON,EJE VIAL,3 ORIENTE (AVENIDA INGENIERO EDUARDO MOLINA),CALLE,NORTE 94,AVENIDA,RIO GUADALUPE,311,NA,NA,NA,NA,NA,COLONIA,DM NACIONAL,NA,NA,NA,07460,09,Ciudad de México,005,Gustavo A. Madero,0001,Gustavo A. Madero,1650,001,5555778511,NA,NA,Fijo,19.47830478,-99.09681577,2024-11
1051039,09008713944000055000000000U5,UNIDAD DEPORTIVA SNTSS INDEPENDENCIA,INSTITUTO MEXICANO DEL SEGURO SOCIAL,713944,Centros de acondicionamiento físico del sector público,51 a 100 personas,CALLE,RIO CHICO,CALLE,RIO CHICO,AVENIDA,PINOS,CALLE,SAN RAMON,NA,SN,NA,NA,NA,NA,COLONIA,SAN JERÓNIMO LÍDICE,NA,NA,NA,10200,09,Ciudad de México,008,La Magdalena Contreras,0001,La Magdalena Contreras,0086,007,NA,NA,WWW.IMSS.COM.MX,Fijo,19.33182567,-99.21388688,2010-07
800501,09007931610000644000000000U9,UNIDADES DE TRANSFORMACION Y ORGANIZACION PARA LA INCLUSION Y ARMONIA SOCIAL,SECRETARIA DE CULTURA DE LA CIUDAD DE MEXICO,713944,Centros de acondicionamiento físico del sector público,11 a 30 personas,CALLE,71,EJE VIAL,8 SUR (CALZADA ERMITA IZTAPALAPA),AVENIDA,SAMUEL GOMPERS,AVENIDA,GENARO ESTRADA,NA,SN,NA,1,NA,NA,COLONIA,SANTA CRUZ MEYEHUALCO,PARQUE RECREATIVO,DEPORTIVO SANTA CRUZ MEYEHUALCO,SN,09290,09,Ciudad de México,007,Iztapalapa,0001,Iztapalapa,1301,010,NA,NA,NA,Fijo,19.34667503,-99.0476097,2010-07
637848,09017624411000051011000000U3,UNION AMANECER DEL BARRIO,VIRGINIA MARTINA JUAREZ GARCIA SC,713943,Centros de acondicionamiento físico del sector privado,0 a 5 personas,CALLE,PELUQUEROS,CALLE,CARPINTERIA,AVENIDA,FERROCARRIL DE CINTURA,CALLE,PINTORES,72,NA,NA,NA,NA,NA,COLONIA,MORELOS,NA,NA,NA,15270,09,Ciudad de México,017,Venustiano Carranza,0001,Venustiano Carranza,0210,009,NA,NA,NA,Fijo,19.44725035,-99.12204133,2010-07
10641156,09005713943005311000000000U5,UNIVERSAL DANCE ESTUDIO ESCUELA PROFESIONAL DE DANZA,UNIVERSAL DANCE ESTUDIO ESCUELA PROFESIONAL DE DANZA,713943,Centros de acondicionamiento físico del sector privado,0 a 5 personas,CALLE,PONIENTE 116,CALLE,NORTE 16,AVENIDA,INSURGENTES NORTE,CALLE,PONIENTE 112,254,NA,NA,NA,NA,NA,COLONIA,CAPULTITLÁN,NA,NA,NA,07370,09,Ciudad de México,005,Gustavo A. Madero,0001,Gustavo A. Madero,1400,004,5535308102,NA,NA,Fijo,19.47728798,-99.13454353,2024-11
7733659,09015713943002021000000000U2,UNIVERSO PILATES,NA,713943,Centros de acondicionamiento físico del sector privado,0 a 5 personas,AVENIDA,NUEVO LEON,CALLE,NUEVO LEON,CALLE,SINDICALISMO,EJE VIAL,4 SUR (BENJAMIN FRANKLIN),213,NA,NA,1,NA,PB B,COLONIA,HIPÓDROMO,NA,NA,NA,06100,09,Ciudad de México,015,Cuauhtémoc,0001,Cuauhtémoc,1426,019,NA,NIVERSOPILATESCONDESA@GMAIL.COM,NA,Fijo,19.40474009,-99.17167225,2019-11
933607,09014713943000741001000000U0,UNIVERSO PILATES ESTUDIO REFORMER,NA,713943,Centros de acondicionamiento físico del sector privado,6 a 10 personas,EJE VIAL,7 SUR FELIX CUEVAS,CALLE,PATRICIO SANZ,CALLE,MORAS,EJE VIAL,7 SUR (FELIX CUEVAS),329,6,NA,NA,NA,NA,COLONIA,DEL VALLE SUR,NA,NA,NA,03100,09,Ciudad de México,014,Benito Juárez,0001,Benito Juárez,0806,008,5555244663,UNIVERSPILATES@GMAIL.COM,WWW.UNIVERSOPILATES.COM,Fijo,19.37270161,-99.17468957,2010-07
954676,09014713943000523002000000U2,UPG GYM,GABRIEL CARMONA,713943,Centros de acondicionamiento físico del sector privado,0 a 5 personas,CALLE,ISABEL LA CATOLICA,CALLE,LA CORUÑA,CALLE,SEGOVIA,CALLE,ASTURIAS,560,A,NA,NA,NA,NA,COLONIA,ALAMOS,NA,NA,NA,03400,09,Ciudad de México,014,Benito Juárez,0001,Benito Juárez,0030,003,NA,NA,NA,Fijo,19.40166468,-99.14025782,2010-07
667882,09002713943000321002000000U6,URBAN CROSS GYM,NA,713943,Centros de acondicionamiento físico del sector privado,11 a 30 personas,CALLE,PRIMERA PRIVADA CAMARONES,CALLE,TERCERA PRIVADA RECREO,EJE VIAL,3 NORTE (CALZADA CAMARONES),PRIVADA,PRIMERA PRIVADA EL PUENTE,36,NA,NA,NA,NA,NA,COLONIA,DEL RECREO,NA,NA,NA,02070,09,Ciudad de México,002,Azcapotzalco,0001,Azcapotzalco,0472,007,5555616861,NA,NA,Fijo,19.47510385,-99.18328644,2010-07
925994,09010713943000872001000000U1,URBAN GYM,NA,713943,Centros de acondicionamiento físico del sector privado,0 a 5 personas,CALLE,LOMA NUEVA,CALLE,CERRADA CENTENARIO,AVENIDA,CENTENARIO,AVENIDA,CENTENARIO,144,NA,NA,NA,NA,NA,COLONIA,LOMAS DE TARANGO,NA,NA,NA,01620,09,Ciudad de México,010,Álvaro Obregón,0001,Álvaro Obregón,0915,018,NA,NA,NA,Fijo,19.36504054,-99.22078485,2014-12
8210267,09005713943003362000000000U0,V BOUDERIN SPORT CENTER,NA,713943,Centros de acondicionamiento físico del sector privado,6 a 10 personas,AVENIDA,MIGUEL OTHON DE MENDIZABAL ORIENTE,AVENIDA,CENTRAL,CALLE,JOVELLANOS,CALZADA,SANTA ANA NORTE,485,NA,NA,NA,NA,NA,COLONIA,NUEVA INDUSTRIAL VALLEJO,NA,NA,NA,07700,09,Ciudad de México,005,Gustavo A. Madero,0001,Gustavo A. Madero,0525,002,NA,CONTACTO@V-MAS.COM.MX,NA,Fijo,19.50652458,-99.14797818,2019-11
10168541,09014713943002251000000000U8,V JAZZ,NA,713943,Centros de acondicionamiento físico del sector privado,0 a 5 personas,EJE VIAL,4 SUR XOLA,EJE VIAL,3 PONIENTE (AMORES),EJE VIAL,2 PONIENTE (GABRIEL MANCERA),CALLE,ELENA ARIZMENDI MEJIA,710,2,NA,NA,NA,NA,COLONIA,DEL VALLE NORTE,NA,NA,NA,03103,09,Ciudad de México,014,Benito Juárez,0001,Benito Juárez,005A,006,NA,GLEON.UC@GMAIL.COM,NA,Fijo,19.39663517,-99.16266613,2024-11
10225107,09002713943001261000000000U3,VALKYRIA CROSS AND FITNESZ,NA,713943,Centros de acondicionamiento físico del sector privado,0 a 5 personas,CALLE,19,CALLE,16,CALLE,12,CALLE,17,208,NA,NA,NA,NA,NA,COLONIA,PRO HOGAR,NA,NA,NA,02600,09,Ciudad de México,002,Azcapotzalco,0001,Azcapotzalco,0400,010,NA,NA,WWW.VALKYRIACROSSFITNESZ.COM.MX,Fijo,19.47530633,-99.15396309,2024-11
10485558,09002713943001521000000000U0,VCIOUS BOX,ECLOSION AGENCIA DE COMUNICACION,713943,Centros de acondicionamiento físico del sector privado,0 a 5 personas,CALLE,PONIENTE 44,AVENIDA,CALZADA CAMARONES,CERRADA,SEGUNDA,AVENIDA,BIOLOGO MAXIMINO MARTINEZ,NA,SN,NA,NA,2701,NA,COLONIA,SAN SALVADOR XOCHIMANCA,NA,NA,NA,02870,09,Ciudad de México,002,Azcapotzalco,0001,Azcapotzalco,0824,016,5624693605,NA,NA,Fijo,19.45933931,-99.17019549,2024-11
10478254,09003713943002732000000000U0,VIBADANCESTUDIO,NA,713943,Centros de acondicionamiento físico del sector privado,6 a 10 personas,CALLE,NEZAHUALPILLI,CALLE,TOTONACAS,CALLE,MIXTECAS,CALLE,PAPATZIN,73,NA,NA,NA,NA,NA,COLONIA,AJUSCO,NA,NA,NA,04300,09,Ciudad de México,003,Coyoacán,0001,Coyoacán,0963,001,5510061644,NA,NA,Fijo,19.315029,-99.16540481,2024-11
996170,09003713943000191000000000U1,VIBRA HEALT,NA,713943,Centros de acondicionamiento físico del sector privado,0 a 5 personas,CALLE,CEFIRO,CALLE,NINGUNO,AVENIDA,PANAMERICANA,CALLE,CEFIRO,NA,SN,NA,NA,NA,NA,COLONIA,PEDREGAL DE CARRASCO,NA,NA,NA,04700,09,Ciudad de México,003,Coyoacán,0001,Coyoacán,1529,002,5551716300,NA,NA,Fijo,19.30401488,-99.18028863,2026-04
9590002,09012713943002721000000000U4,VIBRANIUM GYM,NA,713943,Centros de acondicionamiento físico del sector privado,0 a 5 personas,CALZADA,ACOXPA,RETORNO,1 DE ACOXPA,RETORNO,2 DE ACOXPA,OTRO(ESPECIFIQUE),AREA VERDE,311,NA,NA,NA,NA,NA,COLONIA,VILLA LÁZARO CÁRDENAS,NA,NA,NA,14370,09,Ciudad de México,012,Tlalpan,0001,Tlalpan,045A,006,5531819585,NA,NA,Fijo,19.29915052,-99.14191682,2024-11
10696072,09006713943001451000000000U1,VIE FIT,NA,713943,Centros de acondicionamiento físico del sector privado,0 a 5 personas,CALLE,6,CALLE,UNION,CALLE,GUADALUPE,CALLE,PRIVADA B,324,NA,NA,NA,NA,NA,COLONIA,AGRÍCOLA PANTITLAN,NA,NA,NA,08100,09,Ciudad de México,006,Iztacalco,0001,Iztacalco,0039,011,5611630104,BTIF63544@GMAIL.COM,NA,Fijo,19.414851380000002,-99.05865611,2024-11
956758,09014713943000861002000000U6,VIKING S GYM,NA,713943,Centros de acondicionamiento físico del sector privado,0 a 5 personas,CALLE,ANAXAGORAS,CALLE,ESPERANZA,CALLE,LA MORENA,EJE VIAL,1 PONIENTE (AVENIDA CUAUHTEMOC),236,NA,NA,NA,NA,NA,COLONIA,NARVARTE PONIENTE,NA,NA,NA,03020,09,Ciudad de México,014,Benito Juárez,0001,Benito Juárez,0064,012,5556393490,VIKINGS_GYM_SPM@HOTMAIL.COM,NA,Fijo,19.39926282,-99.15654115,2010-07
8508487,09012713943002131000000000U6,VIKINGOS OFTEN GIMNASIO,NA,713943,Centros de acondicionamiento físico del sector privado,0 a 5 personas,CALLE,CALLE DE LA HACIENDA,CALLE,EL MOLINO,CALLE,CERRADA DE LA HACIENDA,CALLE,EL PORTILLO,106,NA,NA,NA,NA,NA,RESIDENCIAL,RESIDENCIAL VILLA COAPA,NA,NA,NA,14390,09,Ciudad de México,012,Tlalpan,0001,Tlalpan,0731,012,NA,VIKINGSOFTEN@GMAIL.COM,NA,Fijo,19.28732089,-99.12102281,2019-11
708804,09006713943000602002000000U0,VIKINGOS SPORTS CENTER,NA,713943,Centros de acondicionamiento físico del sector privado,6 a 10 personas,CALLE,ORIENTE 237 C,AVENIDA,SUR 8,CALLE,SUR 4-D,EJE VIAL,5 ORIENTE (JAVIER ROJO GOMEZ),74,NA,NA,NA,NA,E,COLONIA,AGRÍCOLA ORIENTAL,NA,NA,NA,08500,09,Ciudad de México,006,Iztacalco,0001,Iztacalco,0325,020,5559147981,VIKINGOSSPORTSCENTER@GMAIL.COM,NA,Fijo,19.40056752,-99.07257979,2014-12
10951025,09003713943002742000000000U9,VIKINGS GYM,NA,713943,Centros de acondicionamiento físico del sector privado,6 a 10 personas,CALZADA,CALZADA DE LAS BOMBAS,AVENIDA,DIVISION DEL NORTE,CERRADA,NINGUNO,CALLE,NARCISOS (MAR DE LAS LLUVIAS),128,NA,NA,20,6,NA,COLONIA,EL PARQUE DE COYOACÁN,"HOSPITAL, CENTRO MEDICO O CLINICA",CENTRO MEDICO COYOACAN,404,04980,09,Ciudad de México,003,Coyoacán,0001,Coyoacán,1675,022,NA,NA,NA,Fijo,19.30975993,-99.12970165,2024-11
11685233,09005713943005091000000000U3,VIKOS GYM,NA,713943,Centros de acondicionamiento físico del sector privado,0 a 5 personas,CALLE,FRANCISCO SARABIA,CALLE,LA PALMA,CALLE,PUERTO MARFIL,CALLE,FRANCISCO SARABIA,2,NA,NA,NA,NA,NA,COLONIA,LOMA LA PALMA,NA,NA,NA,07160,09,Ciudad de México,005,Gustavo A. Madero,0001,Gustavo A. Madero,0050,013,NA,NA,NA,Fijo,19.55798352,-99.13723089,2024-11
9547112,09017713943001811000000000U3,VILLAFANE SPORTS CENTER,NA,713943,Centros de acondicionamiento físico del sector privado,0 a 5 personas,CALLE,ALUMINIO,CALLE,CIENEGUILLA,CALLE,BONANZA,EJE VIAL,2 NORTE (CANAL DEL NORTE),357,A,NA,NA,NA,NA,CIUDAD,QUINTO TRAMO 20 DE NOVIEMBRE,NA,NA,NA,15300,09,Ciudad de México,017,Venustiano Carranza,0001,Venustiano Carranza,0047,015,NA,NA,NA,Fijo,19.4508313,-99.11309963,2024-11
10493042,09002713943001321000000000U5,VISTA FITNESS CENTER,VISTA FITNESS CENTER,713943,Centros de acondicionamiento físico del sector privado,0 a 5 personas,CALLE,CENTRAL,AVENIDA,CALZADA CAMARONES,CERRADA,SEGUNDA CENTRAL,CERRADA,YUCA,25,NA,NA,NA,NA,NA,COLONIA,SAN BERNABÉ,NA,NA,NA,02830,09,Ciudad de México,002,Azcapotzalco,0001,Azcapotzalco,0716,006,NA,NA,NA,Fijo,19.46771753,-99.17486571,2024-11
10405951,09005713943005102000000000U8,VISTA FITNESS CENTER,VISTA FITNESS CENTER,713943,Centros de acondicionamiento físico del sector privado,6 a 10 personas,CALLE,GUANAJUATO,CALLE,6 DE OCTUBRE,CALLE,17 DE MAYO,CALLE,AHUEHUETES,46,NA,NA,NA,NA,NA,COLONIA,SAN BARTOLO ATEPEHUACAN,NA,NA,NA,07730,09,Ciudad de México,005,Gustavo A. Madero,0001,Gustavo A. Madero,092A,023,NA,NA,WWW.VITAFITNESS.MX,Fijo,19.4935803,-99.14288746,2024-11
8583274,09003713943001792001000000U5,VOLTIO FITNESS,VOLTIO FITNESS,713943,Centros de acondicionamiento físico del sector privado,0 a 5 personas,EJE VIAL,1 ORIENTE AVENIDA CANAL DE MIRAMONTES,CALLE,BENITO FERNANDEZ ARRIETA,CALLE,JORGE RUIZ REYES,CALLE,JOSE SAAVEDRA DEL RAZO,2684,NA,NA,NA,NA,NA,COLONIA,LOS CIPRESES,NA,NA,NA,04830,09,Ciudad de México,003,Coyoacán,0001,Coyoacán,0889,006,5569660658,NA,WWW.VOLTIOFIT.COM,Fijo,19.31800232,-99.12884597,2019-11
11469945,09003713943002401000000000U2,WAREHOUSE FUNCTIONAL FITNESS CENTER,NA,713943,Centros de acondicionamiento físico del sector privado,0 a 5 personas,AVENIDA,MIGUEL ANGEL DE QUEVEDO,CALLEJON,CALLEJON DE PINITOS,CALLE,TRES CRUCES,CERRADA,GONZALEZCO,611,NA,NA,NA,NA,NA,COLONIA,CUADRANTE DE SAN FRANCISCO,NA,NA,NA,04320,09,Ciudad de México,003,Coyoacán,0001,Coyoacán,0287,024,5539547482,NA,NA,Fijo,19.34467558,-99.16579204,2024-11
11087579,09011713943002171000000000U4,WARIOR GIMS,NA,713943,Centros de acondicionamiento físico del sector privado,0 a 5 personas,CALLE,RAFAEL CASTILLO,CALLE,JAVIER MINA,PEATONAL,NINGUNO,PEATONAL,SEGUNDA CERRADA JOSE MARIA MORELOS,8,NA,NA,NA,NA,NA,COLONIA,BARRIO SAN MATEO,NA,NA,NA,13040,09,Ciudad de México,011,Tláhuac,0001,Tláhuac,0452,014,NA,NA,NA,Fijo,19.27084774,-98.99815433,2024-11
7837856,09017713943001242000000000U1,WARRIOR-FIT GIMNASIO,NA,713943,Centros de acondicionamiento físico del sector privado,6 a 10 personas,CALLE,CIRCUNVALACION,CALLE,XICOTENCATL,CALLE,TENOCHTITLAN,CALLE,CIRCUNVALACION,212,NA,NA,NA,NA,NA,COLONIA,ARENAL PRIMERA SECCIÓN,NA,NA,NA,15600,09,Ciudad de México,017,Venustiano Carranza,0001,Venustiano Carranza,1524,024,5555056414,WARRIORFITGYM.PRIMERA@GMAIL.COM,NA,Fijo,19.4228661,-99.06000462,2019-11
8303276,09016713943001421000000000U3,WBF,NA,713943,Centros de acondicionamiento físico del sector privado,0 a 5 personas,AVENIDA,PUENTE DE LA MORENA,CALLE,HEROES DE 1810,PRIVADA,HEROES DE 1821,CALLE,HEROES DE 1810,18,D,NA,NA,NA,NA,COLONIA,ESCANDÓN I SECCIÓN,NA,NA,NA,11800,09,Ciudad de México,016,Miguel Hidalgo,0001,Miguel Hidalgo,1211,011,NA,CONTACTO@WOMENBOXFITNESS.COM,NA,Fijo,19.3990834,-99.18431406,2019-11
12334079,09005713943004641000000000U6,WIGGLE POLE Y FITNESS,AIDE ROSALES,713943,Centros de acondicionamiento físico del sector privado,0 a 5 personas,OTRO(ESPECIFIQUE),MANZANA O EDIFICACION CONTIGUA,CALLE,MANUEL L ESTAMPA,CALLE,URUYEN,OTRO(ESPECIFIQUE),MANZANA O EDIFICACION CONTIGUA,4,NA,NA,NA,NA,NA,COLONIA,TORRES LINDAVISTA,NA,NA,NA,07708,09,Ciudad de México,005,Gustavo A. Madero,0001,Gustavo A. Madero,338A,029,NA,NA,NA,Fijo,19.51072241,-99.14148242,2026-04
11328423,09002713943001332000000000U2,WINNERS ESTUDIO,NA,713943,Centros de acondicionamiento físico del sector privado,6 a 10 personas,CALLE,VERBENA,CALZADA,TLATILCO,AVENIDA,JARDIN,CALLE,ARTEMISA,NA,SN,NA,NA,NA,NA,COLONIA,TLATILCO,NA,NA,NA,02860,09,Ciudad de México,002,Azcapotzalco,0001,Azcapotzalco,0858,001,NA,NA,NA,Fijo,19.46149759,-99.16336447,2024-11
8442478,09014713943001491000000000U1,WOLF STUDIO,NA,713943,Centros de acondicionamiento físico del sector privado,0 a 5 personas,CALLE,DAKOTA,CALLE,CAROLINA,EJE VIAL,5 SUR (AVENIDA SAN ANTONIO),CALLE,DAKOTA,428,NA,NA,NA,NA,NA,COLONIA,AMPLIACIÓN NÁPOLES,NA,NA,NA,03840,09,Ciudad de México,014,Benito Juárez,0001,Benito Juárez,037A,012,NA,NA,WWW.WOLFSTUDIO.MX,Fijo,19.3855088,-99.18034143,2019-11
695354,09017713943000761001000000U1,WORK SPORT,NA,713943,Centros de acondicionamiento físico del sector privado,6 a 10 personas,EJE VIAL,1 NORTE AVENIDA DEL TRABAJO,CALLE,JARDINEROS,CALLE,CERRAJERIA,EJE VIAL,1 NORTE (AVENIDA DEL TRABAJO),NA,SN,NA,NA,NA,NA,COLONIA,MORELOS,NA,NA,NA,15270,09,Ciudad de México,017,Venustiano Carranza,0001,Venustiano Carranza,0367,015,5653068150,NA,NA,Fijo,19.44156888,-99.12162877,2014-12
829342,09007713943000851000000000U1,WORLD FITNESS,EMMANUEL SANTOS,713943,Centros de acondicionamiento físico del sector privado,6 a 10 personas,AVENIDA,TLAHUAC,CALLE,EMILIANO ZAPATA,CALLE,ROBERTO ROBINSON,CALLE,EMILIANO ZAPATA,3860,NA,NA,17,7,NA,COLONIA,12 DE DICIEMBRE,CENTRO Y PLAZA COMERCIAL,PLAZA RAMZ,2,09870,09,Ciudad de México,007,Iztapalapa,0001,Iztapalapa,1867,011,NA,NA,WWW.WORDFITNES.COM,Fijo,19.32686932,-99.10144043,2010-07
10078863,09007713943007192000000000U3,WORLD GYM,NA,713943,Centros de acondicionamiento físico del sector privado,6 a 10 personas,CALLE,SUR 21,CALLE,2,CALLE,AVENIDA PRESIDENTE EMILIO PORTES GIL (1),CALLE,SUR 23,25,NA,NA,NA,NA,NA,COLONIA,LEYES DE REFORMA PRIMERA SECCIÓN,NA,NA,NA,09310,09,Ciudad de México,007,Iztapalapa,0001,Iztapalapa,1000,013,5526336570,NA,NA,Fijo,19.35641037,-99.07206099,2024-11
734490,09007713943002121001000000U7,WORLD GYM,NA,713943,Centros de acondicionamiento físico del sector privado,6 a 10 personas,AVENIDA,5 DE MAYO,CALLE,CUITLAHUAC,CALLE,BENITO JUAREZ,AVENIDA,5 DE MAYO,1,NA,NA,NA,NA,NA,COLONIA,SANTA CRUZ MEYEHUALCO,NA,NA,NA,09700,09,Ciudad de México,007,Iztapalapa,0001,Iztapalapa,1759,011,5559144251,NA,NA,Fijo,19.34215655,-99.04033729,2014-12
873822,09015713943001452001000000U0,X GYM,NA,713943,Centros de acondicionamiento físico del sector privado,0 a 5 personas,CALLE,DOCTOR JOSE PABLO MARTINEZ DEL RIO,AVENIDA,DOCTOR JOSE MARIA VERTIZ,CALLE,DOCTOR AGUSTIN ANDRADE,CALLE,DOCTOR IGNACIO ERAZO,55,NA,NA,NA,NA,NA,COLONIA,DOCTORES,NA,NA,NA,06720,09,Ciudad de México,015,Cuauhtémoc,0001,Cuauhtémoc,113A,009,NA,LAREFORMA9@MSN.COM,NA,Fijo,19.41719667,-99.14667901,2012-06
936129,09013713943001323001000000U8,XTREME FIT GIMNASIO,NA,713943,Centros de acondicionamiento físico del sector privado,0 a 5 personas,CALLE,CONSTITUCION DE 1824,CALLE,PLAN DE CABORCA,AVENIDA,PROLONGACION DIVISION DEL NORTE,CALLE,CONSTITUCION DE 1824,11,C,NA,NA,NA,NA,BARRIO,SAN LORENZO LA CEBADA,NA,NA,NA,16010,09,Ciudad de México,013,Xochimilco,0001,Xochimilco,1239,028,5532638402,NA,NA,Fijo,19.27915411,-99.1224149,2014-12
733259,09007713943003901000000000U1,XTREME FITNESS,MARGARITA HERNANDEZ,713943,Centros de acondicionamiento físico del sector privado,0 a 5 personas,CALLE,JUAREZ,CALLE,OCTAVIO SENTIES,CALLE,PRIVADA NINFA,CALLE,PRIVADA NINFA,NA,SN,NA,NA,NA,NA,COLONIA,SANTIAGO ACAHUALTEPEC SEGUNDA AMPLIACIÓN,NA,NA,NA,09609,09,Ciudad de México,007,Iztapalapa,0001,Iztapalapa,2738,035,NA,EXTREMEFITNESS99@OUTLOOK.COM,NA,Fijo,19.346709,-99.01079774,2014-12
9949628,09002713943001241000000000U5,XTREME FITNESS,XTREME FITNESS,713943,Centros de acondicionamiento físico del sector privado,0 a 5 personas,CALLE,TREBOL,PRIVADA,TREBOL,CALLE,CALZADA AZCAPOTZALCO LA VILLA,EJE VIAL,4 NORTE (ANTIGUA CALZADA DE GUADALUPE),31,NA,NA,NA,NA,NA,COLONIA,SAN MARCOS,NA,NA,NA,02020,09,Ciudad de México,002,Azcapotzalco,0001,Azcapotzalco,0326,004,7292989400,NA,NA,Fijo,19.48635694,-99.18134739,2024-11
929557,09008713943000331001000000U2,XTREME GYM,NA,713943,Centros de acondicionamiento físico del sector privado,6 a 10 personas,CALLE,JOSE MORENO SALIDO,CALLE,CERRADA FRESNO,CALLE,PROVIDENCIA,CALLE,PROVIDENCIA,89,NA,NA,NA,NA,NA,COLONIA,BARRANCA SECA,NA,NA,NA,10580,09,Ciudad de México,008,La Magdalena Contreras,0001,La Magdalena Contreras,032A,015,NA,NA,NA,Fijo,19.30564899,-99.23919921,2014-12
896346,09015611621000533011000000U3,YONI SHAKTI POLE DANCE,NA,713943,Centros de acondicionamiento físico del sector privado,0 a 5 personas,CALLE,CITLALTEPETL,AVENIDA,CAMPECHE,AVENIDA,AMSTERDAM,AVENIDA,NUEVO LEON,31,NA,NA,NA,0,B,COLONIA,HIPÓDROMO,NA,NA,NA,06100,09,Ciudad de México,015,Cuauhtémoc,0001,Cuauhtémoc,1341,016,NA,INFO@YONISHAKTI.COM,WWW.POLEDANCE.COM.MX,Fijo,19.40894258,-99.17172453,2014-12
10568480,09015713943003011000000000U2,ZANNA PILATES,ZANNA PILATES,713943,Centros de acondicionamiento físico del sector privado,0 a 5 personas,CALLE,CHIHUAHUA,CALLE,TONALA,EJE VIAL,2 PONIENTE (MONTERREY),AVENIDA,ALVARO OBREGON,201,NA,NA,NA,1,NA,COLONIA,ROMA NORTE,NA,NA,NA,06700,09,Ciudad de México,015,Cuauhtémoc,0001,Cuauhtémoc,1106,008,5618116110,ZANNA@GMAIL.COM,NA,Fijo,19.41681536,-99.16324885,2024-11
11036392,09011713943002141000000000U7,ZAPATA MASTER FITNESS,NA,713943,Centros de acondicionamiento físico del sector privado,0 a 5 personas,AVENIDA,TLAHUAC,CALLE,OLIVOS,AVENIDA,RENO,AVENIDA,RENO,5293,NA,NA,1,8,F,COLONIA,LOS OLIVOS,CENTRO Y PLAZA COMERCIAL,PLAZA TLAHUAC,F-08,13210,09,Ciudad de México,011,Tláhuac,0001,Tláhuac,0058,008,NA,NA,NA,Fijo,19.3049396,-99.06178703,2024-11
11791496,09017713943001921000000000U0,ZEUZ CROS,NA,713943,Centros de acondicionamiento físico del sector privado,0 a 5 personas,AVENIDA,EMILIO CARRANZA,CALLE,Juan Gutiérrez,AVENIDA,Iztaccíhuatl,CALLE,Ninguno,100,NA,NA,NA,0,B,COLONIA,MOCTEZUMA PRIMERA SECCIÓN,NA,NA,NA,15500,09,Ciudad de México,017,Venustiano Carranza,0001,Venustiano Carranza,0530,010,NA,NA,NA,Fijo,19.42903713,-99.10501853,2025-04
11294298,09007713943006712000000000U9,ZONA 7,NA,713943,Centros de acondicionamiento físico del sector privado,6 a 10 personas,CALLE,ELISSA ACUÑA Y ROSSETI,CALLE,LAUREANO ESTUDILLO,CALLE,JOSE DE LA LUZ BLANCO,CALLE,FRANCISCO C. MORALES,NA,SN,NA,NA,NA,NA,COLONIA,SANTA MARTHA ACATITLA NORTE,NA,NA,NA,09140,09,Ciudad de México,007,Iztapalapa,0001,Iztapalapa,0623,014,NA,NA,NA,Fijo,19.37805398,-99.01763049,2024-11
10220457,09016713943001723000000000U2,ZONA FITNESS,EHURISA CONSULTORES Y CONTSTRUCORES,713943,Centros de acondicionamiento físico del sector privado,11 a 30 personas,CALLE,LAGO ALBERTO,CALLE,LAGO XOCHIMILCO,CALLE,BAHIA DE SAN HIPOLITO,CALLE,BAHIA ESPIRITU SANTO,416,NA,NA,NA,NA,NA,COLONIA,ANÁHUAC I SECCIÓN,NA,NA,NA,11320,09,Ciudad de México,016,Miguel Hidalgo,0001,Miguel Hidalgo,0482,012,NA,NA,WWW.ZONA-FITNESSPOLAMNCO.COM,Fijo,19.43852792,-99.17875783,2024-11
7924423,09010713943001653001000000U4,ZONA FITNESS MIXCOAC,ZONA FITNESS MIXCOAC,713943,Centros de acondicionamiento físico del sector privado,0 a 5 personas,CALLE,NINGUNO,CALLE,FERROCARRIL DE CUERNAVACA,CALLE,TOLTECAS,CALLE,16,132,NA,NA,1,NA,NA,COLONIA,CAROLA,CENTRO Y PLAZA COMERCIAL,EXIHIBEX SAN ANTONIO,30,01180,09,Ciudad de México,010,Álvaro Obregón,0001,Álvaro Obregón,0135,056,NA,NOR.ARA1492@GMAIL.COM,NA,Fijo,19.38706131,-99.19187584,2019-11
10166165,09010713943002752000000000U3,ZONA FITNESS SAN ANGEL,EHURISA CONSULTORES Y CONSTRUCTORS,713943,Centros de acondicionamiento físico del sector privado,6 a 10 personas,CALLE,FRONTERA,CALLE,MIGUEL HIDALGO,CALLE,SAN LUIS POTOSI,CALLE,MIGUEL HIDALGO,49,NA,NA,NA,NA,NA,COLONIA,SAN ÁNGEL,NA,NA,NA,01000,09,Ciudad de México,010,Álvaro Obregón,0001,Álvaro Obregón,1190,007,NA,NA,WWW.ZONAFITNESS.SANANGEL.COM,Fijo,19.34185171,-99.1963306,2024-11
11258315,09016713943001803000000000U2,ZUDA,CONCENTRADORA VIDA SANA,713943,Centros de acondicionamiento físico del sector privado,11 a 30 personas,CALLE,PASEO DE LAS LILAS,CALLE,BOSQUE DE PALMITO,CARRETERA,FEDERAL MEXICO-TOLUCA,CALLE,ROQUETA,92,NA,NA,1,NA,NA,COLONIA,BOSQUES DE LAS LOMAS,CENTRO Y PLAZA COMERCIAL,PLAZA LILAS,118 119 120,11700,09,Ciudad de México,016,Miguel Hidalgo,0001,Miguel Hidalgo,1300,012,NA,FACTURACION@ZUDA.MX,WWW.ZUDANX.COM,Fijo,19.38713956,-99.24784894,2024-11
634858,09002611621000121000000000U5,ZUMBA,NA,713943,Centros de acondicionamiento físico del sector privado,0 a 5 personas,CALLE,ROSARIO,CALLEJON,ANTONIO S. ANAYA,CALLEJON,PRIMERO DEL ROSARIO,CALLE,HORTALIZA,6,NA,NA,NA,NA,NA,PUEBLO,SANTA BÁRBARA,NA,NA,NA,02230,09,Ciudad de México,002,Azcapotzalco,0001,Azcapotzalco,0133,012,NA,NA,NA,Fijo,19.497678230000002,-99.18098868,2010-07
10018110,09007713943007621000000000U1,ZUMBA,NA,713943,Centros de acondicionamiento físico del sector privado,0 a 5 personas,CALLE,DESPOSORIOS,AVENIDA,TLAHUAC,CALLE,SAN ANTONIO,CALLE,CANDELABRO,827,NA,NA,NA,NA,NA,COLONIA,GUADALUPE,NA,NA,NA,09900,09,Ciudad de México,007,Iztapalapa,0001,Iztapalapa,2102,008,NA,NA,NA,Fijo,19.3100382,-99.07006679,2024-11
7298688,09010713943001531000000000U2,ZUMBA,NA,713943,Centros de acondicionamiento físico del sector privado,0 a 5 personas,CALLE,RAFAEL CHECA,CALLE,JUAREZ,CERRADA,RAFAEL CHECA,AVENIDA,DESIERTO DE LOS LEONES,15,NA,NA,NA,NA,NA,PUEBLO,SANTA ROSA XOCHIAC,NA,NA,NA,01830,09,Ciudad de México,010,Álvaro Obregón,0001,Álvaro Obregón,135A,015,NA,NA,NA,Fijo,19.32782178,-99.28260685,2019-11
1053894,09010713943000721000000000U0,ZUMBA,NA,713943,Centros de acondicionamiento físico del sector privado,0 a 5 personas,CALLE,17,CALLE,5,CALLE,4,CALLE,PADRE HIDALGO,1,NA,NA,NA,NA,NA,COLONIA,OLIVAR DEL CONDE PRIMERA SECCIÓN,NA,NA,NA,01400,09,Ciudad de México,010,Álvaro Obregón,0001,Álvaro Obregón,0506,009,NA,NA,NA,Fijo,19.37628729,-99.20354351,2014-12
924814,09010713943001171000000000U7,ZUMBA,NA,713943,Centros de acondicionamiento físico del sector privado,0 a 5 personas,AVENIDA,CHICAGO,CALLE,URANO,CALLE,NEPTUNO,CALLE,MERCURIO,NA,SN,NA,NA,NA,NA,COLONIA,REACOMODO EL CUERNITO,NA,NA,NA,01280,09,Ciudad de México,010,Álvaro Obregón,0001,Álvaro Obregón,2112,002,NA,NA,NA,Fijo,19.38181472,-99.20855496,2014-12
9667329,09007713943007431000000000U5,ZUMBA,NA,713943,Centros de acondicionamiento físico del sector privado,0 a 5 personas,CALLE,MIGUEL HIDALGO,CALLE,MIGUEL HIDALGO,CALLE,MIGUEL HIDALGO,CALLE,SANTA TERESA,1,NA,NA,NA,NA,NA,COLONIA,TEPALCATES,NA,NA,NA,09210,09,Ciudad de México,007,Iztapalapa,0001,Iztapalapa,0036,007,5642261982,NA,NA,Fijo,19.38940422,-99.05380423,2024-11
924184,09010713943000911000000000U7,ZUMBA,NA,713943,Centros de acondicionamiento físico del sector privado,0 a 5 personas,CALLE,22,CALLE,14,CALLE,13,AVENIDA,SANTA LUCIA,NA,SN,NA,NA,NA,NA,COLONIA,OLIVAR DEL CONDE PRIMERA SECCIÓN,NA,NA,NA,01400,09,Ciudad de México,010,Álvaro Obregón,0001,Álvaro Obregón,2165,002,5620219012,NA,NA,Fijo,19.37358345,-99.20947301,2014-12
9875345,09005713943004511000000000U1,ZUMBA,LIZETTE LOPEZ,713943,Centros de acondicionamiento físico del sector privado,0 a 5 personas,CALLE,NINGUNO,CALLE,NINGUNO,CALLE,NINGUNO,CALLE,NINGUNO,NA,SN,NA,NA,NA,NA,COLONIA,NARCISO BASSOLS,NA,NA,NA,07980,09,Ciudad de México,005,Gustavo A. Madero,0001,Gustavo A. Madero,2714,033,NA,NA,NA,Fijo,19.45629585,-99.05672429,2024-11
9893748,09007713943008091000000000U6,ZUMBA,NA,713943,Centros de acondicionamiento físico del sector privado,0 a 5 personas,ANDADOR,PRIMER LUIS COVARRUBIAS IBARRA,CALLEJON,PRIMER LUIS COVARRUBIAS IBARRA,CALLE,SAN FELIPE DE JESUS,AVENIDA,LUIS HIDALGO MONROY,82,NA,NA,NA,NA,NA,COLONIA,SAN MIGUEL,NA,NA,NA,09360,09,Ciudad de México,007,Iztapalapa,0001,Iztapalapa,1246,027,NA,NA,NA,Fijo,19.35314831,-99.0731663,2024-11
9674136,09017713943001901000000000U2,ZUMBA ARENAL,NA,713943,Centros de acondicionamiento físico del sector privado,0 a 5 personas,CALLE,XINANTECATL,CALLE,MEZTLI,CALLE,ACOLHUACAN,CALLE,CHIMALPOPOCA,1,NA,NA,NA,NA,NA,COLONIA,ARENAL TERCERA SECCIÓN,NA,NA,NA,15560,09,Ciudad de México,017,Venustiano Carranza,0001,Venustiano Carranza,0865,002,NA,NA,NA,Fijo,19.4279383,-99.05672451,2024-11
818939,09005713943000281001000000U5,ZUMBA CARDIO,NA,713943,Centros de acondicionamiento físico del sector privado,6 a 10 personas,AVENIDA,606,CALLE,633,CALLE,631,AVENIDA,606,157,NA,NA,NA,NA,NA,COLONIA,SAN JUAN DE ARAGÓN IV SECCIÓN,NA,NA,NA,07980,09,Ciudad de México,005,Gustavo A. Madero,0001,Gustavo A. Madero,2362,014,5525756746,NA,NA,Fijo,19.45536032,-99.06525505,2010-07
943803,09011713943000761000000000U4,ZUMBA CENTER,NA,713943,Centros de acondicionamiento físico del sector privado,0 a 5 personas,CALLE,MORELOS,CALLE,CARLOS A. VIDAL,CALLE,PLAZA CENTENARIO,CALLE,INDEPENDENCIA,7,NA,NA,NA,NA,NA,BARRIO,SAN FRANCISCO TLALTENCO,NA,NA,NA,13400,09,Ciudad de México,011,Tláhuac,0001,Tláhuac,0147,001,NA,NA,NA,Fijo,19.29626555,-99.01611521,2014-12
923881,09010713943000851000000000U5,ZUMBA CENTRO COMUNITARIO,NA,713943,Centros de acondicionamiento físico del sector privado,0 a 5 personas,AVENIDA,LOMAS DE CAPULA,CALLE,GOLONDRINA MUDA,CALLE,GOLONDRINA VIAJERA,CALLE,GOLONDRINA BLANCA,NA,SN,NA,NA,NA,NA,COLONIA,GOLONDRINAS PRIMERA SECCIÓN,NA,NA,NA,01270,09,Ciudad de México,010,Álvaro Obregón,0001,Álvaro Obregón,1523,021,NA,NA,NA,Fijo,19.38031164,-99.21039649,2014-12
9969051,09003713943002371000000000U7,ZUMBA CLASES,ZUMBA,713943,Centros de acondicionamiento físico del sector privado,0 a 5 personas,AVENIDA,CARMEN SERDAN,CALLE,ADELITA,CALLE,MARIA TOMASA ESTEVEZ,CALLE,MARIA TOMASA ESTEVEZ,NA,SN,NA,NA,NA,NA,COLONIA,CARMEN SERDÁN,NA,NA,NA,04910,09,Ciudad de México,003,Coyoacán,0001,Coyoacán,1389,039,NA,NA,NA,Fijo,19.31849509,-99.10939992,2024-11
741607,09005463113001831000000000U8,ZUMBA CLAU,NA,713943,Centros de acondicionamiento físico del sector privado,0 a 5 personas,CALLE,SALAVERRY,CALLE,CATAMARCA,CALLE,LA RIOJA,CALLE,RAMIRIQUI,1137,NA,NA,NA,1145,NA,COLONIA,RESIDENCIAL ZACATENCO,NA,NA,NA,07369,09,Ciudad de México,005,Gustavo A. Madero,0001,Gustavo A. Madero,060A,004,NA,NA,NA,Fijo,19.50443479,-99.12619274,2011-03
8197743,09007713943005061000000000U2,ZUMBA CLUB,NA,713943,Centros de acondicionamiento físico del sector privado,0 a 5 personas,CALLE,VIESCA CUARTA DE ORTEGA,CERRADA,MACUSPANA,CALLE,VILLA FRANQUEZA,PRIVADA,PRIMERA CAMINO REAL,56,NA,NA,NA,NA,NA,COLONIA,BUENAVISTA,NA,NA,NA,09700,09,Ciudad de México,007,Iztapalapa,0001,Iztapalapa,4096,010,NA,NA,NA,Fijo,19.32665636,-99.03173609,2019-11
849506,09012713943001221000000000U6,ZUMBA CON TONY,NA,713943,Centros de acondicionamiento físico del sector privado,0 a 5 personas,CALLE,SOTUTA,CALLE,HALACHO,CALLE,TENOSIQUE,CALLE,TECOH,NA,SN,NA,NA,4,MZ 54 L 8,COLONIA,PEDREGAL DE SAN NICOLÁS TERCERA SECCIÓN,NA,NA,NA,14100,09,Ciudad de México,012,Tlalpan,0001,Tlalpan,0515,021,5525212753,NA,NA,Fijo,19.28611879,-99.23359005,2010-07
9812126,09017713943001801000000000U4,ZUMBA FIT JUMPING,NA,713943,Centros de acondicionamiento físico del sector privado,0 a 5 personas,CALLE,ELECTRICISTAS,CALLE,AVICULTURA,CALLE,APICULTURA,CALLE,IMPRESORES,131,NA,NA,NA,NA,NA,COLONIA,20 DE NOVIEMBRE,NA,NA,NA,15300,09,Ciudad de México,017,Venustiano Carranza,0001,Venustiano Carranza,0282,008,NA,NA,NA,Fijo,19.44424514,-99.10577896,2024-11
8183654,09005713943003611000000000U0,ZUMBA FITNES,CLAUDIA LEON,713943,Centros de acondicionamiento físico del sector privado,0 a 5 personas,CALLE,NEZAHUALCOYOTL,CALLE,TEZCATLIPOCA,CALLE,JOHN F. KENNEDY,ANDADOR,HUITZILOPOCHTLI,NA,SN,NA,NA,NA,NA,COLONIA,LA PASTORA,NA,NA,NA,07250,09,Ciudad de México,005,Gustavo A. Madero,0001,Gustavo A. Madero,2574,007,NA,NA,NA,Fijo,19.53064227,-99.13704384,2019-11
1037876,09010722519000831010000000U4,ZUMBA FITNESS,NA,713943,Centros de acondicionamiento físico del sector privado,0 a 5 personas,PRIVADA,6,CERRADA,CALLE 6,ANDADOR,JOSE GALVEZ,OTRO(ESPECIFIQUE),AREA VERDE,9,NA,NA,NA,NA,NA,COLONIA,LA MARTINICA,NA,NA,NA,01690,09,Ciudad de México,010,Álvaro Obregón,0001,Álvaro Obregón,2288,014,5546531975,NA,NA,Fijo,19.35848115,-99.22417409,2010-07
11628163,09006713943001271000000000U3,ZUMBA FITNESS,ZUMBA FITNESS,713943,Centros de acondicionamiento físico del sector privado,0 a 5 personas,CALLE,3,CALLE,PATRICIA JUAREZ,CALLE,PRIVADA DE LA LUZ,CALLE,3,357,NA,NA,NA,NA,NA,COLONIA,AGRÍCOLA PANTITLAN,NA,NA,NA,08100,09,Ciudad de México,006,Iztacalco,0001,Iztacalco,0024,003,NA,NA,NA,Fijo,19.4194273,-99.06377914,2024-11
9909385,09012713943002801000000000U4,ZUMBA FITNESS,NA,713943,Centros de acondicionamiento físico del sector privado,0 a 5 personas,CALLE,BRISA,CALLE,SOL,CALLE,NIEBLA,CALLE,ESTRELLA,17,MZ 32 LT 17,NA,NA,NA,NA,COLONIA,JARDINES DE SAN JUAN,NA,NA,NA,14700,09,Ciudad de México,012,Tlalpan,0026,San Miguel Ajusco,2403,027,NA,NA,NA,Fijo,19.21535441,-99.18229428,2024-11
8365350,09007713943004201000000000U5,ZUMBA HALCON,NA,713943,Centros de acondicionamiento físico del sector privado,0 a 5 personas,CALLE,CERRO NACIONAL,AVENIDA,CANAL NACIONAL,CALLE,PROSPERO GARCIA,CERRADA,CANAL NACIONAL,8,NA,NA,NA,NA,NA,COLONIA,SANTA MARÍA TOMATLAN,NA,NA,NA,09870,09,Ciudad de México,007,Iztapalapa,0001,Iztapalapa,1867,026,NA,NA,NA,Fijo,19.32331033,-99.09949142,2019-11
8652372,09007713943004581000000000U0,ZUMBA HELENS,NA,713943,Centros de acondicionamiento físico del sector privado,0 a 5 personas,CALLE,5 DE MAYO,CALLE,2 DE ABRIL,PRIVADA,VICTORIA,PRIVADA,VICTORIA,17,NA,NA,17,NA,NA,BARRIO,LA ASUNCIÓN,EDIFICIO COMERCIAL Y DE SERVICIOS,EDIFICIO,1,09000,09,Ciudad de México,007,Iztapalapa,0001,Iztapalapa,0746,011,5575104813,ZUNBAHELENS@HOTMAIL.COM,NA,Fijo,19.36120791,-99.09359572,2019-11
9810925,09007713943007071000000000U9,ZUMBA LADY DANCE,NA,713943,Centros de acondicionamiento físico del sector privado,0 a 5 personas,CALLE,LA NIÑA,CALLE,NINGUNO,CALLE,CAMINO A LAS MINAS,CALLE,CAMINO A LAS MINAS,NA,SN,NA,NA,NA,NA,COLONIA,BUENAVISTA,NA,NA,NA,09700,09,Ciudad de México,007,Iztapalapa,0001,Iztapalapa,4240,030,NA,NA,NA,Fijo,19.32696473,-99.0248331,2024-11
947828,09011713943001061000000000U8,ZUMBA LATIN FUSSION,NA,713943,Centros de acondicionamiento físico del sector privado,0 a 5 personas,CALLE,ROSALES,CALLE,NINGUNO,CALLE,CLAVEL,CALLE,NINGUNO,330,NA,NA,NA,NA,NA,COLONIA,OLIVAR SANTA MARIA,NA,NA,NA,13540,09,Ciudad de México,011,Tláhuac,0001,Tláhuac,1499,004,NA,NA,NA,Fijo,19.24309041,-99.00916844,2014-12
7648900,09009713943000411001000000U0,ZUMBA LOVE DANCING CLUB,NA,713943,Centros de acondicionamiento físico del sector privado,6 a 10 personas,CALLE,AVENIDA MEXICO NORTE,CALLE,AVENIDA TABASCO ORIENTE,CALLE,MICHOACAN ORIENTE,CALLE,SONORA NORTE,5,NA,NA,NA,NA,NA,PUEBLO,VILLA MILPA ALTA,NA,NA,NA,12000,09,Ciudad de México,009,Milpa Alta,0001,Villa Milpa Alta,0026,007,5534605381,NA,NA,Fijo,19.19331146,-99.02367179,2019-11
8711431,09011713943001691000000000U2,ZUMBA MOSES FITNESS,NA,713943,Centros de acondicionamiento físico del sector privado,0 a 5 personas,EJE VIAL,10 SUR CARRETERA A SANTA CATARINA,CALLE,MONTES PIRINEOS,CALLE,MONTES CARPATOS,CALLE,MAR FRIO,3,NA,NA,NA,NA,NA,COLONIA,SELENE,NA,NA,NA,13420,09,Ciudad de México,011,Tláhuac,0001,Tláhuac,0170,019,5517012045,NA,NA,Fijo,19.29531575,-99.00638144,2019-11
712230,09007713943003851000000000U8,ZUMBA MOUDI DANCE AND FITNESS,NA,713943,Centros de acondicionamiento físico del sector privado,0 a 5 personas,CALLE,VICENTE GUERRERO,AVENIDA,APATLACO,EJE VIAL,5 SUR (SANTA MARIA LA PURISIMA),CALLE,CHAMIZAL,30,NA,NA,NA,NA,NA,COLONIA,APATLACO,NA,NA,NA,09410,09,Ciudad de México,007,Iztapalapa,0001,Iztapalapa,3632,014,NA,NA,NA,Fijo,19.38076244,-99.1137586,2014-12
11539520,09007713943006571000000000U9,ZUMBA MY LOVE,DANIELA RUIZ,713943,Centros de acondicionamiento físico del sector privado,0 a 5 personas,CALLE,RAMONDIA,CALLE,BAMBU,CALLE,CEDRO,CALLE,BAMBU,NA,SN,NA,NA,NA,NA,COLONIA,SANTIAGO ACAHUALTEPEC SEGUNDA AMPLIACIÓN,NA,NA,NA,09609,09,Ciudad de México,007,Iztapalapa,0001,Iztapalapa,2738,003,5649755775,NA,NA,Fijo,19.34389391,-99.00666379,2024-11
8442810,09003713943001621100000000U6,ZUMBA PEDREGALES,NA,713943,Centros de acondicionamiento físico del sector privado,0 a 5 personas,CALLE,SAN CARLOS,CALLE,SAN JORGE,AVENIDA,SANTA URSULA,CALLE,SAN PASCASIO,838,MZ 838 LT 30,NA,NA,NA,NA,COLONIA,PEDREGAL DE SANTA ÚRSULA,NA,NA,NA,04600,09,Ciudad de México,003,Coyoacán,0001,Coyoacán,0978,011,5535943350,NA,NA,Fijo,19.31069009,-99.15947952,2019-11
8377374,09007713943004851000000000U7,ZUMBA SALON MELODI,NA,713943,Centros de acondicionamiento físico del sector privado,0 a 5 personas,EJE VIAL,2 ORIENTE CALZADA DE LA VIGA,CERRADA,QUIMICOS,CIRCUITO,INTERIOR (AVENIDA RIO CHURUBUSCO),CALLE,DIBUJANTES,1476,A,NA,NA,NA,NA,COLONIA,EL SIFÓN,NA,NA,NA,09400,09,Ciudad de México,007,Iztapalapa,0001,Iztapalapa,5287,001,NA,NA,NA,Fijo,19.36997141,-99.12227621,2019-11
10940673,09005713943005201000000000U8,ZUMBA SIN NOMBRE,ZUMBA,713943,Centros de acondicionamiento físico del sector privado,0 a 5 personas,AVENIDA,ACUEDUCTO DE GUADALUPE,CALLE,VIÑA DEL MAR,PRIVADA,ACUEDUCTO,AVENIDA,ACUEDUCTO DE GUADALUPE,734,NA,NA,NA,NA,NA,COLONIA,SAN PEDRO ZACATENCO,NA,NA,NA,07369,09,Ciudad de México,005,Gustavo A. Madero,0001,Gustavo A. Madero,0582,021,NA,NA,NA,Fijo,19.50686037,-99.12254969,2024-11
10458480,09007713943006821000000000U8,ZUMBA SIN NOMBRE,ROSA CALDERONX,713943,Centros de acondicionamiento físico del sector privado,0 a 5 personas,CALLE,VILLA SAN PEDRO,CALLE,VILLA CARRILLO,CALLE,VILLA CARLOS,CALLE,VILLA DEL REY,NA,SN,NA,NA,NA,NA,COLONIA,DESARROLLO URBANO QUETZALCOATL,NA,NA,NA,09700,09,Ciudad de México,007,Iztapalapa,0001,Iztapalapa,3079,020,NA,NA,NA,Fijo,19.32931267,-99.04145615,2024-11
914582,09012713943001171000000000U3,ZUMBA SIN NOMBRE,NA,713943,Centros de acondicionamiento físico del sector privado,0 a 5 personas,CALLE,CAMINO REAL AL ZACATON,CALLE,CAOBA,CALLE,SAUCO,CALLE,CIPRES,NA,DOMICILIO CONOCIDO,NA,NA,NA,NA,COLONIA,ZACATON,NA,NA,NA,14734,09,Ciudad de México,012,Tlalpan,0001,Tlalpan,2206,005,NA,NA,NA,Fijo,19.26830865,-99.24256133,2014-12
8184098,09005713943003681000000000U3,ZUMBA SIN NOMBRE,NA,713943,Centros de acondicionamiento físico del sector privado,0 a 5 personas,AVENIDA,JUVENTINO ROSAS VENUSTIANO CARRANZA,CALLE,ESCUELA SECUNDARIA 160,CALLE,FRANCISCO VILLA,AVENIDA,JUVENTINO ROSAS (VENUSTIANO CARRANZA),NA,SN,NA,NA,NA,NA,COLONIA,VALLE DE MADERO,NA,NA,NA,07190,09,Ciudad de México,005,Gustavo A. Madero,0001,Gustavo A. Madero,3089,013,NA,NA,NA,Fijo,19.5520507,-99.13668525,2019-11
7192780,09007713943004661000000000U0,ZUMBA SIN NOMBRE,MIRIAM DELGADO,713943,Centros de acondicionamiento físico del sector privado,0 a 5 personas,CALLE,ZARAGOZA,CALLE,BILBAO,CALLE,SABADEL,CALLE,ZAMORA,19,NA,NA,NA,NA,NA,COLONIA,BENITO JUÁREZ,NA,NA,NA,09850,09,Ciudad de México,007,Iztapalapa,0001,Iztapalapa,5215,014,NA,NA,NA,Fijo,19.32899292,-99.08007614,2019-11
8436427,09007713943005011000000000U7,ZUMBA SON YAZ,NA,713943,Centros de acondicionamiento físico del sector privado,0 a 5 personas,CALLE,VILLA GENERAL MITRE,CALLE,VILLA FRIA,CALLE,VILLA FRECHOS,CALLE,VILLA GENERAL BELGRANO,NA,SN,NA,NA,NA,NA,COLONIA,DESARROLLO URBANO QUETZALCOATL,NA,NA,NA,09700,09,Ciudad de México,007,Iztapalapa,0001,Iztapalapa,3401,017,NA,NA,NA,Fijo,19.32386026,-99.0400372,2019-11
1056972,09012713943001581001000000U3,ZUMBA THE IDR,NA,713943,Centros de acondicionamiento físico del sector privado,6 a 10 personas,AVENIDA,JOSE MARIA MORELOS,CALLE,IGNACIO ALLENDE,CALLE,16 DE SEPTIEMBRE,CALLE,IGNACIO ALLENDE,25,NA,NA,NA,NA,NA,PUEBLO,SAN MIGUEL TOPILEJO,NA,NA,NA,14500,09,Ciudad de México,012,Tlalpan,0027,San Miguel Topilejo,2032,010,5559662254,NA,NA,Fijo,19.20167233,-99.1411257,2010-07
8671821,09007713943005761000000000U7,ZUMBA TONIC DANCE,NA,713943,Centros de acondicionamiento físico del sector privado,0 a 5 personas,CALLE,RIO RHIN,CALLE,RIO NILO,CALLE,RIO MAYO,CALLE,RIO LERMA (RIO LENA),13,NA,NA,NA,NA,NA,COLONIA,VALLE DE SAN LORENZO,NA,NA,NA,09970,09,Ciudad de México,007,Iztapalapa,0001,Iztapalapa,351A,005,5531888011,NA,NA,Fijo,19.29740303,-99.07564355,2019-11
11807111,09013713943002321000000000U1,ZUMBA Y BAILE FITNESS,NA,713943,Centros de acondicionamiento físico del sector privado,0 a 5 personas,CALLE,TIERRA Y LIBERTAD,CALLE,EMILIANO ZAPATA,CALLE,RICARDO FLORES MAGON,CALLE,MAJUELOS,3,B,NA,NA,NA,NA,COLONIA,SAN LORENZO LA CEBADA,NA,NA,NA,16035,09,Ciudad de México,013,Xochimilco,0001,Xochimilco,1065,011,NA,MARASOL_186@HOMAIL.COM,NA,Fijo,19.27800165,-99.12438685,2025-04
736101,09007713943003831000000000U0,ZUMBA Y FITNES PATY,NA,713943,Centros de acondicionamiento físico del sector privado,0 a 5 personas,CALLE,VILLA FRATI,CALLE,VILLA CORZO,CALLE,VILLA MAYO (JUSTO SIERRA),CERRADA,CERRADA VILLA B,25,NA,NA,NA,NA,NA,COLONIA,DESARROLLO URBANO QUETZALCOATL,NA,NA,NA,09709,09,Ciudad de México,007,Iztapalapa,0001,Iztapalapa,3204,001,NA,NA,NA,Fijo,19.32935146,-99.03804959,2014-12
9093222,09007461213006551010000000U3,ZUMBA Y KARATE,NA,713943,Centros de acondicionamiento físico del sector privado,0 a 5 personas,CALLE,PUERTO MARQUES,CALLE,PUERTO MARQUES,CALLE,PUERTO MARQUES,CALLE,PLAYA ENCANTADA,NA,SN,NA,NA,NA,NA,COLONIA,LA POLVORILLA,NA,NA,NA,09750,09,Ciudad de México,007,Iztapalapa,0001,Iztapalapa,4749,026,5542473867,NA,NA,Fijo,19.3219996,-99.04785827,2019-11
944745,09011713943001181002000000U4,ZUMBA Y PILATES,GRACIELA MARTINEZ,713943,Centros de acondicionamiento físico del sector privado,0 a 5 personas,CALLE,AQUILES SERDAN,CALLE,AVENIDA HIDALGO,CALLE,CALLEJON IGNACIO ALLENDE,CALLE,IGNACIO ALLENDE,11,NA,NA,NA,NA,NA,COLONIA,SAN MATEO,NA,NA,NA,13040,09,Ciudad de México,011,Tláhuac,0001,Tláhuac,0452,004,5619588455,NA,NA,Fijo,19.26975084,-99.00176541,2014-12
7903548,09007713943004501000000000U8,ZUMBA Y TAEBO NANCY,NA,713943,Centros de acondicionamiento físico del sector privado,0 a 5 personas,CALLE,LA ESTRELLA,CALLE,LERDO DE TEJADA,CALLE,ZARAGOZA,CALLE,CUAUHTEMOC,NA,SN,NA,NA,NA,NA,BARRIO,SAN PABLO,NA,NA,NA,09000,09,Ciudad de México,007,Iztapalapa,0001,Iztapalapa,0981,004,NA,NA,NA,Fijo,19.36001952,-99.08954318,2019-11
930392,09008713943000351000000000U0,ZUMBA ZONA CENTER,NA,713943,Centros de acondicionamiento físico del sector privado,0 a 5 personas,CERRADA,PRIMERA EMILIANO ZAPATA,CALLE,EMILIANO ZAPATA,PRIVADA,PRIMERA,CERRADA,SEGUNDA EMILIANO ZAPATA,3,NA,NA,NA,NA,NA,COLONIA,SAN BERNABÉ OCOTEPEC,NA,NA,NA,10300,09,Ciudad de México,008,La Magdalena Contreras,0001,La Magdalena Contreras,0546,029,5529119729,NA,NA,Fijo,19.31456738,-99.257334,2014-12
7595300,09012713943002321000000000U3,ZUMBALE,NA,713943,Centros de acondicionamiento físico del sector privado,0 a 5 personas,CALLE,LIRIOS,CALLE,CALLE DEL PANTEON,CALLE,CALLE LAURELES,CALLE,BUGAMBILIAS,6,NA,NA,NA,NA,NA,PUEBLO,PARRES EL GUARDA,NA,NA,NA,14900,09,Ciudad de México,012,Tlalpan,0019,Parres (El Guarda),2460,011,NA,NA,NA,Fijo,19.13182433,-99.17963456,2019-11
11605878,09005713943004403000000000U1,ZWEMMEN,SPORTS AND WELLNESS,713943,Centros de acondicionamiento físico del sector privado,11 a 30 personas,AVENIDA,CONSTITUCION DE LA REPUBLICA,CALLE,LEON,CALLE,VOLCAN TRONADOR,AVENIDA,VOLCAN IZTACCIHUATL,221,NA,NA,18,12,SA,COLONIA,LA PRADERA,CENTRO Y PLAZA COMERCIAL,PUERTA ARAGON,SA 12,07500,09,Ciudad de México,005,Gustavo A. Madero,0001,Gustavo A. Madero,1716,006,NA,NA,NA,Fijo,19.48014404,-99.06501588,2024-11
